# Blender 5.2.0 LTS
# www.blender.org
mtllib horses.mtl
o horses
v -2.022779 1.592642 2.776235
v -1.822379 1.592642 2.575834
v -2.013190 1.754844 2.758568
v -1.840045 1.754844 2.585423
v -2.151840 2.091936 2.619917
v -1.978696 2.091936 2.446773
v -2.438449 1.945336 2.376810
v -2.221803 1.945336 2.160164
v -2.631728 1.980863 2.183531
v -2.415082 1.980863 1.966885
v -2.898431 1.989251 1.916828
v -2.681785 1.989251 1.700183
v -2.942245 1.828534 1.873014
v -2.490054 1.572207 1.891914
v -2.438449 1.517508 2.376811
v -2.221803 1.517507 2.160165
v -2.447044 1.743108 1.847701
v -2.186828 1.692661 2.107917
v -2.750913 1.743108 2.151570
v -2.490697 1.692661 2.411785
v -2.316391 1.987473 2.498868
v -2.099746 1.987473 2.282222
v -1.990781 1.665170 2.303963
v -2.011420 1.504796 2.370548
v -2.228066 1.504796 2.587194
v -2.294650 1.665170 2.607833
v -2.786007 2.025659 2.029252
v -2.569361 2.025659 1.812606
v -2.590674 1.782217 1.704070
v -2.894543 1.782217 2.007939
v -1.937133 1.909847 2.847416
v -1.751197 1.909847 2.661480
v -1.866296 2.139929 2.546382
v -2.052231 2.139929 2.732318
v -1.914563 1.952785 2.900696
v -1.697917 1.952785 2.684050
v -1.727331 2.196927 2.654636
v -1.943977 2.196927 2.871283
v -1.839473 1.937358 2.942337
v -1.656276 1.937358 2.759140
v -1.590626 2.193616 2.791341
v -1.807272 2.193616 3.007987
v -1.819681 1.905308 2.949195
v -1.649418 1.905308 2.778932
v -1.531320 2.140324 2.881862
v -1.716751 2.140324 3.067293
v -1.781917 1.848719 2.968719
v -1.629894 1.848719 2.816696
v -1.542336 1.910616 2.911458
v -1.687155 1.910616 3.056278
v -1.774835 1.808911 2.961638
v -1.636975 1.808911 2.823778
v -1.557315 1.797397 2.915361
v -1.683252 1.797397 3.041297
v -1.743918 1.759014 2.959082
v -1.639531 1.759014 2.854696
v -1.583956 1.749418 2.894255
v -1.704358 1.749418 3.014657
v -1.899528 1.538935 2.699085
v -2.111783 1.411161 2.486830
v -2.303678 1.441778 2.229948
v -2.337335 1.427206 2.261278
v -2.368665 1.441778 2.294936
v -2.624995 1.496562 1.973618
v -2.653146 1.508905 2.010455
v -2.714930 1.572382 1.818696
v -2.753235 1.562229 1.845379
v -2.779917 1.572382 1.883684
v -2.810188 1.597492 1.723438
v -2.849535 1.588293 1.749078
v -2.875175 1.597492 1.788425
v -2.837956 1.823462 1.695670
v -2.877864 1.822433 1.720749
v -2.902943 1.823462 1.760657
v -2.791490 2.020689 1.742136
v -2.830787 2.027002 1.767826
v -2.856478 2.020689 1.807123
v -2.672264 2.065368 1.861362
v -2.710218 2.073377 1.888394
v -2.737252 2.065368 1.926349
v -2.508651 2.010396 2.024974
v -2.544829 2.016530 2.053784
v -2.573639 2.010396 2.089962
v -2.303678 1.966798 2.229948
v -2.337452 1.971344 2.261161
v -2.368665 1.966798 2.294935
v -2.174236 2.018508 2.359390
v -2.206448 2.025023 2.392165
v -2.239223 2.018508 2.424377
v -1.664169 2.271481 2.869456
v -1.690990 2.285991 2.907623
v -1.729157 2.271481 2.934444
v -1.569238 2.206083 2.964388
v -1.594947 2.218525 3.003666
v -1.634225 2.206083 3.029376
v -1.564591 1.924191 2.983286
v -1.582566 1.926939 3.016047
v -1.615327 1.924191 3.034022
v -1.571609 1.785251 2.976268
v -1.589652 1.782788 3.008961
v -1.622345 1.785251 3.027004
v -1.737971 1.848233 2.925629
v -1.705109 1.848132 2.893504
v -1.672984 1.848233 2.860642
v -1.709282 1.917677 2.824344
v -1.741825 1.920235 2.856788
v -1.774269 1.917677 2.889331
v -1.726167 1.957008 2.807458
v -1.758923 1.961063 2.839689
v -1.791155 1.957008 2.872446
v -1.748095 1.975940 2.785531
v -1.775297 1.980715 2.823316
v -1.813082 1.975940 2.850518
v -1.788315 1.923247 2.745311
v -1.815935 1.926043 2.782678
v -1.853302 1.923247 2.810298
v -1.875756 1.733032 2.657870
v -1.904408 1.728470 2.694205
v -1.940743 1.733032 2.722857
v -1.737971 1.799381 2.925629
v -1.705120 1.797416 2.893493
v -1.672984 1.799381 2.860642
v -1.712875 1.738148 2.936474
v -1.685394 1.733885 2.913219
v -1.662139 1.738148 2.885738
v -1.652597 1.726373 2.996752
v -1.620272 1.721713 2.978341
v -1.601861 1.726373 2.946016
v -1.914189 1.501241 2.380555
v -1.813381 1.552515 2.528498
v -2.218059 1.501241 2.684424
v -2.070115 1.552515 2.785232
v -2.051473 1.441179 2.482152
v -2.099020 1.417301 2.473024
v -2.100764 1.427592 2.432862
v -2.061543 1.447808 2.430360
v -1.967444 1.378427 2.521984
v -1.969321 1.380289 2.467136
v -1.856668 1.551671 2.636123
v -1.872060 1.561266 2.661566
v -1.891323 1.543897 2.679508
v -1.899732 1.519412 2.633894
v -1.856464 1.435322 2.591846
v -1.899475 1.413241 2.589952
v -2.167831 1.447405 2.536716
v -2.165457 1.427571 2.498144
v -2.125880 1.417431 2.499862
v -2.117579 1.440602 2.546022
v -2.126073 1.362033 2.635199
v -2.080925 1.360048 2.631888
v -1.966258 1.518619 2.697342
v -1.917875 1.543502 2.706310
v -1.937081 1.562850 2.726520
v -1.965089 1.553437 2.743423
v -2.012999 1.365017 2.689632
v -2.010941 1.369411 2.733613
v -1.761446 1.267924 2.730819
v -1.754932 1.241852 2.695805
v -1.703002 1.321431 2.732129
v -1.739219 1.299252 2.743187
v -1.939419 1.398963 2.434038
v -1.949725 1.438720 2.401584
v -1.918924 1.448872 2.400391
v -1.896935 1.420848 2.440835
v -1.722008 1.243619 2.665202
v -1.685893 1.266837 2.655413
v -1.838886 1.446542 2.498883
v -1.817337 1.542572 2.558098
v -1.828933 1.449503 2.555258
v -1.665894 1.295284 2.667415
v -1.671783 1.321495 2.701997
v -1.881391 1.074797 2.569384
v -1.884770 1.050646 2.605797
v -1.918163 1.004123 2.570042
v -1.900928 1.029456 2.532856
v -1.869450 1.034177 2.614171
v -1.834251 1.011416 2.601515
v -1.885021 0.968799 2.551512
v -1.916564 0.993679 2.569061
v -1.811582 1.052730 2.528733
v -1.848868 1.073586 2.538284
v -1.878654 1.028660 2.510996
v -1.852598 1.013577 2.484128
v -1.803642 1.010914 2.570874
v -1.797580 1.038220 2.537182
v -1.844683 1.000270 2.492854
v -1.854915 0.968443 2.521201
v -1.951263 1.016074 2.543261
v -1.920002 1.046623 2.531088
v -1.949521 0.919068 2.479904
v -1.965693 0.949118 2.515627
v -1.889375 1.044313 2.498878
v -1.875673 1.016615 2.467297
v -1.890500 0.953442 2.441490
v -1.925204 0.918819 2.454708
v -1.950471 1.071037 2.502490
v -1.981041 1.042139 2.515033
v -1.992316 0.908996 2.441899
v -2.004926 0.941135 2.475464
v -1.906046 1.040015 2.437906
v -1.919031 1.068005 2.468974
v -1.962060 0.908601 2.410247
v -1.930268 0.944345 2.400590
v -1.751104 1.236577 2.699096
v -1.748553 1.242977 2.745158
v -1.749805 1.216001 2.742573
v -1.751352 1.222558 2.697344
v -1.697989 1.254579 2.783324
v -1.652350 1.259788 2.780392
v -1.650797 1.224248 2.780517
v -1.698005 1.224134 2.783421
v -1.672626 1.242604 2.669603
v -1.718621 1.236984 2.670137
v -1.720467 1.222561 2.669707
v -1.672312 1.222767 2.669703
v -1.623382 1.259403 2.752304
v -1.625728 1.252966 2.706239
v -1.625224 1.229540 2.707859
v -1.623166 1.223790 2.753600
v -2.150787 1.372074 2.713974
v -2.190482 1.418734 2.690360
v -2.189595 1.408671 2.663854
v -2.155281 1.367519 2.670478
v -2.096708 1.106474 2.764776
v -2.101315 1.100805 2.721300
v -2.071246 1.095412 2.687982
v -2.026476 1.094881 2.683715
v -2.009628 1.097011 2.696198
v -2.006401 1.103040 2.739505
v -2.043516 1.373077 2.766131
v -2.044007 1.482316 2.781779
v -2.067980 1.484349 2.785969
v -2.087241 1.374560 2.767907
v -2.038848 1.106694 2.771921
v -2.082951 1.107404 2.774939
v -2.060671 0.974604 2.798679
v -2.065163 0.966029 2.755877
v -2.034616 0.965246 2.722717
v -1.994114 0.964851 2.714708
v -1.983598 0.962500 2.724023
v -1.982911 0.966381 2.764184
v -2.015112 0.966905 2.796361
v -2.057828 0.958609 2.801304
v -2.053562 0.906116 2.806604
v -2.058510 0.897765 2.762624
v -2.028842 0.896995 2.729645
v -1.984350 0.901362 2.725245
v -1.968820 0.897194 2.737593
v -1.964309 0.898135 2.785137
v -1.993881 0.898616 2.814680
v -2.040742 0.898727 2.817406
v -2.022428 0.853544 2.837826
v -2.027420 0.852624 2.790704
v -1.999775 0.851911 2.760314
v -1.953802 0.851870 2.755731
v -1.946664 0.852010 2.760886
v -1.942680 0.853061 2.810499
v -1.969643 0.853500 2.837438
v -2.017412 0.853597 2.841436
v -2.029636 0.789230 2.834682
v -2.033744 0.789230 2.790391
v -2.004679 0.789230 2.755920
v -1.959935 0.789230 2.752563
v -1.905074 0.789230 2.798398
v -1.902900 0.789230 2.847203
v -1.930810 0.789230 2.875068
v -1.978648 0.789230 2.877205
v -2.038672 0.752660 2.826548
v -2.043951 0.752660 2.781603
v -1.969849 0.752660 2.743408
v -2.015127 0.752660 2.745539
v -1.880553 0.752660 2.864089
v -1.888219 0.752660 2.814591
v -1.962170 0.752660 2.893168
v -1.913156 0.752660 2.896625
v -2.587151 1.679420 1.672471
v -2.584717 1.544000 1.713662
v -2.460278 1.645960 1.799344
v -2.819518 1.714708 1.678985
v -2.710845 1.499895 1.787659
v -2.940063 1.561506 1.910319
v -2.926142 1.679420 2.011462
v -2.963192 1.719047 1.887190
v -2.799269 1.645960 2.138335
v -2.919627 1.714708 1.779095
v -2.714380 1.366800 1.784123
v -2.621915 1.369168 1.724930
v -2.607669 0.854279 1.871164
v -2.546010 0.858381 1.821291
v -2.583072 0.815634 1.916265
v -2.502976 0.818373 1.844037
v -2.577250 0.781495 1.922087
v -2.493857 0.782698 1.853156
v -2.564326 0.737518 1.935012
v -2.478258 0.737212 1.868755
v -2.558064 0.691022 1.941273
v -2.470015 0.691022 1.876998
v -2.738560 1.827949 1.660901
v -2.722377 1.840355 1.659590
v -2.712546 1.824054 1.660983
v -2.698490 1.714923 1.639278
v -2.724506 1.718522 1.640694
v -2.700854 1.556782 1.663843
v -2.675652 1.559369 1.665277
v -2.574094 1.517980 1.937790
v -2.577575 1.506407 1.956051
v -2.599810 1.505001 1.954371
v -2.600291 1.514980 1.933335
v -2.583640 1.452472 1.889419
v -2.611480 1.451705 1.887024
v -2.775840 1.516489 1.722663
v -2.802740 1.560194 1.713675
v -2.800093 1.561601 1.698411
v -2.773523 1.529452 1.694467
v -2.746531 1.373176 1.751972
v -2.746160 1.372477 1.726299
v -2.692761 1.374449 1.678702
v -2.667242 1.373684 1.679603
v -2.629866 1.357604 1.844995
v -2.653859 1.365911 1.844644
v -2.491216 1.504813 1.807162
v -2.476518 1.519969 1.816500
v -2.481303 1.514193 1.833741
v -2.495854 1.492178 1.830485
v -2.569142 1.362351 1.777703
v -2.571635 1.359902 1.803383
v -2.622252 0.851591 1.857373
v -2.622508 0.837920 1.839002
v -2.585798 0.837724 1.801730
v -2.567475 0.850828 1.801071
v -2.560672 0.880129 1.898039
v -2.580485 0.870105 1.896666
v -2.522158 0.872037 1.843671
v -2.520916 0.881697 1.863581
v -2.586100 0.804713 1.887917
v -2.536871 0.804586 1.838321
v -2.508764 0.814604 1.838996
v -2.544608 0.832820 1.927174
v -2.567447 0.822151 1.929947
v -2.489927 0.822923 1.855514
v -2.492255 0.834004 1.878224
v -2.593599 0.774239 1.907014
v -2.594315 0.776696 1.881486
v -2.544139 0.776638 1.830619
v -2.518624 0.774051 1.830289
v -2.518081 0.789049 1.953681
v -2.540801 0.778092 1.956089
v -2.460786 0.777508 1.884083
v -2.464260 0.789570 1.906120
v -2.591616 0.739073 1.909163
v -2.592114 0.738738 1.883803
v -2.542057 0.738753 1.832799
v -2.516697 0.738991 1.832353
v -2.488417 0.735598 1.983430
v -2.511853 0.726002 1.984776
v -2.430225 0.724420 1.914350
v -2.433403 0.735465 1.936999
v -2.593797 0.691022 1.882211
v -2.593350 0.691022 1.907561
v -2.518479 0.691022 1.830695
v -2.543831 0.691022 1.831110
v -2.469845 0.691022 2.002225
v -2.497248 0.691022 1.999376
v -2.413988 0.691022 1.956664
v -2.415479 0.691022 1.929102
v -2.485036 0.691022 1.887963
v -2.543658 0.691022 1.930757
v -2.762804 1.192037 1.717948
v -2.762446 1.181683 1.717533
v -2.759642 1.171824 1.720066
v -2.764635 1.169320 1.696947
v -2.767104 1.178347 1.694623
v -2.767226 1.187988 1.694915
v -2.729740 1.188042 1.657044
v -2.730233 1.178393 1.657157
v -2.727972 1.169338 1.659628
v -2.705047 1.171802 1.663592
v -2.707426 1.181379 1.660913
v -2.706807 1.191427 1.660669
v -2.690023 1.175781 1.769543
v -2.691227 1.166193 1.767740
v -2.688967 1.156840 1.769781
v -2.712656 1.155334 1.764587
v -2.715198 1.165061 1.762314
v -2.714253 1.174580 1.763988
v -2.654299 1.173982 1.710745
v -2.656119 1.164505 1.709579
v -2.653872 1.154734 1.712066
v -2.648726 1.156295 1.735826
v -2.650781 1.165667 1.733645
v -2.648981 1.175233 1.735098
v -2.746971 1.182508 1.732787
v -2.748517 1.173364 1.730655
v -2.750397 1.164208 1.728871
v -2.687145 1.162982 1.680538
v -2.685267 1.172197 1.681751
v -2.683390 1.181411 1.682964
v -2.700404 1.564765 2.097026
v -2.697732 1.570379 2.117527
v -2.710824 1.588151 2.112572
v -2.878577 1.378064 1.971288
v -2.895151 1.394662 1.982669
v -2.914005 1.502326 1.834867
v -2.888673 1.491897 1.832871
v -2.897105 1.584267 1.801618
v -2.885727 1.578630 1.796474
v -2.903474 1.561808 1.823495
v -3.083287 1.139952 1.751585
v -3.078432 1.134285 1.773211
v -3.119679 1.050629 1.755430
v -3.114284 1.072440 1.736092
v -3.031588 1.142375 1.715329
v -3.053031 1.145084 1.712430
v -3.065425 1.078365 1.684401
v -3.045867 1.053983 1.677584
v -2.999798 1.084424 1.764363
v -3.003851 1.093110 1.743066
v -3.043636 1.022846 1.679815
v -3.048050 1.008321 1.700510
v -3.053496 1.089909 1.798147
v -3.032312 1.081932 1.801196
v -3.097566 1.005447 1.751400
v -3.118791 1.019010 1.756318
v -3.155164 1.063773 1.719945
v -3.140979 1.082960 1.710557
v -3.090153 1.094119 1.660727
v -3.081430 1.078759 1.642020
v -3.089608 0.978073 1.633842
v -3.094748 0.962483 1.653569
v -3.145232 0.957070 1.703570
v -3.166550 0.970391 1.708559
v -3.175581 1.067896 1.699528
v -3.159575 1.087169 1.692288
v -3.108586 1.100750 1.642511
v -3.101330 1.086675 1.622120
v -3.106476 0.959219 1.616974
v -3.114187 0.940757 1.633828
v -3.164723 0.934177 1.683776
v -3.183617 0.950687 1.691493
v -3.189358 1.080725 1.685752
v -3.175361 1.102006 1.676770
v -3.111439 1.098452 1.612011
v -3.123156 1.117305 1.628170
v -3.142581 0.937203 1.605154
v -3.128158 0.956562 1.595293
v -3.205065 0.947408 1.670044
v -3.193695 0.929794 1.654523
v -3.023642 1.399536 1.851468
v -3.009011 1.381693 1.839907
v -3.041592 1.390235 1.833517
v -3.019588 1.376055 1.829184
v -3.024593 1.361626 1.824183
v -3.050035 1.365954 1.825074
v -3.080635 1.424111 1.794474
v -3.079868 1.436488 1.771217
v -3.082299 1.417251 1.792810
v -3.083588 1.421933 1.767396
v -3.070770 1.445213 1.780249
v -3.076307 1.428021 1.798802
v -3.034865 1.441807 1.715734
v -3.011221 1.431127 1.712229
v -3.038452 1.427238 1.712002
v -3.012855 1.425075 1.710595
v -3.007565 1.435026 1.715885
v -3.025927 1.450804 1.724584
v -2.969152 1.393198 1.754298
v -2.971904 1.378658 1.776431
v -2.977310 1.369547 1.746140
v -2.976860 1.364225 1.771483
v -2.961375 1.384425 1.787090
v -2.951838 1.402916 1.771612
v -2.958961 1.476060 1.916149
v -2.961598 1.520083 1.923529
v -2.955406 1.522562 1.908380
v -2.958325 1.492003 1.893465
v -2.831809 1.401838 1.891642
v -2.810503 1.391060 1.909666
v -2.831163 1.383019 1.917021
v -2.880316 1.975833 1.718296
v -2.863346 1.955760 1.680292
v -2.877393 2.023406 1.721220
v -2.860768 1.997474 1.682870
v -2.918322 1.955760 1.735267
v -2.915744 1.997474 1.737845
v -2.913193 1.919945 1.685421
v -2.892340 1.906675 1.651298
v -2.968359 2.033941 1.630255
v -2.940681 2.006668 1.602958
v -2.947316 1.906675 1.706273
v -2.995656 2.006667 1.657933
v -2.930859 1.890216 1.667754
v -2.909099 1.880264 1.634539
v -3.007980 1.902637 1.590633
v -2.976720 1.891201 1.566918
v -2.964074 1.880264 1.689514
v -3.031696 1.891200 1.621893
v -2.956333 1.733424 1.642280
v -2.931969 1.739166 1.611669
v -3.012109 1.742407 1.586504
v -2.980875 1.747076 1.562763
v -2.986945 1.739166 1.666644
v -3.035851 1.747075 1.617738
v -2.953470 1.689448 1.645143
v -2.930039 1.700305 1.613599
v -3.048659 1.629326 1.549954
v -3.013526 1.647641 1.530112
v -2.985014 1.700305 1.668574
v -3.068500 1.647640 1.585088
v -2.960629 1.610168 1.637984
v -2.936748 1.629869 1.606890
v -3.099162 1.522670 1.499452
v -3.058249 1.553226 1.485389
v -2.991724 1.629869 1.661865
v -3.113224 1.553224 1.540365
v -1.488796 2.256428 2.954248
v -1.464781 2.211156 2.867874
v -1.480822 2.204711 2.979814
v -1.455033 2.151016 2.906255
v -1.644365 2.256428 3.109817
v -1.618799 2.204711 3.117791
v -1.730739 2.211156 3.133831
v -1.692357 2.151016 3.143580
v -1.434250 2.215912 2.998207
v -1.431132 2.195905 2.914077
v -1.419270 2.193057 3.018980
v -1.410985 2.169328 2.945873
v -1.600407 2.215912 3.164363
v -1.579633 2.193057 3.179343
v -1.684536 2.195905 3.167481
v -1.652740 2.169328 3.187628
v -2.035042 2.175561 2.492814
v -2.186482 2.047368 2.341374
v -1.966797 2.091868 2.404611
v -2.094238 1.987405 2.246451
v -1.922623 2.234457 2.605232
v -1.856276 2.139861 2.506099
v -1.791535 2.304404 2.736321
v -1.721823 2.196859 2.618866
v -1.676416 2.300341 2.851440
v -1.585119 2.193548 2.755570
v -2.194002 2.091868 2.631816
v -2.105799 2.175561 2.563571
v -2.257239 2.047368 2.412131
v -2.352162 1.987405 2.504375
v -1.993380 2.234457 2.675990
v -2.092514 2.139861 2.742337
v -1.862292 2.304404 2.807078
v -1.979747 2.196859 2.876790
v -1.747173 2.300341 2.922198
v -1.843043 2.193548 3.013494
v -2.221579 2.053883 2.377033
v -2.068413 2.186576 2.530200
v -1.954798 2.247292 2.643815
v -1.822425 2.319184 2.776188
v -1.706121 2.314852 2.892491
v -2.856838 1.964300 1.741775
v -2.859197 1.975662 1.739416
v -2.867217 1.979240 1.731397
v -2.822893 1.959621 1.710733
v -2.826957 1.971174 1.708005
v -2.837105 1.972167 1.700423
v -2.839033 2.021913 1.759581
v -2.846198 2.019059 1.752415
v -2.853702 2.019020 1.744911
v -2.804436 2.018275 1.729189
v -2.812544 2.016307 1.721526
v -2.820954 2.013373 1.714443
v -2.887881 1.959621 1.775720
v -2.890608 1.971174 1.771656
v -2.898190 1.972167 1.761508
v -2.869425 2.018275 1.794176
v -2.877088 2.016307 1.786068
v -2.884170 2.013373 1.777658
v 0.532773 1.415836 3.393415
v 0.532773 1.415836 3.110006
v 0.527062 1.578038 3.374143
v 0.527062 1.578038 3.129278
v 0.330980 1.915130 3.374142
v 0.330980 1.915130 3.129278
v -0.043586 1.768530 3.404902
v -0.043586 1.768530 3.098519
v -0.316924 1.804058 3.404902
v -0.316924 1.804058 3.098519
v -0.694098 1.812445 3.404902
v -0.694098 1.812445 3.098519
v -0.756062 1.651729 3.404902
v -0.422949 1.395401 3.098519
v -0.043585 1.340701 3.404902
v -0.043585 1.340701 3.098519
v -0.423800 1.566302 3.036843
v -0.055799 1.515855 3.036843
v -0.423800 1.566302 3.466578
v -0.055799 1.515855 3.466578
v 0.129030 1.810667 3.404902
v 0.129030 1.810667 3.098519
v 0.221453 1.488364 3.036843
v 0.253941 1.327990 3.098519
v 0.253941 1.327990 3.404902
v 0.221453 1.488364 3.466578
v -0.535107 1.848853 3.404902
v -0.535107 1.848853 3.098519
v -0.626924 1.605411 3.036842
v -0.626924 1.605411 3.466578
v 0.643667 1.733041 3.383187
v 0.643667 1.733041 3.120234
v 0.480893 1.963123 3.120234
v 0.480893 1.963123 3.383187
v 0.697302 1.775979 3.404902
v 0.697302 1.775979 3.098519
v 0.655704 2.020121 3.098519
v 0.655704 2.020121 3.404902
v 0.779842 1.760553 3.381250
v 0.779842 1.760553 3.122170
v 0.849033 2.016810 3.098519
v 0.849033 2.016810 3.404902
v 0.798687 1.728502 3.372104
v 0.798687 1.728502 3.131316
v 0.954977 1.963519 3.120591
v 0.954977 1.963519 3.382830
v 0.839196 1.671913 3.359207
v 0.839196 1.671913 3.144214
v 0.968115 1.733810 3.149307
v 0.968115 1.733810 3.354113
v 0.839196 1.632105 3.349192
v 0.839196 1.632105 3.154228
v 0.960283 1.620591 3.162660
v 0.960283 1.620591 3.340761
v 0.859251 1.582208 3.325523
v 0.859251 1.582208 3.177898
v 0.926522 1.572612 3.166574
v 0.926522 1.572612 3.336848
v 0.565371 1.362129 3.251710
v 0.265198 1.234355 3.251710
v -0.052135 1.264973 3.205758
v -0.053780 1.250400 3.251710
v -0.052135 1.264973 3.297663
v -0.460594 1.319757 3.251710
v -0.454452 1.332099 3.297663
v -0.633733 1.395576 3.205758
v -0.641952 1.385423 3.251710
v -0.633733 1.395576 3.297663
v -0.768449 1.420686 3.205758
v -0.778141 1.411487 3.251710
v -0.768449 1.420686 3.297663
v -0.807719 1.646656 3.205757
v -0.818205 1.645627 3.251710
v -0.807719 1.646656 3.297663
v -0.742006 1.843883 3.205757
v -0.751627 1.850196 3.251710
v -0.742006 1.843883 3.297663
v -0.573395 1.888562 3.205757
v -0.581118 1.896571 3.251710
v -0.573395 1.888562 3.297663
v -0.342011 1.833590 3.205757
v -0.347222 1.839724 3.251710
v -0.342011 1.833590 3.297663
v -0.052135 1.789992 3.205757
v -0.053946 1.794538 3.251710
v -0.052135 1.789992 3.297663
v 0.130924 1.841702 3.205757
v 0.131322 1.848217 3.251710
v 0.130924 1.841702 3.297663
v 0.852266 2.094675 3.205757
v 0.860289 2.109185 3.251710
v 0.852266 2.094675 3.297663
v 0.986520 2.029277 3.205757
v 0.996114 2.041719 3.251710
v 0.986520 2.029277 3.297663
v 1.003169 1.747385 3.215835
v 1.013624 1.750133 3.251710
v 1.003169 1.747385 3.287586
v 0.993243 1.608445 3.215835
v 1.003602 1.605982 3.251710
v 0.993243 1.608445 3.287586
v 0.839801 1.671427 3.297663
v 0.840322 1.671326 3.251710
v 0.839801 1.671427 3.205757
v 0.788468 1.740871 3.205757
v 0.788398 1.743429 3.251710
v 0.788468 1.740871 3.297663
v 0.764588 1.780202 3.205757
v 0.764217 1.784257 3.251710
v 0.764588 1.780202 3.297663
v 0.733578 1.799134 3.205757
v 0.741060 1.803910 3.251710
v 0.733578 1.799134 3.297663
v 0.676698 1.746441 3.205757
v 0.683590 1.749237 3.251710
v 0.676698 1.746441 3.297663
v 0.553038 1.556226 3.205758
v 0.558471 1.551664 3.251710
v 0.553038 1.556226 3.297663
v 0.839801 1.622575 3.297663
v 0.840307 1.620611 3.251710
v 0.839801 1.622575 3.205757
v 0.865215 1.561342 3.287586
v 0.868203 1.557080 3.251710
v 0.865215 1.561342 3.215835
v 0.950461 1.549567 3.287586
v 0.960299 1.544907 3.251710
v 0.950461 1.549567 3.215835
v 0.329770 1.324435 3.036843
v 0.505664 1.375709 3.070173
v 0.329770 1.324435 3.466578
v 0.505664 1.375709 3.433249
v 0.304536 1.264373 3.205758
v 0.264460 1.240495 3.232923
v 0.234828 1.250786 3.205758
v 0.260792 1.271002 3.176255
v 0.392118 1.201621 3.174505
v 0.352008 1.203483 3.137049
v 0.551157 1.374865 3.176883
v 0.558265 1.384460 3.205758
v 0.557330 1.367091 3.232065
v 0.519130 1.342606 3.205758
v 0.519994 1.258516 3.145430
v 0.488241 1.236435 3.174505
v 0.260841 1.270599 3.326617
v 0.235244 1.250765 3.297663
v 0.264445 1.240625 3.270894
v 0.302955 1.263796 3.297663
v 0.360006 1.185227 3.366727
v 0.389589 1.183242 3.332462
v 0.516954 1.341813 3.297663
v 0.557508 1.366696 3.269792
v 0.558216 1.386044 3.297663
v 0.550365 1.376631 3.329421
v 0.478452 1.188211 3.325262
v 0.511006 1.192604 3.354906
v 0.685450 1.091118 3.176511
v 0.665297 1.065046 3.147146
v 0.727702 1.144625 3.136112
v 0.709912 1.122446 3.169539
v 0.349748 1.222157 3.092501
v 0.319512 1.261914 3.076840
v 0.340448 1.272066 3.054217
v 0.384595 1.244042 3.067266
v 0.666938 1.066813 3.102226
v 0.685554 1.090031 3.069767
v 0.466688 1.269736 3.067266
v 0.523796 1.365767 3.093900
v 0.513588 1.272697 3.100091
v 0.708182 1.118478 3.064112
v 0.728471 1.144689 3.092730
v 0.486485 0.897991 3.147173
v 0.509842 0.873840 3.175311
v 0.460948 0.827317 3.173640
v 0.446841 0.852651 3.135159
v 0.526597 0.857371 3.170399
v 0.542537 0.834610 3.136560
v 0.471279 0.791993 3.137102
v 0.461384 0.816873 3.171816
v 0.507102 0.875924 3.069067
v 0.487490 0.896780 3.102185
v 0.447133 0.851855 3.103951
v 0.446558 0.836771 3.066528
v 0.542514 0.834108 3.093250
v 0.522977 0.861414 3.065139
v 0.458326 0.823464 3.067101
v 0.471134 0.791637 3.094382
v 0.418605 0.839268 3.178108
v 0.432102 0.869817 3.147396
v 0.375037 0.742262 3.132077
v 0.388861 0.772313 3.168772
v 0.430983 0.867507 3.102964
v 0.418341 0.839809 3.070943
v 0.389608 0.776636 3.063179
v 0.374415 0.742013 3.097065
v 0.390336 0.894231 3.148719
v 0.377589 0.865333 3.179204
v 0.317903 0.732190 3.135463
v 0.332720 0.764329 3.168113
v 0.376081 0.863209 3.071637
v 0.388868 0.891199 3.102787
v 0.316915 0.731795 3.091688
v 0.332568 0.767539 3.062379
v 0.670331 1.059771 3.146766
v 0.704706 1.066172 3.177533
v 0.701992 1.039195 3.176590
v 0.668917 1.045752 3.145703
v 0.767447 1.077773 3.168768
v 0.797646 1.082982 3.134422
v 0.798832 1.047442 3.133412
v 0.767504 1.047328 3.168846
v 0.704969 1.065798 3.070420
v 0.672823 1.060178 3.103321
v 0.671213 1.045755 3.104321
v 0.705261 1.045961 3.070268
v 0.798267 1.082597 3.094077
v 0.764037 1.076160 3.063163
v 0.765538 1.052734 3.063952
v 0.799337 1.046984 3.094841
v 0.398233 1.195268 3.439905
v 0.353466 1.241928 3.451276
v 0.335352 1.231865 3.431906
v 0.364299 1.190713 3.412327
v 0.472395 0.929668 3.437589
v 0.438395 0.923999 3.410104
v 0.436098 0.918606 3.365283
v 0.464737 0.918075 3.330608
v 0.485477 0.920205 3.327521
v 0.518382 0.926234 3.355862
v 0.510966 1.196271 3.400934
v 0.521683 1.305510 3.412346
v 0.507695 1.307543 3.432261
v 0.481303 1.197754 3.433108
v 0.518360 0.929888 3.401727
v 0.489310 0.930598 3.435047
v 0.521850 0.797798 3.436079
v 0.488408 0.789223 3.408991
v 0.486561 0.788440 3.363942
v 0.509537 0.788046 3.329640
v 0.523559 0.785695 3.328791
v 0.552443 0.789575 3.356703
v 0.552426 0.790099 3.402225
v 0.525716 0.781803 3.435925
v 0.532481 0.729310 3.436657
v 0.497883 0.720959 3.409056
v 0.495542 0.720189 3.364758
v 0.523891 0.724556 3.330187
v 0.543604 0.720388 3.327937
v 0.580413 0.721329 3.358366
v 0.580393 0.721810 3.400166
v 0.549184 0.721921 3.435230
v 0.576573 0.676738 3.436718
v 0.539723 0.675818 3.406928
v 0.537782 0.675105 3.365891
v 0.567049 0.675064 3.330143
v 0.575741 0.675204 3.328740
v 0.613641 0.676255 3.361005
v 0.613624 0.676694 3.399119
v 0.582672 0.676791 3.435724
v 0.569253 0.612424 3.439592
v 0.535030 0.612424 3.411178
v 0.531207 0.612424 3.366251
v 0.560472 0.612424 3.332239
v 0.631675 0.612424 3.325856
v 0.667722 0.612424 3.358830
v 0.667691 0.612424 3.398269
v 0.635375 0.612424 3.433606
v 0.557112 0.575854 3.440230
v 0.521598 0.575854 3.412181
v 0.546988 0.575854 3.332776
v 0.516479 0.575854 3.366299
v 0.695465 0.575854 3.354969
v 0.655043 0.575854 3.325388
v 0.658315 0.575854 3.433243
v 0.695417 0.575854 3.401029
v -0.646777 1.502614 3.012008
v -0.615929 1.367194 3.039413
v -0.467351 1.469155 3.012008
v -0.806479 1.537902 3.180923
v -0.652792 1.323089 3.180923
v -0.728139 1.384700 3.429737
v -0.646777 1.502614 3.491414
v -0.760848 1.542241 3.429737
v -0.467351 1.469155 3.491414
v -0.806479 1.537902 3.322499
v -0.657792 1.189994 3.180923
v -0.634265 1.192362 3.073684
v -0.520788 0.677473 3.167013
v -0.512454 0.681575 3.088148
v -0.471505 0.638828 3.181512
v -0.465941 0.641567 3.073802
v -0.463270 0.604689 3.181512
v -0.453044 0.605892 3.073802
v -0.444993 0.560712 3.181512
v -0.430984 0.560406 3.073802
v -0.436137 0.514216 3.181512
v -0.419327 0.514216 3.073802
v -0.762020 1.651144 3.110889
v -0.751504 1.663550 3.098519
v -0.743568 1.647248 3.092551
v -0.748977 1.538118 3.067265
v -0.766371 1.541716 3.086663
v -0.733278 1.379977 3.086307
v -0.714443 1.382563 3.069501
v -0.449936 1.341174 3.190384
v -0.439484 1.329602 3.205758
v -0.456395 1.328195 3.220292
v -0.471610 1.338174 3.205758
v -0.490889 1.275666 3.162930
v -0.512268 1.274899 3.180923
v -0.744709 1.339683 3.180923
v -0.770086 1.383388 3.193588
v -0.779008 1.384796 3.180923
v -0.763008 1.352646 3.159346
v -0.703260 1.196370 3.180923
v -0.721151 1.195671 3.162506
v -0.717049 1.197643 3.091091
v -0.698367 1.196878 3.073683
v -0.554988 1.180798 3.164204
v -0.572202 1.189106 3.180923
v -0.483700 1.328007 3.039413
v -0.466703 1.343163 3.035622
v -0.457896 1.337387 3.051198
v -0.470487 1.315373 3.059183
v -0.559633 1.185545 3.073684
v -0.543237 1.183096 3.093606
v -0.540852 0.674786 3.167573
v -0.554022 0.661114 3.154764
v -0.554420 0.660918 3.102450
v -0.541930 0.674023 3.089029
v -0.468552 0.703323 3.152785
v -0.483534 0.693299 3.165824
v -0.479763 0.695231 3.087107
v -0.464806 0.704891 3.100308
v -0.493690 0.627908 3.163607
v -0.493950 0.627780 3.093728
v -0.473598 0.637798 3.074331
v -0.436592 0.656014 3.162028
v -0.450781 0.645345 3.180138
v -0.448598 0.646118 3.072691
v -0.434186 0.657198 3.090396
v -0.485489 0.597433 3.182414
v -0.504047 0.599890 3.164869
v -0.504535 0.599832 3.093421
v -0.486727 0.597246 3.075146
v -0.399092 0.612243 3.162013
v -0.413455 0.601286 3.179781
v -0.407791 0.600702 3.072286
v -0.394665 0.612764 3.090326
v -0.482568 0.562267 3.182532
v -0.500852 0.561932 3.164952
v -0.501521 0.561947 3.093490
v -0.483905 0.562185 3.075243
v -0.357080 0.558792 3.162073
v -0.372701 0.549196 3.179597
v -0.364779 0.547615 3.072078
v -0.351012 0.558659 3.090341
v -0.503167 0.514216 3.165016
v -0.484927 0.514216 3.182625
v -0.486337 0.514216 3.075331
v -0.503970 0.514216 3.093550
v -0.330658 0.514216 3.162230
v -0.352049 0.514216 3.179593
v -0.323378 0.514216 3.090518
v -0.343921 0.514216 3.072083
v -0.422195 0.514216 3.092177
v -0.433387 0.514216 3.163889
v -0.738826 1.015231 3.168370
v -0.738865 1.004877 3.167824
v -0.735092 0.995018 3.167632
v -0.754970 0.992514 3.154814
v -0.758359 1.001541 3.154917
v -0.758238 1.011182 3.155210
v -0.758511 1.011236 3.101924
v -0.758780 1.001587 3.102353
v -0.755434 0.992533 3.102502
v -0.736420 0.994996 3.089094
v -0.739997 1.004573 3.088882
v -0.739732 1.014621 3.088272
v -0.650877 0.998975 3.153389
v -0.653004 0.989387 3.152966
v -0.649963 0.980034 3.152810
v -0.670386 0.978528 3.165888
v -0.673791 0.988255 3.166079
v -0.671939 0.997774 3.166594
v -0.667194 0.997176 3.086552
v -0.669305 0.987699 3.087015
v -0.665958 0.977928 3.087185
v -0.645518 0.979489 3.100346
v -0.648513 0.988861 3.100257
v -0.646213 0.998427 3.100012
v -0.717137 1.005702 3.167667
v -0.719737 0.996558 3.167253
v -0.722328 0.987402 3.167321
v -0.711779 0.986176 3.088418
v -0.709594 0.995391 3.087949
v -0.707408 1.004605 3.087478
v -0.426653 1.387959 3.392295
v -0.410267 1.393573 3.404902
v -0.423029 1.411345 3.410656
v -0.641550 1.201258 3.429372
v -0.645223 1.217856 3.449140
v -0.763066 1.325520 3.357960
v -0.746565 1.315091 3.338636
v -0.774626 1.407461 3.322499
v -0.770218 1.401824 3.310816
v -0.763661 1.385002 3.342471
v -0.941656 0.963146 3.418771
v -0.922931 0.957479 3.430629
v -0.964670 0.873823 3.447223
v -0.974529 0.895634 3.429734
v -0.930736 0.965569 3.356577
v -0.947948 0.968279 3.369690
v -0.976532 0.901559 3.358634
v -0.967523 0.877177 3.339984
v -0.873585 0.907618 3.368771
v -0.891510 0.916304 3.356577
v -0.964367 0.846040 3.339984
v -0.952855 0.831515 3.357739
v -0.887666 0.913103 3.430629
v -0.870531 0.905127 3.417807
v -0.951884 0.828641 3.428737
v -0.963415 0.842205 3.447223
v -1.014853 0.886967 3.447223
v -1.011462 0.906155 3.430554
v -1.010757 0.917313 3.359380
v -1.017817 0.901953 3.339984
v -1.029382 0.801268 3.339984
v -1.019068 0.785677 3.357568
v -1.019410 0.780265 3.428621
v -1.030956 0.793585 3.447223
v -1.043728 0.891090 3.447223
v -1.037529 0.910363 3.430785
v -1.036671 0.923945 3.359533
v -1.045959 0.909869 3.339984
v -1.053237 0.782413 3.339984
v -1.046772 0.763951 3.357354
v -1.047188 0.757371 3.428407
v -1.055091 0.773881 3.447223
v -1.063210 0.903919 3.447223
v -1.059665 0.925200 3.430975
v -1.060257 0.921647 3.339984
v -1.057115 0.940499 3.359695
v -1.087125 0.760397 3.357156
v -1.083899 0.779756 3.339984
v -1.085425 0.770602 3.447223
v -1.088360 0.752988 3.428208
v -0.828852 1.222730 3.447223
v -0.826682 1.204887 3.428703
v -0.854238 1.213429 3.447223
v -0.841743 1.199249 3.428599
v -0.848818 1.184820 3.428602
v -0.866179 1.189148 3.447223
v -0.909454 1.247305 3.447223
v -0.925357 1.259682 3.430235
v -0.911806 1.240445 3.447223
v -0.930688 1.245127 3.430164
v -0.912536 1.268407 3.430189
v -0.903333 1.251215 3.447223
v -0.932768 1.265001 3.359181
v -0.918526 1.254321 3.339984
v -0.937942 1.250432 3.359079
v -0.920838 1.248269 3.339984
v -0.913357 1.258220 3.339984
v -0.920189 1.273998 3.359118
v -0.859032 1.216393 3.339984
v -0.845328 1.201852 3.357579
v -0.870569 1.192741 3.339984
v -0.852330 1.187419 3.357586
v -0.830345 1.207619 3.357671
v -0.834547 1.226111 3.339984
v -0.737380 1.299254 3.447223
v -0.734026 1.343277 3.454307
v -0.740360 1.345756 3.439216
v -0.752970 1.315197 3.430734
v -0.664799 1.225032 3.339984
v -0.636988 1.214254 3.337664
v -0.646396 1.206214 3.357473
v -0.821673 1.799027 3.251710
v -0.836546 1.778954 3.212837
v -0.817538 1.846600 3.251710
v -0.832900 1.820668 3.212837
v -0.836546 1.778954 3.290584
v -0.832901 1.820668 3.290584
v -0.868166 1.743139 3.251710
v -0.877550 1.729869 3.212837
v -0.946183 1.857135 3.251710
v -0.945913 1.829862 3.212837
v -0.877550 1.729869 3.290584
v -0.945914 1.829861 3.290584
v -0.893151 1.713410 3.251710
v -0.901250 1.703458 3.212837
v -1.002216 1.725831 3.251710
v -0.996882 1.714395 3.212837
v -0.901250 1.703458 3.290584
v -0.996881 1.714394 3.290584
v -0.929176 1.556618 3.251710
v -0.933594 1.562360 3.212837
v -1.008055 1.565602 3.251710
v -1.002757 1.570270 3.212837
v -0.933594 1.562360 3.290584
v -1.002757 1.570270 3.290584
v -0.925127 1.512643 3.251710
v -0.930864 1.523499 3.212837
v -1.059745 1.452520 3.251710
v -1.048932 1.470835 3.212837
v -0.930864 1.523499 3.290584
v -1.048931 1.470834 3.290584
v -0.935252 1.433362 3.251710
v -0.940352 1.453063 3.212837
v -1.131166 1.345864 3.251710
v -1.112180 1.376420 3.212837
v -0.940352 1.453063 3.290584
v -1.112179 1.376418 3.290584
v 1.036231 2.079622 3.141706
v 0.992136 2.034350 3.063650
v 1.059947 2.027905 3.154146
v 1.026169 1.974211 3.083897
v 1.036231 2.079622 3.361714
v 1.059947 2.027905 3.349275
v 0.992136 2.034350 3.439770
v 1.026169 1.974211 3.419524
v 1.105884 2.039106 3.134219
v 1.048600 2.019099 3.072526
v 1.131166 2.016251 3.138317
v 1.085329 1.992522 3.080764
v 1.105884 2.039106 3.369201
v 1.131166 2.016251 3.365104
v 1.048600 2.019099 3.430894
v 1.085329 1.992522 3.422657
v 0.323694 1.998755 3.201677
v 0.109525 1.870562 3.201677
v 0.309581 1.915062 3.091052
v 0.107631 1.810599 3.069330
v 0.482677 2.057651 3.201677
v 0.459494 1.963055 3.084665
v 0.668064 2.127598 3.201677
v 0.634305 2.020053 3.069330
v 0.830868 2.123535 3.201677
v 0.827634 2.016742 3.069330
v 0.309581 1.915062 3.412369
v 0.323694 1.998755 3.301743
v 0.109525 1.870562 3.301743
v 0.107631 1.810599 3.434090
v 0.482677 2.057651 3.301743
v 0.459494 1.963055 3.418755
v 0.668064 2.127598 3.301743
v 0.634305 2.020053 3.434090
v 0.830868 2.123535 3.301743
v 0.827634 2.016742 3.434090
v 0.109922 1.877077 3.251710
v 0.326532 2.009770 3.251710
v 0.487209 2.070486 3.251710
v 0.674411 2.142378 3.251710
v 0.838890 2.138046 3.251710
v -0.788469 1.787494 3.251710
v -0.791805 1.798856 3.251710
v -0.803146 1.802434 3.251710
v -0.786417 1.782815 3.205757
v -0.791219 1.794368 3.206702
v -0.803756 1.795362 3.208516
v -0.763288 1.845107 3.251710
v -0.773421 1.842253 3.251710
v -0.784034 1.842214 3.251710
v -0.760315 1.841469 3.205757
v -0.771467 1.839501 3.206071
v -0.782422 1.836567 3.207011
v -0.786417 1.782815 3.297663
v -0.791219 1.794368 3.296719
v -0.803756 1.795362 3.294904
v -0.760316 1.841469 3.297663
v -0.771468 1.839501 3.297349
v -0.782423 1.836567 3.296410
v 2.776234 1.997188 2.022780
v 2.575833 1.997188 1.822379
v 2.758567 2.159390 2.013191
v 2.585422 2.159390 1.840046
v 2.619917 2.496482 2.151841
v 2.446772 2.496482 1.978696
v 2.376809 2.349882 2.438449
v 2.160163 2.349882 2.221803
v 2.183530 2.385409 2.631728
v 1.966884 2.385409 2.415082
v 1.916827 2.393797 2.898431
v 1.700182 2.393797 2.681785
v 1.873013 2.233080 2.942246
v 1.891913 1.976753 2.490054
v 2.376809 1.922053 2.438449
v 2.160163 1.922053 2.221803
v 1.847700 2.147654 2.447044
v 2.107916 2.097207 2.186828
v 2.151568 2.147654 2.750913
v 2.411785 2.097207 2.490697
v 2.498867 2.392020 2.316392
v 2.282221 2.392020 2.099746
v 2.303963 2.069716 1.990781
v 2.370547 1.909342 2.011420
v 2.587193 1.909342 2.228066
v 2.607832 2.069716 2.294650
v 2.029251 2.430205 2.786007
v 1.812606 2.430205 2.569361
v 1.704069 2.186763 2.590674
v 2.007939 2.186763 2.894543
v 2.847415 2.314393 1.937134
v 2.661479 2.314393 1.751198
v 2.546381 2.544475 1.866296
v 2.732317 2.544475 2.052232
v 2.900696 2.357331 1.914563
v 2.684050 2.357331 1.697917
v 2.654636 2.601473 1.727331
v 2.871282 2.601473 1.943977
v 2.942336 2.341905 1.839474
v 2.759139 2.341905 1.656277
v 2.791340 2.598162 1.590627
v 3.007986 2.598162 1.807273
v 2.949194 2.309854 1.819681
v 2.778932 2.309854 1.649419
v 2.881861 2.544870 1.531320
v 3.067292 2.544870 1.716751
v 2.968719 2.253265 1.781917
v 2.816695 2.253265 1.629894
v 2.911457 2.315162 1.542336
v 3.056276 2.315162 1.687156
v 2.961637 2.213457 1.774836
v 2.823777 2.213457 1.636976
v 2.915361 2.201942 1.557316
v 3.041297 2.201943 1.683252
v 2.959082 2.163559 1.743918
v 2.854695 2.163559 1.639531
v 2.894255 2.153965 1.583956
v 3.014656 2.153965 1.704358
v 2.699084 1.943481 1.899529
v 2.486830 1.815707 2.111783
v 2.229947 1.846324 2.303678
v 2.261277 1.831752 2.337335
v 2.294934 1.846325 2.368666
v 1.973617 1.901109 2.624996
v 2.010453 1.913451 2.653147
v 1.818695 1.976928 2.714930
v 1.845377 1.966775 2.753235
v 1.883683 1.976928 2.779917
v 1.723437 2.002038 2.810189
v 1.749077 1.992839 2.849536
v 1.788424 2.002038 2.875176
v 1.695669 2.228008 2.837956
v 1.720748 2.226979 2.877865
v 1.760657 2.228008 2.902944
v 1.742135 2.425235 2.791491
v 1.767825 2.431548 2.830787
v 1.807122 2.425235 2.856478
v 1.861361 2.469914 2.672265
v 1.888393 2.477923 2.710219
v 1.926348 2.469914 2.737252
v 2.024974 2.414942 2.508651
v 2.053784 2.421076 2.544829
v 2.089961 2.414942 2.573639
v 2.229947 2.371344 2.303678
v 2.261160 2.375890 2.337452
v 2.294934 2.371344 2.368666
v 2.359389 2.423054 2.174236
v 2.392164 2.429569 2.206448
v 2.424377 2.423054 2.239223
v 2.869455 2.676027 1.664170
v 2.907622 2.690537 1.690990
v 2.934443 2.676027 1.729157
v 2.964387 2.610628 1.569238
v 3.003665 2.623070 1.594947
v 3.029375 2.610628 1.634226
v 2.983286 2.328737 1.564592
v 3.016046 2.331484 1.582566
v 3.034022 2.328737 1.615327
v 2.976268 2.189797 1.571610
v 3.008960 2.187335 1.589653
v 3.027004 2.189797 1.622346
v 2.925629 2.252779 1.737971
v 2.893503 2.252678 1.705109
v 2.860642 2.252779 1.672984
v 2.824343 2.322222 1.709283
v 2.856787 2.324781 1.741825
v 2.889330 2.322222 1.774270
v 2.807457 2.361554 1.726168
v 2.839688 2.365609 1.758924
v 2.872445 2.361554 1.791155
v 2.785530 2.380486 1.748095
v 2.823315 2.385261 1.775298
v 2.850518 2.380486 1.813082
v 2.745310 2.327794 1.788315
v 2.782677 2.330589 1.815936
v 2.810298 2.327794 1.853303
v 2.657870 2.137578 1.875756
v 2.694205 2.133016 1.904408
v 2.722857 2.137578 1.940744
v 2.925629 2.203927 1.737971
v 2.893493 2.201962 1.705120
v 2.860642 2.203927 1.672984
v 2.936473 2.142694 1.712875
v 2.913218 2.138432 1.685394
v 2.885737 2.142694 1.662140
v 2.996751 2.130919 1.652598
v 2.978340 2.126259 1.620273
v 2.946016 2.130919 1.601862
v 2.380554 1.905787 1.914190
v 2.528498 1.957061 1.813382
v 2.684423 1.905787 2.218059
v 2.785231 1.957061 2.070115
v 2.482152 1.845724 2.051474
v 2.473023 1.821847 2.099020
v 2.432861 1.832138 2.100764
v 2.430359 1.852354 2.061543
v 2.521983 1.782973 1.967445
v 2.467135 1.784835 1.969322
v 2.636122 1.956217 1.856669
v 2.661565 1.965812 1.872061
v 2.679507 1.948442 1.891323
v 2.633893 1.923958 1.899732
v 2.591846 1.839868 1.856464
v 2.589952 1.817786 1.899476
v 2.536715 1.851951 2.167831
v 2.498143 1.832117 2.165457
v 2.499861 1.821976 2.125881
v 2.546021 1.845148 2.117579
v 2.635198 1.766578 2.126073
v 2.631886 1.764594 2.080926
v 2.697342 1.923164 1.966259
v 2.706310 1.948048 1.917875
v 2.726519 1.967396 1.937082
v 2.743422 1.957983 1.965089
v 2.689631 1.769562 2.012999
v 2.733612 1.773956 2.010941
v 2.730818 1.672470 1.761446
v 2.695804 1.646398 1.754933
v 2.732128 1.725976 1.703003
v 2.743186 1.703798 1.739219
v 2.434037 1.803509 1.939419
v 2.401583 1.843266 1.949725
v 2.400390 1.853418 1.918925
v 2.440834 1.825394 1.896935
v 2.665200 1.648165 1.722008
v 2.655412 1.671383 1.685894
v 2.498882 1.851088 1.838887
v 2.558097 1.947118 1.817338
v 2.555257 1.854049 1.828934
v 2.667414 1.699830 1.665895
v 2.701996 1.726041 1.671784
v 2.569383 1.479343 1.881391
v 2.605796 1.455192 1.884771
v 2.570041 1.408669 1.918163
v 2.532855 1.434002 1.900928
v 2.614170 1.438723 1.869451
v 2.601514 1.415962 1.834252
v 2.551510 1.373345 1.885022
v 2.569059 1.398225 1.916565
v 2.528733 1.457276 1.811583
v 2.538283 1.478132 1.848868
v 2.510995 1.433206 1.878654
v 2.484127 1.418123 1.852599
v 2.570873 1.415460 1.803643
v 2.537181 1.442765 1.797580
v 2.492853 1.404816 1.844683
v 2.521200 1.372989 1.854916
v 2.543260 1.420620 1.951264
v 2.531087 1.451169 1.920003
v 2.479904 1.323614 1.949521
v 2.515626 1.353664 1.965693
v 2.498877 1.448859 1.889375
v 2.467296 1.421161 1.875674
v 2.441489 1.357988 1.890501
v 2.454707 1.323365 1.925204
v 2.502489 1.475583 1.950471
v 2.515032 1.446685 1.981042
v 2.441898 1.313542 1.992316
v 2.475463 1.345681 2.004926
v 2.437905 1.444561 1.906047
v 2.468972 1.472551 1.919032
v 2.410246 1.313146 1.962061
v 2.400589 1.348891 1.930268
v 2.699095 1.641123 1.751105
v 2.745157 1.647523 1.748554
v 2.742572 1.620546 1.749806
v 2.697343 1.627104 1.751352
v 2.783324 1.659125 1.697990
v 2.780391 1.664334 1.652351
v 2.780516 1.628794 1.650798
v 2.783420 1.628680 1.698005
v 2.669602 1.647150 1.672626
v 2.670136 1.641530 1.718622
v 2.669706 1.627107 1.720467
v 2.669702 1.627313 1.672313
v 2.752302 1.663949 1.623383
v 2.706239 1.657512 1.625728
v 2.707858 1.634086 1.625224
v 2.753599 1.628335 1.623166
v 2.713973 1.776619 2.150787
v 2.690358 1.823280 2.190482
v 2.663853 1.813216 2.189595
v 2.670477 1.772064 2.155281
v 2.764776 1.511020 2.096709
v 2.721299 1.505351 2.101316
v 2.687981 1.499958 2.071247
v 2.683713 1.499427 2.026477
v 2.696197 1.501557 2.009629
v 2.739504 1.507586 2.006402
v 2.766131 1.777623 2.043516
v 2.781778 1.886862 2.044008
v 2.785969 1.888895 2.067980
v 2.767906 1.779106 2.087242
v 2.771920 1.511240 2.038849
v 2.774939 1.511950 2.082951
v 2.798678 1.379150 2.060672
v 2.755877 1.370575 2.065164
v 2.722716 1.369792 2.034616
v 2.714708 1.369397 1.994115
v 2.724022 1.367046 1.983599
v 2.764183 1.370927 1.982911
v 2.796360 1.371450 2.015112
v 2.801303 1.363155 2.057829
v 2.806604 1.310662 2.053563
v 2.762623 1.302311 2.058511
v 2.729644 1.301541 2.028842
v 2.725244 1.305908 1.984351
v 2.737592 1.301740 1.968821
v 2.785136 1.302680 1.964310
v 2.814679 1.303162 1.993881
v 2.817405 1.303273 2.040743
v 2.837825 1.258090 2.022429
v 2.790703 1.257170 2.027421
v 2.760314 1.256457 1.999775
v 2.755730 1.256416 1.953803
v 2.760885 1.256555 1.946665
v 2.810498 1.257607 1.942680
v 2.837437 1.258046 1.969643
v 2.841435 1.258142 2.017413
v 2.834681 1.193776 2.029637
v 2.790390 1.193776 2.033745
v 2.755919 1.193776 2.004680
v 2.752562 1.193776 1.959935
v 2.798396 1.193776 1.905074
v 2.847202 1.193776 1.902901
v 2.875067 1.193776 1.930810
v 2.877204 1.193776 1.978648
v 2.826548 1.157205 2.038672
v 2.781602 1.157205 2.043951
v 2.743407 1.157205 1.969850
v 2.745539 1.157205 2.015127
v 2.864088 1.157205 1.880553
v 2.814590 1.157205 1.888219
v 2.893167 1.157205 1.962170
v 2.896625 1.157205 1.913157
v 1.672470 2.083966 2.587152
v 1.713661 1.948546 2.584717
v 1.799343 2.050506 2.460278
v 1.678984 2.119254 2.819519
v 1.787658 1.904441 2.710845
v 1.910318 1.966052 2.940063
v 2.011461 2.083966 2.926143
v 1.887189 2.123593 2.963192
v 2.138334 2.050506 2.799269
v 1.779094 2.119254 2.919628
v 1.784123 1.771346 2.714381
v 1.724929 1.773714 2.621916
v 1.871163 1.258825 2.607669
v 1.821290 1.262927 2.546010
v 1.916264 1.220180 2.583073
v 1.844036 1.222919 2.502977
v 1.922086 1.186041 2.577250
v 1.853155 1.187244 2.493858
v 1.935011 1.142064 2.564326
v 1.868754 1.141758 2.478259
v 1.941272 1.095568 2.558064
v 1.876997 1.095568 2.470016
v 1.660900 2.232495 2.738560
v 1.659589 2.244902 2.722378
v 1.660982 2.228600 2.712546
v 1.639277 2.119470 2.698491
v 1.640693 2.123068 2.724506
v 1.663843 1.961329 2.700854
v 1.665277 1.963915 2.675653
v 1.937788 1.922526 2.574095
v 1.956050 1.910954 2.577576
v 1.954370 1.909547 2.599810
v 1.933334 1.919526 2.600292
v 1.889419 1.857018 2.583641
v 1.887023 1.856251 2.611480
v 1.722663 1.921035 2.775841
v 1.713674 1.964740 2.802741
v 1.698410 1.966148 2.800093
v 1.694467 1.933998 2.773523
v 1.751971 1.777722 2.746532
v 1.726298 1.777023 2.746161
v 1.678701 1.778995 2.692762
v 1.679602 1.778230 2.667243
v 1.844994 1.762150 2.629866
v 1.844643 1.770457 2.653860
v 1.807162 1.909359 2.491217
v 1.816499 1.924515 2.476518
v 1.833740 1.918739 2.481304
v 1.830484 1.896725 2.495854
v 1.777702 1.766897 2.569143
v 1.803383 1.764448 2.571636
v 1.857372 1.256137 2.622253
v 1.839001 1.242466 2.622508
v 1.801729 1.242270 2.585799
v 1.801070 1.255374 2.567476
v 1.898039 1.284675 2.560673
v 1.896665 1.274651 2.580486
v 1.843670 1.276583 2.522159
v 1.863580 1.286243 2.520916
v 1.887916 1.209260 2.586100
v 1.838320 1.209132 2.536871
v 1.838995 1.219150 2.508764
v 1.927174 1.237366 2.544609
v 1.929946 1.226697 2.567448
v 1.855514 1.227470 2.489928
v 1.878224 1.238550 2.492255
v 1.907013 1.178785 2.593599
v 1.881485 1.181242 2.594316
v 1.830618 1.181184 2.544139
v 1.830288 1.178598 2.518625
v 1.953680 1.193595 2.518082
v 1.956088 1.182638 2.540802
v 1.884082 1.182054 2.460787
v 1.906119 1.194116 2.464261
v 1.909162 1.143619 2.591617
v 1.883803 1.143284 2.592115
v 1.832799 1.143299 2.542057
v 1.832352 1.143537 2.516698
v 1.983429 1.140144 2.488417
v 1.984775 1.130548 2.511854
v 1.914349 1.128966 2.430226
v 1.936998 1.140011 2.433404
v 1.882211 1.095568 2.593797
v 1.907560 1.095568 2.593351
v 1.830694 1.095568 2.518480
v 1.831109 1.095568 2.543831
v 2.002224 1.095568 2.469846
v 1.999375 1.095568 2.497249
v 1.956663 1.095568 2.413989
v 1.929101 1.095568 2.415479
v 1.887962 1.095568 2.485036
v 1.930756 1.095568 2.543658
v 1.717947 1.596583 2.762804
v 1.717533 1.586229 2.762447
v 1.720065 1.576370 2.759643
v 1.696946 1.573866 2.764635
v 1.694622 1.582893 2.767104
v 1.694914 1.592534 2.767226
v 1.657043 1.592588 2.729740
v 1.657156 1.582939 2.730233
v 1.659627 1.573885 2.727973
v 1.663592 1.576348 2.705048
v 1.660912 1.585925 2.707426
v 1.660668 1.595973 2.706807
v 1.769542 1.580327 2.690023
v 1.767739 1.570739 2.691228
v 1.769780 1.561386 2.688967
v 1.764586 1.559880 2.712656
v 1.762313 1.569607 2.715199
v 1.763987 1.579126 2.714253
v 1.710744 1.578528 2.654299
v 1.709578 1.569051 2.656120
v 1.712065 1.559280 2.653873
v 1.735825 1.560841 2.648727
v 1.733644 1.570213 2.650781
v 1.735097 1.579779 2.648981
v 1.732786 1.587054 2.746971
v 1.730655 1.577910 2.748518
v 1.728871 1.568754 2.750397
v 1.680537 1.567528 2.687145
v 1.681750 1.576742 2.685268
v 1.682963 1.585957 2.683390
v 2.097025 1.969311 2.700404
v 2.117526 1.974925 2.697733
v 2.112571 1.992697 2.710825
v 1.971287 1.782610 2.878577
v 1.982668 1.799208 2.895152
v 1.834867 1.906872 2.914006
v 1.832870 1.896443 2.888673
v 1.801617 1.988813 2.897105
v 1.796473 1.983176 2.885727
v 1.823494 1.966354 2.903474
v 1.751584 1.544498 3.083288
v 1.773210 1.538831 3.078432
v 1.755430 1.455175 3.119680
v 1.736091 1.476986 3.114285
v 1.715328 1.546921 3.031588
v 1.712430 1.549631 3.053031
v 1.684400 1.482911 3.065426
v 1.677583 1.458529 3.045867
v 1.764362 1.488970 2.999799
v 1.743065 1.497656 3.003851
v 1.679814 1.427392 3.043636
v 1.700509 1.412867 3.048051
v 1.798146 1.494455 3.053496
v 1.801195 1.486478 3.032313
v 1.751399 1.409993 3.097567
v 1.756317 1.423556 3.118792
v 1.719944 1.468319 3.155165
v 1.710556 1.487506 3.140980
v 1.660726 1.498665 3.090154
v 1.642019 1.483305 3.081431
v 1.633841 1.382620 3.089609
v 1.653569 1.367029 3.094749
v 1.703569 1.361616 3.145233
v 1.708558 1.374937 3.166551
v 1.699528 1.472442 3.175582
v 1.692287 1.491715 3.159575
v 1.642511 1.505297 3.108586
v 1.622120 1.491221 3.101331
v 1.616974 1.363765 3.106477
v 1.633828 1.345303 3.114188
v 1.683776 1.338723 3.164723
v 1.691492 1.355233 3.183617
v 1.685751 1.485271 3.189358
v 1.676769 1.506552 3.175362
v 1.612010 1.502998 3.111440
v 1.628169 1.521851 3.123157
v 1.605154 1.341749 3.142581
v 1.595292 1.361108 3.128158
v 1.670043 1.351954 3.205066
v 1.654522 1.334340 3.193696
v 1.851467 1.804082 3.023642
v 1.839906 1.786239 3.009011
v 1.833516 1.794781 3.041592
v 1.829183 1.780601 3.019588
v 1.824182 1.766172 3.024593
v 1.825073 1.770500 3.050036
v 1.794473 1.828657 3.080636
v 1.771216 1.841034 3.079869
v 1.792810 1.821797 3.082299
v 1.767396 1.826479 3.083588
v 1.780249 1.849759 3.070771
v 1.798802 1.832567 3.076308
v 1.715733 1.846353 3.034866
v 1.712229 1.835673 3.011222
v 1.712002 1.831784 3.038453
v 1.710594 1.829621 3.012856
v 1.715884 1.839572 3.007566
v 1.724583 1.855350 3.025928
v 1.754297 1.797744 2.969153
v 1.776430 1.783204 2.971904
v 1.746140 1.774092 2.977311
v 1.771483 1.768771 2.976861
v 1.787089 1.788971 2.961375
v 1.771612 1.807462 2.951839
v 1.916148 1.880606 2.958961
v 1.923529 1.924629 2.961598
v 1.908379 1.927108 2.955406
v 1.893464 1.896549 2.958325
v 1.891641 1.806384 2.831809
v 1.909665 1.795606 2.810504
v 1.917020 1.787566 2.831163
v 1.718295 2.380379 2.880317
v 1.680291 2.360306 2.863347
v 1.721219 2.427952 2.877393
v 1.682869 2.402020 2.860769
v 1.735266 2.360306 2.918322
v 1.737844 2.402020 2.915744
v 1.685420 2.324492 2.913193
v 1.651297 2.311221 2.892341
v 1.630254 2.438487 2.968359
v 1.602957 2.411213 2.940681
v 1.706272 2.311221 2.947316
v 1.657932 2.411213 2.995656
v 1.667753 2.294762 2.930860
v 1.634538 2.284810 2.909099
v 1.590632 2.307183 3.007981
v 1.566916 2.295747 2.976721
v 1.689514 2.284810 2.964074
v 1.621892 2.295746 3.031696
v 1.642279 2.137970 2.956333
v 1.611668 2.143712 2.931970
v 1.586503 2.146953 3.012110
v 1.562762 2.151622 2.980876
v 1.666643 2.143712 2.986945
v 1.617737 2.151621 3.035851
v 1.645142 2.093995 2.953470
v 1.613598 2.104851 2.930039
v 1.549953 2.033872 3.048659
v 1.530111 2.052187 3.013526
v 1.668573 2.104851 2.985015
v 1.585087 2.052186 3.068501
v 1.637982 2.014714 2.960630
v 1.606889 2.034415 2.936749
v 1.499451 1.927216 3.099162
v 1.485388 1.957772 3.058249
v 1.661864 2.034415 2.991724
v 1.540364 1.957770 3.113224
v 2.954248 2.660974 1.488796
v 2.867873 2.615702 1.464782
v 2.979814 2.609256 1.480822
v 2.906255 2.555562 1.455033
v 3.109817 2.660974 1.644365
v 3.117790 2.609257 1.618800
v 3.133831 2.615702 1.730739
v 3.143579 2.555563 1.692358
v 2.998206 2.620458 1.434250
v 2.914077 2.600451 1.431132
v 3.018979 2.597603 1.419270
v 2.945871 2.573874 1.410986
v 3.164363 2.620458 1.600407
v 3.179342 2.597603 1.579633
v 3.167481 2.600451 1.684536
v 3.187627 2.573874 1.652741
v 2.492813 2.580107 2.035042
v 2.341373 2.451914 2.186482
v 2.404610 2.496414 1.966797
v 2.246450 2.391951 2.094238
v 2.605232 2.639003 1.922624
v 2.506099 2.544407 1.856276
v 2.736320 2.708950 1.791535
v 2.618865 2.601405 1.721823
v 2.851440 2.704886 1.676416
v 2.755569 2.598094 1.585119
v 2.631815 2.496414 2.194003
v 2.563571 2.580107 2.105799
v 2.412131 2.451914 2.257240
v 2.504375 2.391951 2.352163
v 2.675989 2.639003 1.993381
v 2.742337 2.544407 2.092514
v 2.807078 2.708950 1.862292
v 2.876789 2.601405 1.979748
v 2.922196 2.704886 1.747173
v 3.013494 2.598094 1.843044
v 2.377033 2.458429 2.221580
v 2.530199 2.591122 2.068413
v 2.643814 2.651838 1.954798
v 2.776187 2.723730 1.822426
v 2.892491 2.719398 1.706122
v 1.741774 2.368845 2.856839
v 1.739415 2.380208 2.859198
v 1.731396 2.383786 2.867217
v 1.710732 2.364167 2.822894
v 1.708004 2.375720 2.826957
v 1.700422 2.376714 2.837106
v 1.759580 2.426458 2.839033
v 1.752414 2.423605 2.846198
v 1.744910 2.423566 2.853703
v 1.729189 2.422822 2.804437
v 1.721525 2.420853 2.812544
v 1.714442 2.417919 2.820955
v 1.775719 2.364166 2.887881
v 1.771655 2.375720 2.890608
v 1.761507 2.376714 2.898191
v 1.794175 2.422822 2.869425
v 1.786067 2.420853 2.877088
v 1.777657 2.417919 2.884171
v 3.393414 1.415836 -0.532773
v 3.110005 1.415836 -0.532773
v 3.374142 1.578038 -0.527061
v 3.129278 1.578038 -0.527061
v 3.374142 1.915129 -0.330980
v 3.129278 1.915129 -0.330980
v 3.404902 1.768530 0.043585
v 3.098518 1.768530 0.043585
v 3.404902 1.804057 0.316924
v 3.098518 1.804057 0.316924
v 3.404902 1.812445 0.694098
v 3.098518 1.812445 0.694098
v 3.404902 1.651728 0.756062
v 3.098518 1.395401 0.422949
v 3.404902 1.340701 0.043585
v 3.098518 1.340701 0.043585
v 3.036842 1.566302 0.423800
v 3.036842 1.515855 0.055799
v 3.466578 1.566302 0.423800
v 3.466578 1.515855 0.055799
v 3.404902 1.810667 -0.129030
v 3.098518 1.810667 -0.129030
v 3.036842 1.488364 -0.221453
v 3.098518 1.327990 -0.253941
v 3.404902 1.327990 -0.253941
v 3.466578 1.488364 -0.221453
v 3.404902 1.848853 0.535107
v 3.098518 1.848853 0.535107
v 3.036842 1.605411 0.626924
v 3.466578 1.605411 0.626924
v 3.383186 1.733041 -0.643667
v 3.120234 1.733041 -0.643667
v 3.120234 1.963122 -0.480893
v 3.383186 1.963122 -0.480893
v 3.404902 1.775979 -0.697301
v 3.098518 1.775979 -0.697301
v 3.098518 2.020121 -0.655704
v 3.404902 2.020121 -0.655704
v 3.381249 1.760552 -0.779842
v 3.122170 1.760552 -0.779842
v 3.098518 2.016810 -0.849033
v 3.404902 2.016810 -0.849033
v 3.372104 1.728501 -0.798687
v 3.131317 1.728501 -0.798687
v 3.120590 1.963518 -0.954977
v 3.382830 1.963518 -0.954977
v 3.359206 1.671913 -0.839196
v 3.144213 1.671913 -0.839196
v 3.149307 1.733810 -0.968115
v 3.354113 1.733810 -0.968115
v 3.349192 1.632105 -0.839196
v 3.154229 1.632105 -0.839196
v 3.162660 1.620590 -0.960283
v 3.340761 1.620590 -0.960283
v 3.325523 1.582207 -0.859251
v 3.177898 1.582207 -0.859251
v 3.166573 1.572612 -0.926521
v 3.336847 1.572612 -0.926521
v 3.251710 1.362129 -0.565371
v 3.251710 1.234354 -0.265198
v 3.205757 1.264972 0.052135
v 3.251710 1.250400 0.053780
v 3.297663 1.264972 0.052135
v 3.251710 1.319756 0.460594
v 3.297663 1.332099 0.454452
v 3.205757 1.395576 0.633733
v 3.251710 1.385423 0.641952
v 3.297663 1.395576 0.633733
v 3.205757 1.420686 0.768449
v 3.251710 1.411486 0.778141
v 3.297663 1.420686 0.768449
v 3.205757 1.646656 0.807719
v 3.251710 1.645627 0.818205
v 3.297663 1.646656 0.807719
v 3.205757 1.843883 0.742006
v 3.251710 1.850196 0.751627
v 3.297663 1.843883 0.742006
v 3.205757 1.888562 0.573395
v 3.251710 1.896571 0.581118
v 3.297663 1.888562 0.573395
v 3.205757 1.833590 0.342011
v 3.251710 1.839723 0.347221
v 3.297663 1.833590 0.342011
v 3.205757 1.789992 0.052135
v 3.251710 1.794538 0.053946
v 3.297663 1.789992 0.052135
v 3.205757 1.841702 -0.130924
v 3.251710 1.848217 -0.131322
v 3.297663 1.841702 -0.130924
v 3.205757 2.094674 -0.852267
v 3.251710 2.109185 -0.860289
v 3.297663 2.094674 -0.852267
v 3.205757 2.029276 -0.986520
v 3.251710 2.041718 -0.996114
v 3.297663 2.029276 -0.986520
v 3.215835 1.747384 -1.003168
v 3.251710 1.750132 -1.013624
v 3.287585 1.747384 -1.003168
v 3.215835 1.608445 -0.993244
v 3.251710 1.605982 -1.003603
v 3.287585 1.608445 -0.993244
v 3.297663 1.671426 -0.839801
v 3.251710 1.671326 -0.840322
v 3.205757 1.671426 -0.839801
v 3.205757 1.740870 -0.788468
v 3.251710 1.743429 -0.788398
v 3.297663 1.740870 -0.788468
v 3.205757 1.780202 -0.764588
v 3.251710 1.784256 -0.764217
v 3.297663 1.780202 -0.764588
v 3.205757 1.799133 -0.733578
v 3.251710 1.803909 -0.741061
v 3.297663 1.799133 -0.733578
v 3.205757 1.746441 -0.676698
v 3.251710 1.749237 -0.683590
v 3.297663 1.746441 -0.676698
v 3.205757 1.556226 -0.553038
v 3.251710 1.551663 -0.558471
v 3.297663 1.556226 -0.553038
v 3.297663 1.622575 -0.839801
v 3.251710 1.620610 -0.840307
v 3.205758 1.622575 -0.839801
v 3.287585 1.561342 -0.865215
v 3.251710 1.557079 -0.868203
v 3.215835 1.561342 -0.865215
v 3.287585 1.549567 -0.950461
v 3.251710 1.544906 -0.960299
v 3.215835 1.549567 -0.950461
v 3.036842 1.324435 -0.329770
v 3.070172 1.375709 -0.505664
v 3.466578 1.324435 -0.329770
v 3.433248 1.375709 -0.505664
v 3.205757 1.264372 -0.304536
v 3.232922 1.240495 -0.264460
v 3.205757 1.250785 -0.234828
v 3.176255 1.271002 -0.260793
v 3.174505 1.201621 -0.392118
v 3.137049 1.203482 -0.352008
v 3.176883 1.374865 -0.551157
v 3.205757 1.384459 -0.558265
v 3.232064 1.367090 -0.557331
v 3.205757 1.342606 -0.519130
v 3.145430 1.258516 -0.519994
v 3.174505 1.236434 -0.488241
v 3.326617 1.270599 -0.260841
v 3.297663 1.250765 -0.235244
v 3.270894 1.240624 -0.264445
v 3.297663 1.263796 -0.302954
v 3.366727 1.185226 -0.360006
v 3.332461 1.183242 -0.389589
v 3.297663 1.341812 -0.516954
v 3.269792 1.366695 -0.557508
v 3.297663 1.386044 -0.558216
v 3.329420 1.376631 -0.550365
v 3.325261 1.188210 -0.478452
v 3.354906 1.192604 -0.511006
v 3.176510 1.091118 -0.685450
v 3.147146 1.065046 -0.665297
v 3.136112 1.144624 -0.727702
v 3.169539 1.122446 -0.709912
v 3.092500 1.222156 -0.349748
v 3.076838 1.261914 -0.319512
v 3.054217 1.272065 -0.340448
v 3.067266 1.244042 -0.384595
v 3.102225 1.066813 -0.666938
v 3.069766 1.090031 -0.685553
v 3.067266 1.269735 -0.466688
v 3.093900 1.365766 -0.523796
v 3.100090 1.272697 -0.513588
v 3.064111 1.118478 -0.708181
v 3.092729 1.144688 -0.728471
v 3.147172 0.897991 -0.486484
v 3.175310 0.873839 -0.509842
v 3.173640 0.827317 -0.460948
v 3.135158 0.852650 -0.446841
v 3.170399 0.857371 -0.526597
v 3.136559 0.834610 -0.542537
v 3.137101 0.791993 -0.471279
v 3.171815 0.816873 -0.461384
v 3.069066 0.875924 -0.507102
v 3.102184 0.896780 -0.487490
v 3.103951 0.851854 -0.447133
v 3.066528 0.836770 -0.446558
v 3.093249 0.834108 -0.542514
v 3.065138 0.861413 -0.522977
v 3.067101 0.823464 -0.458326
v 3.094381 0.791636 -0.471134
v 3.178108 0.839268 -0.418605
v 3.147395 0.869816 -0.432102
v 3.132076 0.742262 -0.375037
v 3.168771 0.772312 -0.388861
v 3.102962 0.867507 -0.430983
v 3.070943 0.839808 -0.418341
v 3.063179 0.776635 -0.389608
v 3.097064 0.742013 -0.374415
v 3.148718 0.894230 -0.390336
v 3.179204 0.865333 -0.377589
v 3.135463 0.732190 -0.317903
v 3.168113 0.764329 -0.332720
v 3.071637 0.863209 -0.376081
v 3.102787 0.891199 -0.388867
v 3.091687 0.731794 -0.316915
v 3.062378 0.767539 -0.332568
v 3.146766 1.059771 -0.670331
v 3.177533 1.066171 -0.704705
v 3.176590 1.039194 -0.701992
v 3.145702 1.045752 -0.668917
v 3.168767 1.077773 -0.767447
v 3.134421 1.082982 -0.797646
v 3.133412 1.047442 -0.798832
v 3.168845 1.047328 -0.767505
v 3.070419 1.065797 -0.704969
v 3.103320 1.060178 -0.672823
v 3.104321 1.045755 -0.671214
v 3.070267 1.045960 -0.705261
v 3.094076 1.082596 -0.798267
v 3.063163 1.076160 -0.764037
v 3.063952 1.052734 -0.765538
v 3.094840 1.046983 -0.799337
v 3.439904 1.195267 -0.398233
v 3.451275 1.241927 -0.353466
v 3.431906 1.231864 -0.335352
v 3.412326 1.190712 -0.364299
v 3.437588 0.929668 -0.472395
v 3.410103 0.923998 -0.438395
v 3.365282 0.918606 -0.436097
v 3.330607 0.918075 -0.464737
v 3.327520 0.920205 -0.485477
v 3.355861 0.926234 -0.518382
v 3.400934 1.196271 -0.510966
v 3.412345 1.305510 -0.521683
v 3.432260 1.307543 -0.507695
v 3.433108 1.197754 -0.481303
v 3.401727 0.929888 -0.518360
v 3.435046 0.930598 -0.489309
v 3.436078 0.797798 -0.521850
v 3.408990 0.789223 -0.488408
v 3.363942 0.788440 -0.486561
v 3.329640 0.788045 -0.509537
v 3.328790 0.785694 -0.523558
v 3.356702 0.789575 -0.552443
v 3.402223 0.790098 -0.552426
v 3.435925 0.781803 -0.525716
v 3.436656 0.729310 -0.532481
v 3.409056 0.720959 -0.497883
v 3.364758 0.720189 -0.495542
v 3.330186 0.724556 -0.523891
v 3.327937 0.720387 -0.543604
v 3.358366 0.721328 -0.580413
v 3.400165 0.721809 -0.580392
v 3.435229 0.721920 -0.549184
v 3.436718 0.676738 -0.576573
v 3.406927 0.675818 -0.539722
v 3.365891 0.675105 -0.537783
v 3.330142 0.675064 -0.567049
v 3.328739 0.675203 -0.575741
v 3.361004 0.676255 -0.613640
v 3.399119 0.676693 -0.613624
v 3.435724 0.676790 -0.582672
v 3.439592 0.612424 -0.569253
v 3.411178 0.612424 -0.535030
v 3.366251 0.612424 -0.531207
v 3.332239 0.612424 -0.560472
v 3.325856 0.612424 -0.631675
v 3.358830 0.612424 -0.667722
v 3.398268 0.612424 -0.667691
v 3.433605 0.612424 -0.635375
v 3.440230 0.575853 -0.557112
v 3.412180 0.575853 -0.521598
v 3.332775 0.575853 -0.546988
v 3.366299 0.575853 -0.516479
v 3.354968 0.575853 -0.695465
v 3.325387 0.575853 -0.655043
v 3.433242 0.575853 -0.658315
v 3.401029 0.575853 -0.695417
v 3.012007 1.502614 0.646777
v 3.039412 1.367194 0.615929
v 3.012007 1.469154 0.467351
v 3.180922 1.537902 0.806479
v 3.180922 1.323088 0.652792
v 3.429737 1.384700 0.728139
v 3.491413 1.502614 0.646777
v 3.429737 1.542241 0.760848
v 3.491413 1.469154 0.467351
v 3.322498 1.537902 0.806479
v 3.180922 1.189994 0.657791
v 3.073683 1.192361 0.634265
v 3.167012 0.677473 0.520788
v 3.088147 0.681575 0.512454
v 3.181511 0.638828 0.471505
v 3.073802 0.641566 0.465941
v 3.181511 0.604689 0.463270
v 3.073802 0.605892 0.453044
v 3.181511 0.560712 0.444993
v 3.073802 0.560405 0.430985
v 3.181511 0.514216 0.436137
v 3.073802 0.514216 0.419327
v 3.110888 1.651143 0.762020
v 3.098518 1.663549 0.751504
v 3.092551 1.647247 0.743568
v 3.067264 1.538117 0.748977
v 3.086661 1.541716 0.766371
v 3.086306 1.379976 0.733278
v 3.069500 1.382563 0.714443
v 3.190383 1.341174 0.449936
v 3.205757 1.329601 0.439485
v 3.220291 1.328195 0.456395
v 3.205757 1.338174 0.471610
v 3.162930 1.275666 0.490889
v 3.180922 1.274899 0.512268
v 3.180922 1.339683 0.744709
v 3.193587 1.383388 0.770086
v 3.180922 1.384795 0.779008
v 3.159346 1.352646 0.763008
v 3.180922 1.196370 0.703260
v 3.162505 1.195671 0.721151
v 3.091090 1.197642 0.717049
v 3.073683 1.196877 0.698367
v 3.164203 1.180797 0.554988
v 3.180922 1.189105 0.572202
v 3.039412 1.328007 0.483700
v 3.035622 1.343163 0.466703
v 3.051197 1.337387 0.457896
v 3.059183 1.315372 0.470487
v 3.073683 1.185545 0.559633
v 3.093605 1.183096 0.543237
v 3.167572 0.674785 0.540852
v 3.154764 0.661114 0.554022
v 3.102449 0.660918 0.554421
v 3.089028 0.674022 0.541930
v 3.152785 0.703323 0.468553
v 3.165823 0.693298 0.483534
v 3.087107 0.695231 0.479763
v 3.100307 0.704891 0.464806
v 3.163607 0.627907 0.493690
v 3.093727 0.627780 0.493950
v 3.074330 0.637797 0.473598
v 3.162028 0.656014 0.436592
v 3.180137 0.645345 0.450781
v 3.072691 0.646117 0.448598
v 3.090395 0.657198 0.434186
v 3.182413 0.597433 0.485489
v 3.164869 0.599890 0.504047
v 3.093420 0.599832 0.504535
v 3.075145 0.597245 0.486727
v 3.162012 0.612243 0.399092
v 3.179780 0.601286 0.413455
v 3.072286 0.600701 0.407791
v 3.090325 0.612763 0.394665
v 3.182531 0.562267 0.482568
v 3.164951 0.561932 0.500852
v 3.093490 0.561947 0.501521
v 3.075242 0.562184 0.483905
v 3.162073 0.558792 0.357080
v 3.179596 0.549195 0.372701
v 3.072078 0.547614 0.364779
v 3.090340 0.558659 0.351012
v 3.165015 0.514216 0.503167
v 3.182624 0.514216 0.484927
v 3.075330 0.514216 0.486337
v 3.093550 0.514216 0.503970
v 3.162230 0.514216 0.330658
v 3.179593 0.514216 0.352049
v 3.090517 0.514216 0.323378
v 3.072082 0.514216 0.343921
v 3.092177 0.514216 0.422195
v 3.163888 0.514216 0.433387
v 3.168370 1.015231 0.738826
v 3.167823 1.004876 0.738865
v 3.167631 0.995017 0.735092
v 3.154814 0.992514 0.754970
v 3.154917 1.001540 0.758359
v 3.155209 1.011182 0.758239
v 3.101923 1.011235 0.758511
v 3.102352 1.001587 0.758780
v 3.102502 0.992532 0.755434
v 3.089093 0.994996 0.736421
v 3.088881 1.004573 0.739997
v 3.088271 1.014621 0.739732
v 3.153389 0.998975 0.650878
v 3.152966 0.989387 0.653005
v 3.152809 0.980034 0.649963
v 3.165888 0.978528 0.670386
v 3.166078 0.988255 0.673792
v 3.166594 0.997774 0.671939
v 3.086551 0.997176 0.667194
v 3.087014 0.987699 0.669305
v 3.087184 0.977928 0.665958
v 3.100346 0.979489 0.645518
v 3.100256 0.988860 0.648513
v 3.100011 0.998426 0.646213
v 3.167666 1.005702 0.717137
v 3.167253 0.996558 0.719738
v 3.167321 0.987402 0.722328
v 3.088417 0.986175 0.711779
v 3.087948 0.995390 0.709594
v 3.087478 1.004605 0.707409
v 3.392294 1.387959 0.426653
v 3.404902 1.393573 0.410267
v 3.410656 1.411345 0.423029
v 3.429372 1.201258 0.641550
v 3.449139 1.217856 0.645223
v 3.357960 1.325520 0.763066
v 3.338635 1.315091 0.746565
v 3.322498 1.407461 0.774627
v 3.310815 1.401824 0.770218
v 3.342471 1.385002 0.763661
v 3.418770 0.963146 0.941656
v 3.430629 0.957479 0.922931
v 3.447222 0.873822 0.964670
v 3.429733 0.895634 0.974529
v 3.356576 0.965568 0.930736
v 3.369689 0.968278 0.947948
v 3.358633 0.901559 0.976532
v 3.339983 0.877177 0.967523
v 3.368770 0.907617 0.873585
v 3.356576 0.916304 0.891510
v 3.339983 0.846040 0.964367
v 3.357738 0.831515 0.952855
v 3.430629 0.913103 0.887666
v 3.417806 0.905126 0.870531
v 3.428736 0.828640 0.951884
v 3.447222 0.842204 0.963415
v 3.447222 0.886967 1.014853
v 3.430553 0.906154 1.011462
v 3.359379 0.917313 1.010757
v 3.339983 0.901953 1.017817
v 3.339983 0.801267 1.029383
v 3.357567 0.785676 1.019068
v 3.428621 0.780264 1.019410
v 3.447222 0.793585 1.030956
v 3.447222 0.891090 1.043728
v 3.430784 0.910363 1.037529
v 3.359532 0.923944 1.036672
v 3.339983 0.909869 1.045959
v 3.339983 0.782412 1.053237
v 3.357353 0.763951 1.046772
v 3.428406 0.757371 1.047188
v 3.447222 0.773880 1.055091
v 3.447222 0.903919 1.063210
v 3.430974 0.925200 1.059665
v 3.339983 0.921646 1.060257
v 3.359695 0.940499 1.057115
v 3.357155 0.760397 1.087125
v 3.339983 0.779756 1.083899
v 3.447222 0.770601 1.085425
v 3.428207 0.752988 1.088360
v 3.447222 1.222730 0.828852
v 3.428702 1.204887 0.826682
v 3.447222 1.213429 0.854238
v 3.428598 1.199249 0.841743
v 3.428602 1.184820 0.848819
v 3.447222 1.189148 0.866179
v 3.447222 1.247305 0.909454
v 3.430235 1.259682 0.925357
v 3.447222 1.240445 0.911806
v 3.430164 1.245127 0.930688
v 3.430188 1.268407 0.912536
v 3.447222 1.251215 0.903333
v 3.359181 1.265001 0.932768
v 3.339983 1.254321 0.918526
v 3.359078 1.250432 0.937942
v 3.339983 1.248269 0.920838
v 3.339983 1.258220 0.913357
v 3.359117 1.273998 0.920189
v 3.339983 1.216392 0.859032
v 3.357579 1.201852 0.845328
v 3.339983 1.192740 0.870569
v 3.357585 1.187419 0.852330
v 3.357671 1.207619 0.830345
v 3.339983 1.226110 0.834547
v 3.447222 1.299254 0.737380
v 3.454306 1.343277 0.734026
v 3.439216 1.345755 0.740360
v 3.430733 1.315197 0.752970
v 3.339983 1.225032 0.664799
v 3.337663 1.214253 0.636988
v 3.357472 1.206213 0.646396
v 3.251710 1.799027 0.821673
v 3.212836 1.778954 0.836546
v 3.251710 1.846600 0.817538
v 3.212836 1.820668 0.832900
v 3.290583 1.778954 0.836546
v 3.290583 1.820668 0.832901
v 3.251710 1.743139 0.868166
v 3.212836 1.729869 0.877550
v 3.251710 1.857135 0.946183
v 3.212836 1.829861 0.945913
v 3.290583 1.729869 0.877550
v 3.290583 1.829860 0.945914
v 3.251710 1.713410 0.893151
v 3.212836 1.703458 0.901250
v 3.251710 1.725831 1.002216
v 3.212836 1.714395 0.996882
v 3.290583 1.703458 0.901250
v 3.290583 1.714394 0.996881
v 3.251710 1.556618 0.929176
v 3.212836 1.562360 0.933594
v 3.251710 1.565601 1.008056
v 3.212836 1.570270 1.002757
v 3.290583 1.562360 0.933594
v 3.290583 1.570269 1.002757
v 3.251710 1.512642 0.925127
v 3.212836 1.523498 0.930864
v 3.251710 1.452520 1.059745
v 3.212836 1.470835 1.048932
v 3.290583 1.523498 0.930864
v 3.290583 1.470834 1.048931
v 3.251710 1.433362 0.935252
v 3.212836 1.453063 0.940352
v 3.251710 1.345864 1.131166
v 3.212836 1.376419 1.112180
v 3.290583 1.453063 0.940352
v 3.290583 1.376418 1.112179
v 3.141706 2.079622 -1.036231
v 3.063649 2.034349 -0.992136
v 3.154145 2.027904 -1.059947
v 3.083896 1.974210 -1.026169
v 3.361714 2.079622 -1.036231
v 3.349274 2.027904 -1.059947
v 3.439770 2.034349 -0.992136
v 3.419524 1.974210 -1.026169
v 3.134219 2.039106 -1.105884
v 3.072526 2.019099 -1.048601
v 3.138316 2.016251 -1.131166
v 3.080763 1.992522 -1.085329
v 3.369201 2.039106 -1.105884
v 3.365104 2.016251 -1.131166
v 3.430894 2.019099 -1.048601
v 3.422656 1.992522 -1.085329
v 3.201677 1.998755 -0.323694
v 3.201677 1.870562 -0.109525
v 3.091051 1.915061 -0.309581
v 3.069330 1.810599 -0.107631
v 3.201677 2.057651 -0.482677
v 3.084665 1.963054 -0.459494
v 3.201677 2.127597 -0.668064
v 3.069330 2.020053 -0.634305
v 3.201677 2.123534 -0.830868
v 3.069330 2.016742 -0.827634
v 3.412368 1.915061 -0.309581
v 3.301743 1.998755 -0.323694
v 3.301743 1.870562 -0.109525
v 3.434090 1.810599 -0.107631
v 3.301743 2.057651 -0.482677
v 3.418755 1.963054 -0.459494
v 3.301743 2.127597 -0.668064
v 3.434090 2.020053 -0.634305
v 3.301743 2.123534 -0.830868
v 3.434090 2.016742 -0.827634
v 3.251710 1.877077 -0.109922
v 3.251710 2.009770 -0.326532
v 3.251710 2.070486 -0.487209
v 3.251710 2.142378 -0.674412
v 3.251710 2.138045 -0.838890
v 3.251710 1.787493 0.788469
v 3.251710 1.798856 0.791805
v 3.251710 1.802434 0.803146
v 3.205757 1.782814 0.786417
v 3.206702 1.794368 0.791219
v 3.208517 1.795361 0.803756
v 3.251710 1.845106 0.763288
v 3.251710 1.842252 0.773422
v 3.251710 1.842213 0.784034
v 3.205757 1.841469 0.760315
v 3.206071 1.839501 0.771467
v 3.207010 1.836566 0.782422
v 3.297663 1.782814 0.786417
v 3.296718 1.794367 0.791219
v 3.294904 1.795361 0.803756
v 3.297663 1.841469 0.760316
v 3.297349 1.839501 0.771468
v 3.296410 1.836566 0.782423
v 2.022779 1.493153 -2.776234
v 1.822378 1.493153 -2.575833
v 2.013190 1.655356 -2.758568
v 1.840045 1.655356 -2.585423
v 2.151840 1.992447 -2.619917
v 1.978695 1.992447 -2.446772
v 2.438449 1.845847 -2.376810
v 2.221802 1.845847 -2.160164
v 2.631728 1.881375 -2.183531
v 2.415082 1.881375 -1.966885
v 2.898431 1.889762 -1.916828
v 2.681785 1.889762 -1.700182
v 2.942245 1.729046 -1.873013
v 2.490053 1.472719 -1.891913
v 2.438449 1.418019 -2.376810
v 2.221802 1.418019 -2.160164
v 2.447043 1.643620 -1.847700
v 2.186828 1.593173 -2.107916
v 2.750912 1.643620 -2.151569
v 2.490696 1.593173 -2.411785
v 2.316391 1.887985 -2.498867
v 2.099745 1.887985 -2.282221
v 1.990780 1.565682 -2.303963
v 2.011420 1.405307 -2.370547
v 2.228065 1.405307 -2.587193
v 2.294649 1.565682 -2.607831
v 2.786007 1.926170 -2.029252
v 2.569360 1.926170 -1.812606
v 2.590674 1.682728 -1.704070
v 2.894542 1.682728 -2.007939
v 1.937132 1.810359 -2.847415
v 1.751197 1.810359 -2.661480
v 1.866295 2.040440 -2.546382
v 2.052231 2.040440 -2.732317
v 1.914562 1.853297 -2.900696
v 1.697916 1.853297 -2.684050
v 1.727330 2.097438 -2.654636
v 1.943976 2.097438 -2.871282
v 1.839473 1.837870 -2.942337
v 1.656276 1.837870 -2.759140
v 1.590626 2.094128 -2.791340
v 1.807272 2.094128 -3.007986
v 1.819680 1.805819 -2.949194
v 1.649418 1.805819 -2.778932
v 1.531319 2.040836 -2.881861
v 1.716750 2.040836 -3.067293
v 1.781916 1.749231 -2.968719
v 1.629893 1.749231 -2.816696
v 1.542336 1.811128 -2.911458
v 1.687155 1.811128 -3.056277
v 1.774835 1.709422 -2.961637
v 1.636975 1.709422 -2.823777
v 1.557315 1.697908 -2.915360
v 1.683252 1.697908 -3.041297
v 1.743917 1.659525 -2.959082
v 1.639531 1.659525 -2.854695
v 1.583956 1.649930 -2.894255
v 1.704357 1.649930 -3.014657
v 1.899528 1.439447 -2.699084
v 2.111782 1.311672 -2.486830
v 2.303677 1.342290 -2.229947
v 2.337334 1.327717 -2.261277
v 2.368665 1.342290 -2.294934
v 2.624995 1.397074 -1.973617
v 2.653146 1.409416 -2.010454
v 2.714929 1.472893 -1.818696
v 2.753234 1.462741 -1.845378
v 2.779917 1.472893 -1.883683
v 2.810187 1.498004 -1.723437
v 2.849535 1.488804 -1.749077
v 2.875175 1.498004 -1.788424
v 2.837956 1.723974 -1.695669
v 2.877864 1.722944 -1.720748
v 2.902943 1.723974 -1.760657
v 2.791490 1.921201 -1.742135
v 2.830786 1.927514 -1.767826
v 2.856477 1.921201 -1.807122
v 2.672264 1.965879 -1.861361
v 2.710218 1.973889 -1.888394
v 2.737252 1.965879 -1.926349
v 2.508651 1.910908 -2.024974
v 2.544829 1.917041 -2.053783
v 2.573638 1.910908 -2.089962
v 2.303677 1.867309 -2.229948
v 2.337451 1.871855 -2.261160
v 2.368665 1.867309 -2.294935
v 2.174235 1.919019 -2.359390
v 2.206447 1.925534 -2.392165
v 2.239223 1.919019 -2.424377
v 1.664169 2.171992 -2.869456
v 1.690989 2.186502 -2.907622
v 1.729156 2.171992 -2.934444
v 1.569237 2.106594 -2.964388
v 1.594947 2.119036 -3.003665
v 1.634225 2.106594 -3.029375
v 1.564591 1.824702 -2.983286
v 1.582566 1.827450 -3.016047
v 1.615327 1.824702 -3.034021
v 1.571609 1.685762 -2.976268
v 1.589652 1.683300 -3.008960
v 1.622345 1.685762 -3.027003
v 1.737971 1.748744 -2.925629
v 1.705108 1.748643 -2.893504
v 1.672983 1.748744 -2.860641
v 1.709281 1.818188 -2.824344
v 1.741825 1.820746 -2.856788
v 1.774269 1.818188 -2.889331
v 1.726167 1.857519 -2.807458
v 1.758923 1.861574 -2.839689
v 1.791154 1.857519 -2.872445
v 1.748094 1.876451 -2.785531
v 1.775297 1.881227 -2.823315
v 1.813082 1.876451 -2.850518
v 1.788315 1.823759 -2.745311
v 1.815935 1.826554 -2.782678
v 1.853302 1.823759 -2.810298
v 1.875755 1.633543 -2.657870
v 1.904407 1.628981 -2.694205
v 1.940743 1.633543 -2.722857
v 1.737971 1.699892 -2.925629
v 1.705119 1.697928 -2.893493
v 1.672983 1.699892 -2.860641
v 1.712875 1.638659 -2.936474
v 1.685393 1.634397 -2.913218
v 1.662139 1.638659 -2.885738
v 1.652597 1.626884 -2.996752
v 1.620272 1.622224 -2.978340
v 1.601861 1.626884 -2.946016
v 1.914189 1.401752 -2.380554
v 1.813381 1.453027 -2.528497
v 2.218058 1.401752 -2.684423
v 2.070114 1.453027 -2.785231
v 2.051473 1.341690 -2.482152
v 2.099020 1.317812 -2.473023
v 2.100764 1.328103 -2.432861
v 2.061542 1.348319 -2.430359
v 1.967444 1.278938 -2.521983
v 1.969321 1.280800 -2.467135
v 1.856668 1.452182 -2.636122
v 1.872059 1.461777 -2.661566
v 1.891322 1.444408 -2.679507
v 1.899732 1.419923 -2.633893
v 1.856464 1.335833 -2.591845
v 1.899475 1.313752 -2.589952
v 2.167830 1.347916 -2.536715
v 2.165456 1.328082 -2.498143
v 2.125880 1.317942 -2.499861
v 2.117578 1.341114 -2.546021
v 2.126072 1.262544 -2.635198
v 2.080925 1.260559 -2.631887
v 1.966258 1.419130 -2.697342
v 1.917875 1.444013 -2.706309
v 1.937081 1.463361 -2.726519
v 1.965089 1.453948 -2.743423
v 2.012998 1.265528 -2.689631
v 2.010940 1.269922 -2.733612
v 1.761446 1.168436 -2.730819
v 1.754932 1.142363 -2.695804
v 1.703002 1.221942 -2.732129
v 1.739218 1.199763 -2.743186
v 1.939418 1.299474 -2.434037
v 1.949724 1.339231 -2.401582
v 1.918924 1.349383 -2.400390
v 1.896934 1.321359 -2.440834
v 1.722007 1.144130 -2.665201
v 1.685893 1.167348 -2.655412
v 1.838886 1.347053 -2.498882
v 1.817337 1.443084 -2.558097
v 1.828933 1.350014 -2.555257
v 1.665894 1.195796 -2.667413
v 1.671783 1.222006 -2.701996
v 1.881390 0.975308 -2.569383
v 1.884770 0.951157 -2.605796
v 1.918163 0.904634 -2.570041
v 1.900927 0.929968 -2.532856
v 1.869450 0.934688 -2.614170
v 1.834251 0.911927 -2.601513
v 1.885020 0.869310 -2.551511
v 1.916564 0.894191 -2.569060
v 1.811582 0.953241 -2.528733
v 1.848868 0.974098 -2.538283
v 1.878654 0.929172 -2.510996
v 1.852598 0.914088 -2.484127
v 1.803642 0.911426 -2.570873
v 1.797579 0.938731 -2.537181
v 1.844682 0.900781 -2.492853
v 1.854915 0.868954 -2.521200
v 1.951263 0.916586 -2.543260
v 1.920002 0.947134 -2.531087
v 1.949520 0.819580 -2.479904
v 1.965693 0.849630 -2.515626
v 1.889374 0.944825 -2.498877
v 1.875673 0.917126 -2.467296
v 1.890500 0.853953 -2.441489
v 1.925203 0.819330 -2.454707
v 1.950470 0.971548 -2.502489
v 1.981041 0.942651 -2.515033
v 1.992316 0.809507 -2.441898
v 2.004925 0.841647 -2.475463
v 1.906046 0.940526 -2.437905
v 1.919031 0.968516 -2.468973
v 1.962059 0.809112 -2.410246
v 1.930268 0.844856 -2.400589
v 1.751103 1.137088 -2.699095
v 1.748553 1.143489 -2.745157
v 1.749805 1.116512 -2.742572
v 1.751352 1.123070 -2.697342
v 1.697989 1.155090 -2.783324
v 1.652350 1.160300 -2.780391
v 1.650797 1.124760 -2.780516
v 1.698005 1.124646 -2.783420
v 1.672626 1.143115 -2.669602
v 1.718621 1.137495 -2.670136
v 1.720466 1.123072 -2.669706
v 1.672312 1.123278 -2.669701
v 1.623382 1.159914 -2.752303
v 1.625727 1.153478 -2.706239
v 1.625223 1.130051 -2.707858
v 1.623165 1.124301 -2.753599
v 2.150786 1.272585 -2.713973
v 2.190481 1.319245 -2.690359
v 2.189594 1.309182 -2.663854
v 2.155281 1.268030 -2.670478
v 2.096708 1.006986 -2.764776
v 2.101315 1.001316 -2.721299
v 2.071246 0.995924 -2.687982
v 2.026476 0.995393 -2.683714
v 2.009628 0.997523 -2.696196
v 2.006401 1.003551 -2.739503
v 2.043515 1.273588 -2.766130
v 2.044007 1.382827 -2.781778
v 2.067980 1.384860 -2.785969
v 2.087241 1.275071 -2.767906
v 2.038847 1.007205 -2.771920
v 2.082950 1.007915 -2.774938
v 2.060671 0.875115 -2.798678
v 2.065163 0.866540 -2.755877
v 2.034615 0.865758 -2.722716
v 1.994114 0.865363 -2.714708
v 1.983598 0.863012 -2.724021
v 1.982910 0.866892 -2.764183
v 2.015111 0.867416 -2.796360
v 2.057828 0.859120 -2.801303
v 2.053561 0.806628 -2.806604
v 2.058510 0.798276 -2.762623
v 2.028841 0.797506 -2.729644
v 1.984350 0.801874 -2.725244
v 1.968820 0.797705 -2.737592
v 1.964309 0.798646 -2.785137
v 1.993881 0.799127 -2.814679
v 2.040742 0.799238 -2.817405
v 2.022427 0.754055 -2.837825
v 2.027420 0.753136 -2.790703
v 1.999774 0.752422 -2.760314
v 1.953802 0.752381 -2.755730
v 1.946664 0.752521 -2.760885
v 1.942680 0.753572 -2.810498
v 1.969642 0.754011 -2.837437
v 2.017412 0.754108 -2.841435
v 2.029636 0.689741 -2.834681
v 2.033743 0.689741 -2.790390
v 2.004678 0.689742 -2.755919
v 1.959934 0.689742 -2.752562
v 1.905073 0.689741 -2.798397
v 1.902900 0.689741 -2.847202
v 1.930810 0.689741 -2.875067
v 1.978647 0.689741 -2.877203
v 2.038672 0.653171 -2.826547
v 2.043950 0.653171 -2.781602
v 1.969849 0.653171 -2.743407
v 2.015126 0.653171 -2.745538
v 1.880552 0.653171 -2.864089
v 1.888218 0.653171 -2.814590
v 1.962169 0.653171 -2.893167
v 1.913156 0.653171 -2.896624
v 2.587151 1.579932 -1.672470
v 2.584717 1.444511 -1.713661
v 2.460277 1.546472 -1.799344
v 2.819518 1.615219 -1.678985
v 2.710844 1.400406 -1.787658
v 2.940062 1.462018 -1.910318
v 2.926142 1.579932 -2.011461
v 2.963191 1.619559 -1.887189
v 2.799268 1.546472 -2.138335
v 2.919627 1.615219 -1.779095
v 2.714380 1.267312 -1.784122
v 2.621915 1.269679 -1.724929
v 2.607668 0.754790 -1.871163
v 2.546009 0.758892 -1.821291
v 2.583072 0.716146 -1.916264
v 2.502976 0.718884 -1.844036
v 2.577249 0.682006 -1.922086
v 2.493857 0.683209 -1.853155
v 2.564325 0.638030 -1.935011
v 2.478258 0.637723 -1.868754
v 2.558063 0.591534 -1.941272
v 2.470015 0.591533 -1.876997
v 2.738559 1.728461 -1.660900
v 2.722376 1.740867 -1.659590
v 2.712546 1.724565 -1.660982
v 2.698490 1.615435 -1.639277
v 2.724505 1.619034 -1.640693
v 2.700854 1.457294 -1.663843
v 2.675652 1.459881 -1.665277
v 2.574093 1.418491 -1.937789
v 2.577575 1.406919 -1.956050
v 2.599809 1.405513 -1.954370
v 2.600291 1.415491 -1.933334
v 2.583640 1.352984 -1.889418
v 2.611479 1.352216 -1.887023
v 2.775840 1.417000 -1.722663
v 2.802740 1.460706 -1.713674
v 2.800092 1.462113 -1.698410
v 2.773522 1.429963 -1.694466
v 2.746531 1.273687 -1.751971
v 2.746160 1.272988 -1.726298
v 2.692761 1.274960 -1.678701
v 2.667242 1.274195 -1.679602
v 2.629865 1.258115 -1.844994
v 2.653859 1.266423 -1.844643
v 2.491216 1.405324 -1.807162
v 2.476517 1.420480 -1.816500
v 2.481303 1.414705 -1.833741
v 2.495853 1.392690 -1.830484
v 2.569142 1.262863 -1.777702
v 2.571635 1.260413 -1.803383
v 2.622252 0.752103 -1.857372
v 2.622507 0.738431 -1.839001
v 2.585798 0.738235 -1.801729
v 2.567475 0.751340 -1.801070
v 2.560672 0.780640 -1.898039
v 2.580485 0.770616 -1.896665
v 2.522158 0.772548 -1.843671
v 2.520915 0.782208 -1.863580
v 2.586099 0.705225 -1.887916
v 2.536870 0.705097 -1.838320
v 2.508763 0.715115 -1.838996
v 2.544608 0.733331 -1.927174
v 2.567447 0.722662 -1.929947
v 2.489927 0.723435 -1.855513
v 2.492254 0.734515 -1.878224
v 2.593598 0.674751 -1.907013
v 2.594315 0.677207 -1.881485
v 2.544138 0.677150 -1.830618
v 2.518624 0.674563 -1.830289
v 2.518080 0.689560 -1.953680
v 2.540801 0.678603 -1.956088
v 2.460786 0.678019 -1.884083
v 2.464260 0.690081 -1.906119
v 2.591616 0.639584 -1.909162
v 2.592114 0.639250 -1.883803
v 2.542056 0.639264 -1.832799
v 2.516697 0.639502 -1.832352
v 2.488416 0.636109 -1.983429
v 2.511853 0.626513 -1.984775
v 2.430225 0.624932 -1.914349
v 2.433403 0.635977 -1.936998
v 2.593796 0.591533 -1.882211
v 2.593350 0.591533 -1.907560
v 2.518479 0.591534 -1.830694
v 2.543831 0.591534 -1.831109
v 2.469845 0.591534 -2.002224
v 2.497247 0.591534 -1.999375
v 2.413988 0.591533 -1.956663
v 2.415478 0.591533 -1.929101
v 2.485036 0.591533 -1.887962
v 2.543658 0.591534 -1.930756
v 2.762804 1.092549 -1.717947
v 2.762446 1.082194 -1.717533
v 2.759642 1.072335 -1.720066
v 2.764634 1.069832 -1.696946
v 2.767104 1.078858 -1.694622
v 2.767226 1.088500 -1.694915
v 2.729739 1.088553 -1.657043
v 2.730232 1.078904 -1.657156
v 2.727972 1.069850 -1.659627
v 2.705047 1.072313 -1.663592
v 2.707425 1.081890 -1.660912
v 2.706807 1.091939 -1.660668
v 2.690022 1.076292 -1.769543
v 2.691227 1.066705 -1.767739
v 2.688966 1.057351 -1.769780
v 2.712655 1.055845 -1.764586
v 2.715198 1.065573 -1.762313
v 2.714252 1.075091 -1.763987
v 2.654299 1.074493 -1.710744
v 2.656119 1.065016 -1.709579
v 2.653872 1.055246 -1.712065
v 2.648726 1.056807 -1.735825
v 2.650780 1.066178 -1.733644
v 2.648980 1.075744 -1.735098
v 2.746971 1.083020 -1.732786
v 2.748517 1.073875 -1.730655
v 2.750396 1.064719 -1.728871
v 2.687145 1.063493 -1.680537
v 2.685267 1.072708 -1.681751
v 2.683390 1.081923 -1.682963
v 2.700403 1.465277 -2.097025
v 2.697732 1.470890 -2.117526
v 2.710824 1.488662 -2.112571
v 2.878576 1.278576 -1.971288
v 2.895151 1.295173 -1.982668
v 2.914005 1.402838 -1.834867
v 2.888673 1.392409 -1.832870
v 2.897105 1.484779 -1.801617
v 2.885727 1.479142 -1.796474
v 2.903473 1.462319 -1.823494
v 3.083287 1.040464 -1.751585
v 3.078431 1.034796 -1.773210
v 3.119678 0.951140 -1.755430
v 3.114284 0.972951 -1.736091
v 3.031587 1.042886 -1.715328
v 3.053030 1.045596 -1.712430
v 3.065425 0.978877 -1.684400
v 3.045866 0.954494 -1.677583
v 2.999798 0.984935 -1.764362
v 3.003851 0.993621 -1.743065
v 3.043635 0.923358 -1.679814
v 3.048049 0.908833 -1.700509
v 3.053495 0.990420 -1.798146
v 3.032312 0.982444 -1.801196
v 3.097566 0.905958 -1.751399
v 3.118791 0.919522 -1.756317
v 3.155164 0.964285 -1.719945
v 3.140979 0.983472 -1.710556
v 3.090153 0.994630 -1.660727
v 3.081430 0.979271 -1.642019
v 3.089608 0.878585 -1.633842
v 3.094748 0.862994 -1.653569
v 3.145232 0.857582 -1.703569
v 3.166550 0.870903 -1.708558
v 3.175581 0.968407 -1.699528
v 3.159575 0.987681 -1.692287
v 3.108585 1.001262 -1.642511
v 3.101329 0.987187 -1.622120
v 3.106475 0.859730 -1.616974
v 3.114187 0.841269 -1.633828
v 3.164723 0.834689 -1.683776
v 3.183617 0.851198 -1.691492
v 3.189357 0.981237 -1.685751
v 3.175361 1.002517 -1.676769
v 3.111439 0.998964 -1.612010
v 3.123156 1.017816 -1.628169
v 3.142581 0.837714 -1.605154
v 3.128158 0.857074 -1.595293
v 3.205065 0.847919 -1.670043
v 3.193695 0.830305 -1.654522
v 3.023641 1.300047 -1.851467
v 3.009011 1.282205 -1.839906
v 3.041592 1.290746 -1.833517
v 3.019587 1.276566 -1.829183
v 3.024592 1.262137 -1.824182
v 3.050035 1.266465 -1.825073
v 3.080635 1.324622 -1.794473
v 3.079868 1.337000 -1.771216
v 3.082298 1.317763 -1.792810
v 3.083587 1.322445 -1.767396
v 3.070770 1.345724 -1.780248
v 3.076307 1.328532 -1.798801
v 3.034865 1.342318 -1.715733
v 3.011221 1.331638 -1.712229
v 3.038452 1.327749 -1.712002
v 3.012855 1.325587 -1.710594
v 3.007565 1.335537 -1.715884
v 3.025927 1.351316 -1.724583
v 2.969152 1.293710 -1.754297
v 2.971903 1.279170 -1.776430
v 2.977310 1.270058 -1.746140
v 2.976860 1.264736 -1.771483
v 2.961375 1.284936 -1.787089
v 2.951838 1.303428 -1.771611
v 2.958960 1.376572 -1.916148
v 2.961598 1.420594 -1.923529
v 2.955405 1.423073 -1.908379
v 2.958325 1.392514 -1.893464
v 2.831808 1.302350 -1.891641
v 2.810503 1.291571 -1.909666
v 2.831163 1.283531 -1.917020
v 2.880316 1.876344 -1.718296
v 2.863346 1.856272 -1.680291
v 2.877393 1.923917 -1.721220
v 2.860768 1.897985 -1.682869
v 2.918321 1.856272 -1.735267
v 2.915744 1.897985 -1.737844
v 2.913192 1.820457 -1.685420
v 2.892340 1.807186 -1.651297
v 2.968358 1.934452 -1.630254
v 2.940680 1.907179 -1.602957
v 2.947315 1.807186 -1.706272
v 2.995656 1.907178 -1.657932
v 2.930859 1.790728 -1.667753
v 2.909098 1.780775 -1.634539
v 3.007980 1.803148 -1.590632
v 2.976720 1.791712 -1.566917
v 2.964074 1.780775 -1.689514
v 3.031695 1.791712 -1.621892
v 2.956333 1.633936 -1.642279
v 2.931969 1.639677 -1.611668
v 3.012109 1.642919 -1.586504
v 2.980875 1.647587 -1.562762
v 2.986944 1.639677 -1.666643
v 3.035850 1.647587 -1.617737
v 2.953470 1.589960 -1.645143
v 2.930039 1.600816 -1.613598
v 3.048659 1.529837 -1.549954
v 3.013525 1.548152 -1.530112
v 2.985014 1.600816 -1.668573
v 3.068500 1.548151 -1.585088
v 2.960629 1.510679 -1.637983
v 2.936748 1.530380 -1.606889
v 3.099161 1.423181 -1.499451
v 3.058249 1.453737 -1.485388
v 2.991723 1.530380 -1.661864
v 3.113223 1.453735 -1.540364
v 1.488795 2.156939 -2.954247
v 1.464781 2.111667 -2.867874
v 1.480822 2.105222 -2.979814
v 1.455033 2.051528 -2.906255
v 1.644365 2.156939 -3.109817
v 1.618799 2.105222 -3.117790
v 1.730738 2.111667 -3.133831
v 1.692357 2.051528 -3.143580
v 1.434249 2.116423 -2.998206
v 1.431131 2.096416 -2.914077
v 1.419269 2.093568 -3.018980
v 1.410985 2.069839 -2.945873
v 1.600407 2.116423 -3.164363
v 1.579633 2.093568 -3.179343
v 1.684536 2.096416 -3.167481
v 1.652740 2.069839 -3.187627
v 2.035042 2.076072 -2.492814
v 2.186482 1.947879 -2.341373
v 1.966797 1.992379 -2.404610
v 2.094237 1.887917 -2.246450
v 1.922623 2.134968 -2.605232
v 1.856276 2.040372 -2.506099
v 1.791535 2.204915 -2.736320
v 1.721822 2.097370 -2.618865
v 1.676415 2.200852 -2.851439
v 1.585118 2.094060 -2.755569
v 2.194002 1.992379 -2.631816
v 2.105798 2.076072 -2.563571
v 2.257239 1.947879 -2.412130
v 2.352161 1.887917 -2.504375
v 1.993380 2.134968 -2.675989
v 2.092513 2.040372 -2.742336
v 1.862291 2.204915 -2.807078
v 1.979747 2.097370 -2.876790
v 1.747172 2.200852 -2.922198
v 1.843042 2.094060 -3.013494
v 2.221579 1.954394 -2.377033
v 2.068413 2.087087 -2.530199
v 1.954798 2.147804 -2.643815
v 1.822425 2.219695 -2.776187
v 1.706121 2.215363 -2.892491
v 2.856838 1.864811 -1.741774
v 2.859197 1.876173 -1.739415
v 2.867216 1.879751 -1.731396
v 2.822893 1.860132 -1.710732
v 2.826957 1.871685 -1.708004
v 2.837105 1.872679 -1.700422
v 2.839032 1.922424 -1.759580
v 2.846197 1.919570 -1.752414
v 2.853702 1.919531 -1.744910
v 2.804436 1.918787 -1.729189
v 2.812544 1.916818 -1.721525
v 2.820954 1.913884 -1.714443
v 2.887881 1.860132 -1.775720
v 2.890608 1.871685 -1.771656
v 2.898190 1.872679 -1.761508
v 2.869424 1.918787 -1.794175
v 2.877088 1.916818 -1.786068
v 2.884170 1.913884 -1.777657
v -0.532773 1.865542 -3.393415
v -0.532773 1.865542 -3.110005
v -0.527062 2.027745 -3.374142
v -0.527062 2.027745 -3.129278
v -0.330980 2.364836 -3.374142
v -0.330980 2.364836 -3.129278
v 0.043585 2.218236 -3.404902
v 0.043585 2.218236 -3.098518
v 0.316923 2.253764 -3.404902
v 0.316923 2.253764 -3.098518
v 0.694098 2.262151 -3.404902
v 0.694098 2.262151 -3.098518
v 0.756061 2.101435 -3.404902
v 0.422949 1.845108 -3.098518
v 0.043585 1.790408 -3.404902
v 0.043585 1.790408 -3.098518
v 0.423799 2.016008 -3.036842
v 0.055798 1.965562 -3.036842
v 0.423799 2.016008 -3.466578
v 0.055798 1.965562 -3.466578
v -0.129030 2.260374 -3.404902
v -0.129030 2.260374 -3.098518
v -0.221454 1.938071 -3.036842
v -0.253942 1.777696 -3.098518
v -0.253942 1.777696 -3.404902
v -0.221454 1.938071 -3.466578
v 0.535106 2.298559 -3.404902
v 0.535106 2.298559 -3.098518
v 0.626923 2.055117 -3.036842
v 0.626923 2.055117 -3.466578
v -0.643667 2.182748 -3.383186
v -0.643667 2.182748 -3.120234
v -0.480894 2.412829 -3.120234
v -0.480894 2.412829 -3.383186
v -0.697302 2.225686 -3.404902
v -0.697302 2.225686 -3.098518
v -0.655705 2.469828 -3.098518
v -0.655705 2.469828 -3.404902
v -0.779843 2.210259 -3.381250
v -0.779843 2.210259 -3.122170
v -0.849033 2.466516 -3.098518
v -0.849033 2.466516 -3.404902
v -0.798687 2.178208 -3.372104
v -0.798687 2.178208 -3.131316
v -0.954978 2.413225 -3.120591
v -0.954978 2.413225 -3.382830
v -0.839196 2.121619 -3.359207
v -0.839196 2.121619 -3.144213
v -0.968116 2.183517 -3.149307
v -0.968116 2.183517 -3.354113
v -0.839196 2.081811 -3.349192
v -0.839196 2.081811 -3.154228
v -0.960283 2.070297 -3.162660
v -0.960283 2.070297 -3.340761
v -0.859251 2.031914 -3.325522
v -0.859251 2.031914 -3.177897
v -0.926522 2.022319 -3.166573
v -0.926522 2.022319 -3.336847
v -0.565372 1.811836 -3.251710
v -0.265199 1.684061 -3.251710
v 0.052135 1.714679 -3.205757
v 0.053780 1.700106 -3.251710
v 0.052135 1.714679 -3.297663
v 0.460594 1.769463 -3.251710
v 0.454452 1.781805 -3.297663
v 0.633733 1.845282 -3.205757
v 0.641951 1.835130 -3.251710
v 0.633733 1.845282 -3.297663
v 0.768448 1.870393 -3.205757
v 0.778141 1.861193 -3.251710
v 0.768448 1.870393 -3.297663
v 0.807718 2.096363 -3.205757
v 0.818204 2.095333 -3.251710
v 0.807718 2.096363 -3.297663
v 0.742006 2.293589 -3.205757
v 0.751627 2.299903 -3.251710
v 0.742006 2.293589 -3.297663
v 0.573395 2.338268 -3.205757
v 0.581117 2.346277 -3.251710
v 0.573395 2.338268 -3.297663
v 0.342011 2.283296 -3.205757
v 0.347221 2.289430 -3.251710
v 0.342011 2.283296 -3.297663
v 0.052135 2.239698 -3.205757
v 0.053946 2.244244 -3.251710
v 0.052135 2.239698 -3.297663
v -0.130924 2.291408 -3.205757
v -0.131322 2.297923 -3.251710
v -0.130924 2.291408 -3.297663
v -0.852267 2.544381 -3.205757
v -0.860289 2.558892 -3.251710
v -0.852267 2.544381 -3.297663
v -0.986520 2.478983 -3.205757
v -0.996115 2.491425 -3.251710
v -0.986520 2.478983 -3.297663
v -1.003169 2.197091 -3.215835
v -1.013624 2.199839 -3.251710
v -1.003169 2.197091 -3.287586
v -0.993244 2.058151 -3.215835
v -1.003603 2.055689 -3.251710
v -0.993244 2.058151 -3.287586
v -0.839801 2.121133 -3.297663
v -0.840323 2.121032 -3.251710
v -0.839801 2.121133 -3.205757
v -0.788468 2.190577 -3.205757
v -0.788398 2.193135 -3.251710
v -0.788468 2.190577 -3.297663
v -0.764588 2.229908 -3.205757
v -0.764217 2.233963 -3.251710
v -0.764588 2.229908 -3.297663
v -0.733579 2.248840 -3.205757
v -0.741061 2.253616 -3.251710
v -0.733579 2.248840 -3.297663
v -0.676699 2.196148 -3.205757
v -0.683591 2.198943 -3.251710
v -0.676699 2.196148 -3.297663
v -0.553038 2.005932 -3.205757
v -0.558471 2.001370 -3.251710
v -0.553038 2.005932 -3.297663
v -0.839801 2.072281 -3.297663
v -0.840307 2.070317 -3.251710
v -0.839801 2.072281 -3.205757
v -0.865215 2.011048 -3.287586
v -0.868204 2.006786 -3.251710
v -0.865215 2.011048 -3.215835
v -0.950461 1.999273 -3.287586
v -0.960300 1.994613 -3.251710
v -0.950461 1.999273 -3.215835
v -0.329770 1.774141 -3.036842
v -0.505664 1.825416 -3.070172
v -0.329770 1.774141 -3.466578
v -0.505664 1.825416 -3.433248
v -0.304536 1.714079 -3.205757
v -0.264461 1.690201 -3.232923
v -0.234829 1.700492 -3.205757
v -0.260793 1.720708 -3.176254
v -0.392119 1.651327 -3.174504
v -0.352009 1.653189 -3.137049
v -0.551158 1.824571 -3.176882
v -0.558265 1.834166 -3.205757
v -0.557331 1.816797 -3.232064
v -0.519131 1.792312 -3.205757
v -0.519994 1.708222 -3.145430
v -0.488241 1.686141 -3.174504
v -0.260842 1.720305 -3.326616
v -0.235245 1.700472 -3.297663
v -0.264445 1.690331 -3.270894
v -0.302955 1.713503 -3.297663
v -0.360007 1.634933 -3.366727
v -0.389589 1.632948 -3.332462
v -0.516954 1.791519 -3.297663
v -0.557508 1.816402 -3.269792
v -0.558217 1.835750 -3.297663
v -0.550365 1.826337 -3.329420
v -0.478452 1.637917 -3.325261
v -0.511006 1.642311 -3.354906
v -0.685451 1.540825 -3.176510
v -0.665298 1.514752 -3.147146
v -0.727703 1.594331 -3.136111
v -0.709913 1.572152 -3.169539
v -0.349749 1.671863 -3.092500
v -0.319513 1.711620 -3.076839
v -0.340449 1.721772 -3.054217
v -0.384596 1.693748 -3.067266
v -0.666939 1.516519 -3.102225
v -0.685554 1.539737 -3.069767
v -0.466688 1.719442 -3.067266
v -0.523797 1.815473 -3.093900
v -0.513589 1.722403 -3.100091
v -0.708182 1.568185 -3.064111
v -0.728471 1.594395 -3.092729
v -0.486485 1.347697 -3.147172
v -0.509843 1.323546 -3.175310
v -0.460948 1.277023 -3.173640
v -0.446841 1.302357 -3.135158
v -0.526597 1.307077 -3.170399
v -0.542537 1.284316 -3.136559
v -0.471280 1.241699 -3.137101
v -0.461384 1.266580 -3.171815
v -0.507103 1.325630 -3.069067
v -0.487491 1.346487 -3.102184
v -0.447134 1.301561 -3.103951
v -0.446559 1.286477 -3.066528
v -0.542514 1.283815 -3.093249
v -0.522977 1.311120 -3.065138
v -0.458326 1.273170 -3.067101
v -0.471135 1.241343 -3.094381
v -0.418605 1.288975 -3.178108
v -0.432102 1.319523 -3.147396
v -0.375038 1.191969 -3.132076
v -0.388862 1.222019 -3.168771
v -0.430984 1.317214 -3.102963
v -0.418342 1.289515 -3.070942
v -0.389609 1.226342 -3.063179
v -0.374416 1.191719 -3.097064
v -0.390337 1.343937 -3.148718
v -0.377590 1.315040 -3.179204
v -0.317903 1.181896 -3.135463
v -0.332721 1.214036 -3.168113
v -0.376082 1.312915 -3.071637
v -0.388868 1.340905 -3.102787
v -0.316916 1.181501 -3.091687
v -0.332569 1.217245 -3.062378
v -0.670332 1.509477 -3.146766
v -0.704706 1.515878 -3.177533
v -0.701993 1.488901 -3.176590
v -0.668917 1.495458 -3.145702
v -0.767448 1.527479 -3.168767
v -0.797646 1.532689 -3.134421
v -0.798833 1.497149 -3.133412
v -0.767505 1.497035 -3.168845
v -0.704969 1.515504 -3.070419
v -0.672823 1.509884 -3.103321
v -0.671214 1.495461 -3.104321
v -0.705261 1.495667 -3.070267
v -0.798268 1.532303 -3.094077
v -0.764037 1.525867 -3.063163
v -0.765539 1.502440 -3.063951
v -0.799338 1.496690 -3.094840
v -0.398233 1.644974 -3.439904
v -0.353467 1.691634 -3.451275
v -0.335352 1.681571 -3.431906
v -0.364300 1.640419 -3.412327
v -0.472396 1.379375 -3.437588
v -0.438396 1.373705 -3.410103
v -0.436098 1.368313 -3.365282
v -0.464738 1.367782 -3.330607
v -0.485478 1.369912 -3.327521
v -0.518383 1.375940 -3.355861
v -0.510966 1.645977 -3.400933
v -0.521683 1.755216 -3.412345
v -0.507696 1.757249 -3.432260
v -0.481303 1.647460 -3.433107
v -0.518361 1.379594 -3.401726
v -0.489310 1.380304 -3.435046
v -0.521850 1.247504 -3.436078
v -0.488408 1.238929 -3.408990
v -0.486561 1.238147 -3.363942
v -0.509537 1.237752 -3.329640
v -0.523559 1.235401 -3.328790
v -0.552444 1.239281 -3.356702
v -0.552426 1.239805 -3.402223
v -0.525717 1.231509 -3.435924
v -0.532481 1.179017 -3.436656
v -0.497884 1.170665 -3.409056
v -0.495542 1.169895 -3.364758
v -0.523892 1.174263 -3.330186
v -0.543604 1.170094 -3.327937
v -0.580413 1.171035 -3.358366
v -0.580393 1.171516 -3.400165
v -0.549184 1.171627 -3.435229
v -0.576574 1.126444 -3.436718
v -0.539723 1.125525 -3.406927
v -0.537783 1.124811 -3.365891
v -0.567049 1.124770 -3.330142
v -0.575742 1.124910 -3.328739
v -0.613641 1.125961 -3.361004
v -0.613624 1.126400 -3.399119
v -0.582673 1.126497 -3.435724
v -0.569253 1.062131 -3.439591
v -0.535030 1.062131 -3.411178
v -0.531207 1.062131 -3.366251
v -0.560473 1.062131 -3.332239
v -0.631675 1.062131 -3.325856
v -0.667723 1.062131 -3.358829
v -0.667691 1.062131 -3.398268
v -0.635376 1.062131 -3.433605
v -0.557113 1.025560 -3.440230
v -0.521599 1.025560 -3.412180
v -0.546989 1.025560 -3.332775
v -0.516480 1.025560 -3.366298
v -0.695466 1.025560 -3.354968
v -0.655044 1.025560 -3.325387
v -0.658315 1.025560 -3.433242
v -0.695418 1.025560 -3.401028
v 0.646776 1.952321 -3.012007
v 0.615929 1.816900 -3.039413
v 0.467350 1.918861 -3.012007
v 0.806478 1.987608 -3.180922
v 0.652791 1.772795 -3.180922
v 0.728139 1.834407 -3.429737
v 0.646776 1.952321 -3.491413
v 0.760848 1.991948 -3.429737
v 0.467350 1.918861 -3.491413
v 0.806478 1.987608 -3.322498
v 0.657791 1.639700 -3.180922
v 0.634264 1.642068 -3.073683
v 0.520787 1.127179 -3.167011
v 0.512453 1.131281 -3.088147
v 0.471504 1.088534 -3.181511
v 0.465940 1.091273 -3.073802
v 0.463269 1.054395 -3.181511
v 0.453044 1.055598 -3.073802
v 0.444992 1.010418 -3.181511
v 0.430984 1.010112 -3.073802
v 0.436136 0.963923 -3.181511
v 0.419326 0.963922 -3.073802
v 0.762020 2.100850 -3.110888
v 0.751504 2.113256 -3.098518
v 0.743568 2.096954 -3.092551
v 0.748977 1.987824 -3.067264
v 0.766370 1.991422 -3.086662
v 0.733277 1.829683 -3.086307
v 0.714443 1.832270 -3.069500
v 0.449935 1.790880 -3.190383
v 0.439484 1.779308 -3.205757
v 0.456394 1.777901 -3.220292
v 0.471609 1.787880 -3.205757
v 0.490888 1.725373 -3.162930
v 0.512267 1.724605 -3.180922
v 0.744708 1.789389 -3.180922
v 0.770086 1.833095 -3.193587
v 0.779007 1.834502 -3.180922
v 0.763007 1.802352 -3.159346
v 0.703260 1.646076 -3.180922
v 0.721151 1.645377 -3.162506
v 0.717048 1.647349 -3.091091
v 0.698367 1.646584 -3.073683
v 0.554988 1.630504 -3.164204
v 0.572201 1.638812 -3.180922
v 0.483699 1.777713 -3.039413
v 0.466703 1.792869 -3.035622
v 0.457896 1.787093 -3.051197
v 0.470486 1.765079 -3.059183
v 0.559632 1.635251 -3.073683
v 0.543236 1.632802 -3.093605
v 0.540851 1.124492 -3.167572
v 0.554022 1.110820 -3.154764
v 0.554420 1.110624 -3.102449
v 0.541929 1.123729 -3.089028
v 0.468552 1.153029 -3.152784
v 0.483533 1.143005 -3.165823
v 0.479763 1.144937 -3.087106
v 0.464806 1.154597 -3.100307
v 0.493689 1.077614 -3.163607
v 0.493949 1.077486 -3.093727
v 0.473597 1.087504 -3.074330
v 0.436591 1.105720 -3.162027
v 0.450780 1.095051 -3.180137
v 0.448597 1.095824 -3.072691
v 0.434185 1.106904 -3.090395
v 0.485489 1.047140 -3.182413
v 0.504046 1.049596 -3.164869
v 0.504534 1.049539 -3.093420
v 0.486726 1.046952 -3.075145
v 0.399091 1.061949 -3.162012
v 0.413454 1.050992 -3.179780
v 0.407791 1.050408 -3.072286
v 0.394664 1.062470 -3.090325
v 0.482567 1.011973 -3.182531
v 0.500851 1.011639 -3.164951
v 0.501520 1.011653 -3.093489
v 0.483904 1.011891 -3.075242
v 0.357079 1.008498 -3.162073
v 0.372700 0.998902 -3.179596
v 0.364779 0.997321 -3.072078
v 0.351011 1.008366 -3.090340
v 0.503167 0.963922 -3.165015
v 0.484926 0.963922 -3.182624
v 0.486336 0.963923 -3.075330
v 0.503969 0.963923 -3.093549
v 0.330657 0.963923 -3.162230
v 0.352048 0.963923 -3.179593
v 0.323377 0.963922 -3.090517
v 0.343920 0.963922 -3.072082
v 0.422194 0.963922 -3.092176
v 0.433386 0.963923 -3.163888
v 0.738825 1.464938 -3.168369
v 0.738865 1.454583 -3.167823
v 0.735091 1.444724 -3.167631
v 0.754969 1.442220 -3.154814
v 0.758359 1.451247 -3.154916
v 0.758238 1.460888 -3.155209
v 0.758511 1.460942 -3.101923
v 0.758779 1.451293 -3.102352
v 0.755434 1.442239 -3.102502
v 0.736420 1.444702 -3.089094
v 0.739996 1.454279 -3.088881
v 0.739731 1.464328 -3.088271
v 0.650877 1.448681 -3.153389
v 0.653004 1.439093 -3.152965
v 0.649962 1.429740 -3.152809
v 0.670386 1.428234 -3.165887
v 0.673791 1.437962 -3.166078
v 0.671939 1.447480 -3.166594
v 0.667193 1.446882 -3.086551
v 0.669305 1.437405 -3.087014
v 0.665958 1.427635 -3.087184
v 0.645518 1.429196 -3.100346
v 0.648513 1.438567 -3.100256
v 0.646212 1.448133 -3.100011
v 0.717137 1.455408 -3.167666
v 0.719737 1.446264 -3.167253
v 0.722327 1.437108 -3.167320
v 0.711778 1.435882 -3.088417
v 0.709593 1.445097 -3.087948
v 0.707408 1.454311 -3.087478
v 0.426652 1.837666 -3.392294
v 0.410267 1.843279 -3.404902
v 0.423028 1.861051 -3.410656
v 0.641550 1.650964 -3.429372
v 0.645223 1.667562 -3.449139
v 0.763065 1.775226 -3.357960
v 0.746565 1.764798 -3.338635
v 0.774626 1.857167 -3.322498
v 0.770218 1.851531 -3.310816
v 0.763660 1.834708 -3.342471
v 0.941656 1.412853 -3.418770
v 0.922931 1.407185 -3.430629
v 0.964670 1.323529 -3.447222
v 0.974529 1.345340 -3.429733
v 0.930736 1.415275 -3.356576
v 0.947947 1.417985 -3.369689
v 0.976532 1.351266 -3.358633
v 0.967522 1.326883 -3.339983
v 0.873585 1.357324 -3.368770
v 0.891510 1.366010 -3.356576
v 0.964367 1.295747 -3.339983
v 0.952855 1.281222 -3.357738
v 0.887665 1.362809 -3.430629
v 0.870530 1.354833 -3.417806
v 0.951883 1.278347 -3.428736
v 0.963414 1.291911 -3.447222
v 1.014853 1.336674 -3.447222
v 1.011461 1.355861 -3.430553
v 1.010757 1.367019 -3.359379
v 1.017817 1.351659 -3.339983
v 1.029382 1.250974 -3.339983
v 1.019068 1.235383 -3.357567
v 1.019409 1.229971 -3.428620
v 1.030956 1.243292 -3.447222
v 1.043727 1.340796 -3.447222
v 1.037528 1.360070 -3.430784
v 1.036671 1.373651 -3.359532
v 1.045959 1.359576 -3.339983
v 1.053237 1.232119 -3.339983
v 1.046772 1.213657 -3.357353
v 1.047187 1.207078 -3.428406
v 1.055091 1.223587 -3.447222
v 1.063210 1.353626 -3.447222
v 1.059664 1.374906 -3.430974
v 1.060256 1.371353 -3.339983
v 1.057115 1.390205 -3.359694
v 1.087124 1.210103 -3.357155
v 1.083899 1.229463 -3.339983
v 1.085424 1.220308 -3.447222
v 1.088359 1.202694 -3.428207
v 0.828852 1.672436 -3.447222
v 0.826681 1.654593 -3.428702
v 0.854238 1.663135 -3.447222
v 0.841743 1.648955 -3.428599
v 0.848818 1.634526 -3.428601
v 0.866179 1.638854 -3.447222
v 0.909453 1.697011 -3.447222
v 0.925356 1.709388 -3.430235
v 0.911806 1.690151 -3.447222
v 0.930688 1.694834 -3.430163
v 0.912536 1.718113 -3.430188
v 0.903332 1.700921 -3.447222
v 0.932767 1.714707 -3.359180
v 0.918526 1.704027 -3.339984
v 0.937942 1.700138 -3.359078
v 0.920837 1.697976 -3.339984
v 0.913356 1.707926 -3.339984
v 0.920189 1.723705 -3.359118
v 0.859032 1.666099 -3.339984
v 0.845327 1.651558 -3.357579
v 0.870569 1.642447 -3.339984
v 0.852330 1.637125 -3.357586
v 0.830345 1.657325 -3.357671
v 0.834546 1.675817 -3.339984
v 0.737379 1.748960 -3.447222
v 0.734025 1.792983 -3.454306
v 0.740359 1.795462 -3.439216
v 0.752969 1.764903 -3.430733
v 0.664799 1.674738 -3.339984
v 0.636988 1.663960 -3.337664
v 0.646396 1.655920 -3.357472
v 0.821672 2.248733 -3.251710
v 0.836546 2.228660 -3.212837
v 0.817537 2.296306 -3.251710
v 0.832900 2.270374 -3.212837
v 0.836546 2.228660 -3.290583
v 0.832900 2.270374 -3.290583
v 0.868166 2.192846 -3.251710
v 0.877550 2.179575 -3.212837
v 0.946183 2.306841 -3.251710
v 0.945912 2.279568 -3.212837
v 0.877550 2.179575 -3.290583
v 0.945913 2.279567 -3.290583
v 0.893150 2.163116 -3.251710
v 0.901250 2.153164 -3.212837
v 1.002216 2.175537 -3.251710
v 0.996881 2.164101 -3.212837
v 0.901250 2.153164 -3.290583
v 0.996881 2.164101 -3.290583
v 0.929176 2.006325 -3.251710
v 0.933593 2.012066 -3.212837
v 1.008055 2.015308 -3.251710
v 1.002757 2.019976 -3.212837
v 0.933593 2.012066 -3.290583
v 1.002757 2.019976 -3.290583
v 0.925126 1.962349 -3.251710
v 0.930864 1.973205 -3.212837
v 1.059744 1.902226 -3.251710
v 1.048931 1.920541 -3.212837
v 0.930864 1.973205 -3.290583
v 1.048931 1.920540 -3.290583
v 0.935252 1.883068 -3.251710
v 0.940352 1.902769 -3.212837
v 1.131166 1.795570 -3.251710
v 1.112180 1.826126 -3.212837
v 0.940352 1.902769 -3.290583
v 1.112179 1.826124 -3.290583
v -1.036232 2.529328 -3.141706
v -0.992136 2.484056 -3.063650
v -1.059948 2.477611 -3.154145
v -1.026169 2.423917 -3.083896
v -1.036232 2.529328 -3.361714
v -1.059947 2.477611 -3.349275
v -0.992136 2.484056 -3.439770
v -1.026169 2.423917 -3.419524
v -1.105885 2.488813 -3.134219
v -1.048601 2.468806 -3.072526
v -1.131166 2.465957 -3.138316
v -1.085329 2.442228 -3.080763
v -1.105884 2.488813 -3.369200
v -1.131166 2.465957 -3.365103
v -1.048601 2.468806 -3.430893
v -1.085329 2.442228 -3.422656
v -0.323694 2.448462 -3.201677
v -0.109525 2.320268 -3.201677
v -0.309581 2.364768 -3.091052
v -0.107631 2.260306 -3.069330
v -0.482678 2.507357 -3.201677
v -0.459495 2.412761 -3.084665
v -0.668065 2.577304 -3.201677
v -0.634305 2.469760 -3.069330
v -0.830868 2.573241 -3.201677
v -0.827634 2.466449 -3.069330
v -0.309581 2.364768 -3.412368
v -0.323694 2.448462 -3.301743
v -0.109525 2.320268 -3.301743
v -0.107631 2.260306 -3.434090
v -0.482678 2.507357 -3.301743
v -0.459495 2.412761 -3.418755
v -0.668065 2.577304 -3.301743
v -0.634305 2.469760 -3.434090
v -0.830868 2.573241 -3.301743
v -0.827634 2.466449 -3.434090
v -0.109923 2.326783 -3.251710
v -0.326533 2.459476 -3.251710
v -0.487209 2.520192 -3.251710
v -0.674412 2.592084 -3.251710
v -0.838890 2.587752 -3.251710
v 0.788468 2.237200 -3.251710
v 0.791805 2.248562 -3.251710
v 0.803146 2.252140 -3.251710
v 0.786417 2.232521 -3.205757
v 0.791219 2.244074 -3.206702
v 0.803756 2.245068 -3.208516
v 0.763288 2.294813 -3.251710
v 0.773421 2.291959 -3.251710
v 0.784034 2.291920 -3.251710
v 0.760315 2.291176 -3.205757
v 0.771466 2.289207 -3.206071
v 0.782421 2.286273 -3.207010
v 0.786417 2.232521 -3.297663
v 0.791219 2.244074 -3.296718
v 0.803756 2.245068 -3.294904
v 0.760316 2.291176 -3.297663
v 0.771467 2.289207 -3.297349
v 0.782422 2.286273 -3.296410
v -2.776234 1.479395 -2.022779
v -2.575834 1.479395 -1.822378
v -2.758568 1.641598 -2.013190
v -2.585423 1.641598 -1.840045
v -2.619917 1.978689 -2.151840
v -2.446772 1.978689 -1.978695
v -2.376810 1.832089 -2.438449
v -2.160164 1.832089 -2.221803
v -2.183531 1.867617 -2.631728
v -1.966885 1.867617 -2.415082
v -1.916828 1.876004 -2.898431
v -1.700182 1.876004 -2.681785
v -1.873013 1.715288 -2.942245
v -1.891913 1.458961 -2.490053
v -2.376810 1.404261 -2.438449
v -2.160164 1.404261 -2.221802
v -1.847700 1.629861 -2.447043
v -2.107916 1.579415 -2.186828
v -2.151569 1.629861 -2.750913
v -2.411785 1.579415 -2.490696
v -2.498867 1.874227 -2.316391
v -2.282221 1.874227 -2.099746
v -2.303963 1.551924 -1.990780
v -2.370547 1.391549 -2.011419
v -2.587193 1.391549 -2.228065
v -2.607832 1.551924 -2.294649
v -2.029252 1.912412 -2.786007
v -1.812606 1.912412 -2.569361
v -1.704070 1.668970 -2.590673
v -2.007939 1.668970 -2.894543
v -2.847416 1.796601 -1.937133
v -2.661480 1.796601 -1.751197
v -2.546381 2.026682 -1.866295
v -2.732317 2.026682 -2.052231
v -2.900696 1.839539 -1.914562
v -2.684050 1.839539 -1.697917
v -2.654636 2.083680 -1.727330
v -2.871282 2.083680 -1.943976
v -2.942337 1.824112 -1.839473
v -2.759140 1.824112 -1.656276
v -2.791340 2.080369 -1.590626
v -3.007986 2.080369 -1.807272
v -2.949195 1.792061 -1.819681
v -2.778932 1.792061 -1.649418
v -2.881862 2.027078 -1.531320
v -3.067293 2.027078 -1.716750
v -2.968719 1.735473 -1.781916
v -2.816696 1.735473 -1.629893
v -2.911458 1.797370 -1.542335
v -3.056277 1.797370 -1.687155
v -2.961638 1.695664 -1.774835
v -2.823777 1.695664 -1.636975
v -2.915361 1.684150 -1.557315
v -3.041297 1.684150 -1.683252
v -2.959082 1.645767 -1.743917
v -2.854696 1.645767 -1.639530
v -2.894255 1.636172 -1.583955
v -3.014657 1.636172 -1.704357
v -2.699084 1.425689 -1.899528
v -2.486830 1.297914 -2.111782
v -2.229948 1.328532 -2.303677
v -2.261278 1.313959 -2.337334
v -2.294935 1.328532 -2.368665
v -1.973617 1.383316 -2.624995
v -2.010454 1.395658 -2.653146
v -1.818696 1.459135 -2.714929
v -1.845378 1.448983 -2.753234
v -1.883683 1.459135 -2.779917
v -1.723438 1.484246 -2.810187
v -1.749077 1.475046 -2.849535
v -1.788425 1.484246 -2.875175
v -1.695670 1.710216 -2.837956
v -1.720748 1.709186 -2.877864
v -1.760657 1.710216 -2.902943
v -1.742135 1.907442 -2.791490
v -1.767826 1.913756 -2.830787
v -1.807123 1.907442 -2.856478
v -1.861361 1.952121 -2.672264
v -1.888394 1.960131 -2.710218
v -1.926349 1.952121 -2.737251
v -2.024974 1.897150 -2.508651
v -2.053784 1.903283 -2.544829
v -2.089962 1.897150 -2.573638
v -2.229948 1.853551 -2.303678
v -2.261161 1.858098 -2.337452
v -2.294935 1.853551 -2.368665
v -2.359390 1.905261 -2.174235
v -2.392165 1.911776 -2.206448
v -2.424377 1.905261 -2.239223
v -2.869456 2.158234 -1.664169
v -2.907623 2.172745 -1.690990
v -2.934443 2.158234 -1.729156
v -2.964388 2.092836 -1.569237
v -3.003666 2.105278 -1.594947
v -3.029375 2.092836 -1.634225
v -2.983286 1.810944 -1.564591
v -3.016047 1.813692 -1.582566
v -3.034022 1.810944 -1.615326
v -2.976268 1.672004 -1.571609
v -3.008960 1.669542 -1.589652
v -3.027004 1.672004 -1.622344
v -2.925629 1.734986 -1.737971
v -2.893504 1.734885 -1.705109
v -2.860642 1.734986 -1.672984
v -2.824343 1.804430 -1.709282
v -2.856788 1.806988 -1.741825
v -2.889331 1.804430 -1.774269
v -2.807458 1.843761 -1.726167
v -2.839689 1.847816 -1.758923
v -2.872445 1.843761 -1.791155
v -2.785531 1.862693 -1.748094
v -2.823315 1.867469 -1.775297
v -2.850518 1.862693 -1.813082
v -2.745311 1.810001 -1.788315
v -2.782677 1.812797 -1.815935
v -2.810298 1.810001 -1.853302
v -2.657870 1.619785 -1.875755
v -2.694205 1.615223 -1.904408
v -2.722857 1.619785 -1.940743
v -2.925629 1.686134 -1.737971
v -2.893493 1.684170 -1.705119
v -2.860642 1.686134 -1.672984
v -2.936474 1.624902 -1.712874
v -2.913219 1.620639 -1.685394
v -2.885738 1.624902 -1.662139
v -2.996752 1.613126 -1.652596
v -2.978341 1.608466 -1.620272
v -2.946016 1.613126 -1.601861
v -2.380554 1.387994 -1.914189
v -2.528498 1.439269 -1.813381
v -2.684423 1.387994 -2.218059
v -2.785232 1.439269 -2.070114
v -2.482152 1.327932 -2.051473
v -2.473023 1.304054 -2.099020
v -2.432862 1.314345 -2.100764
v -2.430359 1.334561 -2.061542
v -2.521983 1.265181 -1.967444
v -2.467136 1.267042 -1.969321
v -2.636123 1.438424 -1.856668
v -2.661566 1.448019 -1.872060
v -2.679507 1.430650 -1.891322
v -2.633893 1.406166 -1.899732
v -2.591846 1.322076 -1.856463
v -2.589952 1.299994 -1.899475
v -2.536716 1.334159 -2.167830
v -2.498143 1.314325 -2.165457
v -2.499862 1.304184 -2.125880
v -2.546022 1.327356 -2.117578
v -2.635198 1.248786 -2.126072
v -2.631887 1.246802 -2.080925
v -2.697342 1.405372 -1.966258
v -2.706310 1.430255 -1.917874
v -2.726519 1.449603 -1.937081
v -2.743423 1.440190 -1.965088
v -2.689632 1.251770 -2.012998
v -2.733613 1.256164 -2.010940
v -2.730819 1.154678 -1.761445
v -2.695805 1.128605 -1.754932
v -2.732129 1.208184 -1.703002
v -2.743187 1.186006 -1.739219
v -2.434037 1.285716 -1.939418
v -2.401583 1.325473 -1.949724
v -2.400391 1.335625 -1.918924
v -2.440835 1.307601 -1.896935
v -2.665201 1.130372 -1.722008
v -2.655413 1.153590 -1.685893
v -2.498883 1.333295 -1.838886
v -2.558098 1.429326 -1.817337
v -2.555257 1.336257 -1.828933
v -2.667414 1.182038 -1.665894
v -2.701997 1.208248 -1.671783
v -2.569384 0.961550 -1.881390
v -2.605797 0.937399 -1.884770
v -2.570042 0.890876 -1.918162
v -2.532856 0.916210 -1.900927
v -2.614171 0.920930 -1.869450
v -2.601514 0.898169 -1.834251
v -2.551511 0.855552 -1.885021
v -2.569060 0.880433 -1.916564
v -2.528733 0.939483 -1.811582
v -2.538283 0.960340 -1.848867
v -2.510996 0.915414 -1.878653
v -2.484127 0.900330 -1.852598
v -2.570873 0.897668 -1.803642
v -2.537181 0.924973 -1.797579
v -2.492854 0.887023 -1.844682
v -2.521200 0.855196 -1.854915
v -2.543260 0.902828 -1.951263
v -2.531087 0.933376 -1.920002
v -2.479904 0.805822 -1.949520
v -2.515626 0.835872 -1.965693
v -2.498878 0.931067 -1.889375
v -2.467297 0.903368 -1.875673
v -2.441490 0.840195 -1.890499
v -2.454708 0.805572 -1.925203
v -2.502490 0.957790 -1.950470
v -2.515033 0.928893 -1.981041
v -2.441899 0.795749 -1.992316
v -2.475463 0.827889 -2.004925
v -2.437905 0.926768 -1.906046
v -2.468973 0.954758 -1.919031
v -2.410247 0.795354 -1.962060
v -2.400590 0.831098 -1.930267
v -2.699095 1.123331 -1.751104
v -2.745157 1.129731 -1.748553
v -2.742572 1.102754 -1.749805
v -2.697343 1.109312 -1.751352
v -2.783324 1.141333 -1.697989
v -2.780392 1.146542 -1.652349
v -2.780517 1.111002 -1.650797
v -2.783420 1.110888 -1.698005
v -2.669603 1.129357 -1.672626
v -2.670137 1.123738 -1.718621
v -2.669706 1.109314 -1.720466
v -2.669702 1.109520 -1.672312
v -2.752303 1.146156 -1.623382
v -2.706239 1.139720 -1.625727
v -2.707859 1.116294 -1.625223
v -2.753600 1.110543 -1.623165
v -2.713973 1.258827 -2.150786
v -2.690359 1.305487 -2.190481
v -2.663854 1.295424 -2.189594
v -2.670478 1.254272 -2.155281
v -2.764776 0.993228 -2.096708
v -2.721300 0.987558 -2.101315
v -2.687982 0.982166 -2.071246
v -2.683714 0.981634 -2.026476
v -2.696197 0.983765 -2.009628
v -2.739504 0.989793 -2.006401
v -2.766131 1.259830 -2.043515
v -2.781778 1.369069 -2.044007
v -2.785969 1.371102 -2.067980
v -2.767907 1.261313 -2.087241
v -2.771921 0.993447 -2.038848
v -2.774939 0.994157 -2.082950
v -2.798678 0.861357 -2.060671
v -2.755877 0.852782 -2.065163
v -2.722717 0.852000 -2.034615
v -2.714708 0.851605 -1.994114
v -2.724022 0.849254 -1.983598
v -2.764184 0.853134 -1.982910
v -2.796360 0.853658 -2.015111
v -2.801304 0.845362 -2.057828
v -2.806604 0.792870 -2.053562
v -2.762623 0.784518 -2.058510
v -2.729644 0.783748 -2.028841
v -2.725245 0.788116 -1.984350
v -2.737593 0.783947 -1.968820
v -2.785137 0.784888 -1.964309
v -2.814680 0.785369 -1.993880
v -2.817405 0.785480 -2.040742
v -2.837826 0.740297 -2.022428
v -2.790703 0.739378 -2.027420
v -2.760314 0.738664 -1.999774
v -2.755730 0.738623 -1.953802
v -2.760885 0.738763 -1.946664
v -2.810499 0.739815 -1.942679
v -2.837438 0.740253 -1.969642
v -2.841435 0.740350 -2.017412
v -2.834681 0.675984 -2.029636
v -2.790391 0.675984 -2.033743
v -2.755919 0.675984 -2.004678
v -2.752562 0.675984 -1.959935
v -2.798397 0.675984 -1.905073
v -2.847203 0.675984 -1.902900
v -2.875068 0.675984 -1.930809
v -2.877204 0.675984 -1.978647
v -2.826548 0.639413 -2.038671
v -2.781602 0.639413 -2.043950
v -2.743408 0.639413 -1.969849
v -2.745539 0.639413 -2.015126
v -2.864089 0.639413 -1.880552
v -2.814590 0.639413 -1.888218
v -2.893168 0.639413 -1.962169
v -2.896625 0.639413 -1.913156
v -1.672471 1.566174 -2.587150
v -1.713662 1.430753 -2.584717
v -1.799344 1.532714 -2.460277
v -1.678985 1.601461 -2.819518
v -1.787658 1.386648 -2.710844
v -1.910318 1.448260 -2.940062
v -2.011462 1.566174 -2.926142
v -1.887189 1.605801 -2.963191
v -2.138335 1.532714 -2.799269
v -1.779095 1.601461 -2.919627
v -1.784123 1.253553 -2.714380
v -1.724930 1.255921 -2.621915
v -1.871164 0.741032 -2.607668
v -1.821291 0.745135 -2.546009
v -1.916264 0.702388 -2.583071
v -1.844037 0.705126 -2.502976
v -1.922087 0.668248 -2.577249
v -1.853156 0.669451 -2.493856
v -1.935011 0.624272 -2.564325
v -1.868755 0.623965 -2.478258
v -1.941273 0.577776 -2.558063
v -1.876998 0.577775 -2.470015
v -1.660901 1.714703 -2.738560
v -1.659590 1.727109 -2.722377
v -1.660982 1.710807 -2.712546
v -1.639277 1.601677 -2.698490
v -1.640694 1.605275 -2.724505
v -1.663843 1.443536 -2.700853
v -1.665277 1.446123 -2.675651
v -1.937789 1.404733 -2.574093
v -1.956051 1.393161 -2.577574
v -1.954370 1.391755 -2.599809
v -1.933334 1.401733 -2.600291
v -1.889419 1.339226 -2.583640
v -1.887024 1.338458 -2.611479
v -1.722663 1.403242 -2.775840
v -1.713674 1.446948 -2.802740
v -1.698410 1.448355 -2.800092
v -1.694467 1.416205 -2.773522
v -1.751972 1.259929 -2.746531
v -1.726298 1.259230 -2.746160
v -1.678702 1.261202 -2.692761
v -1.679602 1.260437 -2.667242
v -1.844994 1.244357 -2.629865
v -1.844644 1.252665 -2.653859
v -1.807162 1.391566 -2.491216
v -1.816500 1.406722 -2.476517
v -1.833741 1.400946 -2.481303
v -1.830485 1.378932 -2.495853
v -1.777702 1.249104 -2.569142
v -1.803383 1.246655 -2.571635
v -1.857372 0.738345 -2.622252
v -1.839002 0.724673 -2.622507
v -1.801729 0.724477 -2.585798
v -1.801071 0.737582 -2.567474
v -1.898039 0.766882 -2.560672
v -1.896665 0.756858 -2.580485
v -1.843671 0.758790 -2.522157
v -1.863581 0.768450 -2.520915
v -1.887917 0.691467 -2.586099
v -1.838320 0.691339 -2.536870
v -1.838996 0.701357 -2.508763
v -1.927174 0.719573 -2.544608
v -1.929947 0.708904 -2.567446
v -1.855514 0.709677 -2.489927
v -1.878224 0.720757 -2.492254
v -1.907014 0.660993 -2.593598
v -1.881485 0.663449 -2.594314
v -1.830619 0.663392 -2.544138
v -1.830289 0.660805 -2.518624
v -1.953680 0.675802 -2.518080
v -1.956088 0.664845 -2.540801
v -1.884083 0.664261 -2.460786
v -1.906120 0.676323 -2.464260
v -1.909163 0.625826 -2.591615
v -1.883803 0.625492 -2.592114
v -1.832799 0.625507 -2.542056
v -1.832353 0.625744 -2.516697
v -1.983429 0.622351 -2.488416
v -1.984775 0.612755 -2.511853
v -1.914350 0.611174 -2.430224
v -1.936998 0.622219 -2.433403
v -1.882211 0.577775 -2.593796
v -1.907560 0.577775 -2.593350
v -1.830695 0.577776 -2.518479
v -1.831110 0.577776 -2.543831
v -2.002224 0.577776 -2.469845
v -1.999376 0.577776 -2.497247
v -1.956663 0.577775 -2.413988
v -1.929101 0.577775 -2.415478
v -1.887962 0.577775 -2.485036
v -1.930756 0.577776 -2.543657
v -1.717947 1.078791 -2.762804
v -1.717533 1.068436 -2.762446
v -1.720066 1.058577 -2.759642
v -1.696947 1.056074 -2.764634
v -1.694622 1.065100 -2.767104
v -1.694915 1.074741 -2.767225
v -1.657043 1.074795 -2.729739
v -1.657156 1.065146 -2.730232
v -1.659628 1.056092 -2.727972
v -1.663592 1.058555 -2.705046
v -1.660913 1.068133 -2.707425
v -1.660668 1.078181 -2.706807
v -1.769543 1.062534 -2.690022
v -1.767740 1.052946 -2.691227
v -1.769780 1.043593 -2.688966
v -1.764586 1.042087 -2.712655
v -1.762313 1.051815 -2.715197
v -1.763988 1.061333 -2.714252
v -1.710744 1.060735 -2.654299
v -1.709579 1.051258 -2.656119
v -1.712066 1.041488 -2.653872
v -1.735826 1.043049 -2.648725
v -1.733644 1.052420 -2.650780
v -1.735098 1.061986 -2.648980
v -1.732786 1.069262 -2.746971
v -1.730655 1.060117 -2.748517
v -1.728871 1.050961 -2.750396
v -1.680538 1.049735 -2.687144
v -1.681751 1.058950 -2.685267
v -1.682964 1.068164 -2.683389
v -2.097025 1.451519 -2.700403
v -2.117527 1.457132 -2.697732
v -2.112572 1.474904 -2.710824
v -1.971288 1.264818 -2.878576
v -1.982668 1.281415 -2.895151
v -1.834867 1.389080 -2.914005
v -1.832871 1.378651 -2.888673
v -1.801618 1.471021 -2.897104
v -1.796474 1.465384 -2.885727
v -1.823495 1.448561 -2.903473
v -1.751585 1.026706 -3.083287
v -1.773210 1.021038 -3.078431
v -1.755430 0.937382 -3.119678
v -1.736092 0.959193 -3.114284
v -1.715328 1.029128 -3.031587
v -1.712430 1.031838 -3.053030
v -1.684400 0.965119 -3.065425
v -1.677584 0.940736 -3.045866
v -1.764363 0.971177 -2.999798
v -1.743065 0.979863 -3.003851
v -1.679815 0.909600 -3.043635
v -1.700509 0.895075 -3.048050
v -1.798146 0.976662 -3.053495
v -1.801196 0.968686 -3.032312
v -1.751400 0.892200 -3.097566
v -1.756317 0.905764 -3.118791
v -1.719945 0.950527 -3.155164
v -1.710557 0.969714 -3.140979
v -1.660727 0.980872 -3.090153
v -1.642020 0.965512 -3.081430
v -1.633842 0.864827 -3.089608
v -1.653569 0.849236 -3.094748
v -1.703570 0.843824 -3.145232
v -1.708559 0.857145 -3.166550
v -1.699528 0.954649 -3.175581
v -1.692287 0.973923 -3.159575
v -1.642511 0.987504 -3.108585
v -1.622120 0.973429 -3.101330
v -1.616974 0.845972 -3.106475
v -1.633828 0.827510 -3.114187
v -1.683776 0.820931 -3.164722
v -1.691492 0.837440 -3.183617
v -1.685751 0.967479 -3.189357
v -1.676769 0.988759 -3.175361
v -1.612010 0.985206 -3.111439
v -1.628170 1.004058 -3.123156
v -1.605154 0.823956 -3.142581
v -1.595293 0.843315 -3.128158
v -1.670044 0.834161 -3.205065
v -1.654523 0.816547 -3.193695
v -1.851468 1.286289 -3.023641
v -1.839907 1.268447 -3.009010
v -1.833517 1.276988 -3.041591
v -1.829183 1.262808 -3.019587
v -1.824182 1.248379 -3.024592
v -1.825074 1.252707 -3.050035
v -1.794474 1.310864 -3.080635
v -1.771217 1.323241 -3.079868
v -1.792810 1.304005 -3.082299
v -1.767396 1.308687 -3.083587
v -1.780249 1.331966 -3.070770
v -1.798802 1.314774 -3.076307
v -1.715733 1.328560 -3.034865
v -1.712229 1.317880 -3.011220
v -1.712002 1.313991 -3.038452
v -1.710595 1.311829 -3.012855
v -1.715885 1.321779 -3.007565
v -1.724583 1.337558 -3.025927
v -1.754298 1.279952 -2.969152
v -1.776430 1.265411 -2.971903
v -1.746140 1.256300 -2.977310
v -1.771483 1.250978 -2.976860
v -1.787089 1.271178 -2.961374
v -1.771612 1.289670 -2.951838
v -1.916148 1.362814 -2.958960
v -1.923529 1.406836 -2.961598
v -1.908380 1.409315 -2.955406
v -1.893465 1.378756 -2.958325
v -1.891641 1.288592 -2.831808
v -1.909666 1.277813 -2.810503
v -1.917021 1.269773 -2.831162
v -1.718296 1.862586 -2.880317
v -1.680291 1.842513 -2.863346
v -1.721220 1.910159 -2.877393
v -1.682869 1.884227 -2.860768
v -1.735267 1.842513 -2.918322
v -1.737844 1.884227 -2.915744
v -1.685420 1.806699 -2.913192
v -1.651297 1.793428 -2.892340
v -1.630254 1.920694 -2.968358
v -1.602957 1.893421 -2.940681
v -1.706273 1.793428 -2.947315
v -1.657932 1.893420 -2.995656
v -1.667753 1.776970 -2.930859
v -1.634539 1.767017 -2.909099
v -1.590632 1.789390 -3.007981
v -1.566917 1.777954 -2.976721
v -1.689514 1.767017 -2.964074
v -1.621892 1.777954 -3.031695
v -1.642280 1.620178 -2.956333
v -1.611668 1.625919 -2.931969
v -1.586504 1.629161 -3.012109
v -1.562762 1.633829 -2.980875
v -1.666644 1.625919 -2.986944
v -1.617738 1.633829 -3.035851
v -1.645143 1.576202 -2.953469
v -1.613598 1.587058 -2.930039
v -1.549954 1.516079 -3.048658
v -1.530112 1.534394 -3.013525
v -1.668574 1.587058 -2.985014
v -1.585088 1.534393 -3.068500
v -1.637983 1.496921 -2.960629
v -1.606889 1.516622 -2.936748
v -1.499451 1.409423 -3.099161
v -1.485389 1.439979 -3.058248
v -1.661865 1.516622 -2.991723
v -1.540365 1.439977 -3.113223
v -2.954248 2.143181 -1.488795
v -2.867874 2.097909 -1.464781
v -2.979814 2.091464 -1.480822
v -2.906255 2.037770 -1.455033
v -3.109817 2.143181 -1.644364
v -3.117791 2.091464 -1.618799
v -3.133831 2.097909 -1.730739
v -3.143580 2.037770 -1.692357
v -2.998206 2.102666 -1.434249
v -2.914077 2.082659 -1.431131
v -3.018980 2.079810 -1.419270
v -2.945872 2.056082 -1.410985
v -3.164363 2.102666 -1.600407
v -3.179343 2.079810 -1.579633
v -3.167481 2.082659 -1.684536
v -3.187627 2.056081 -1.652740
v -2.492814 2.062314 -2.035042
v -2.341374 1.934121 -2.186482
v -2.404611 1.978621 -1.966797
v -2.246451 1.874159 -2.094237
v -2.605232 2.121210 -1.922623
v -2.506099 2.026614 -1.856276
v -2.736321 2.191157 -1.791534
v -2.618865 2.083613 -1.721823
v -2.851440 2.187094 -1.676415
v -2.755570 2.080302 -1.585118
v -2.631816 1.978621 -2.194002
v -2.563571 2.062314 -2.105799
v -2.412131 1.934121 -2.257240
v -2.504375 1.874159 -2.352162
v -2.675990 2.121210 -1.993380
v -2.742337 2.026614 -2.092513
v -2.807078 2.191157 -1.862292
v -2.876790 2.083613 -1.979747
v -2.922197 2.187094 -1.747173
v -3.013494 2.080302 -1.843043
v -2.377033 1.940636 -2.221579
v -2.530200 2.073329 -2.068413
v -2.643815 2.134045 -1.954798
v -2.776187 2.205937 -1.822425
v -2.892491 2.201605 -1.706121
v -1.741775 1.851053 -2.856838
v -1.739416 1.862415 -2.859196
v -1.731396 1.865993 -2.867216
v -1.710732 1.846374 -2.822893
v -1.708005 1.857927 -2.826957
v -1.700423 1.858921 -2.837105
v -1.759580 1.908666 -2.839032
v -1.752415 1.905812 -2.846197
v -1.744911 1.905773 -2.853702
v -1.729189 1.905029 -2.804437
v -1.721525 1.903060 -2.812544
v -1.714443 1.900126 -2.820954
v -1.775720 1.846374 -2.887881
v -1.771656 1.857927 -2.890608
v -1.761508 1.858921 -2.898190
v -1.794176 1.905029 -2.869425
v -1.786068 1.903060 -2.877088
v -1.777658 1.900126 -2.884170
v -3.393415 1.415836 0.532774
v -3.110006 1.415836 0.532774
v -3.374143 1.578038 0.527062
v -3.129278 1.578038 0.527062
v -3.374143 1.915129 0.330981
v -3.129278 1.915129 0.330981
v -3.404902 1.768530 -0.043585
v -3.098519 1.768530 -0.043585
v -3.404902 1.804057 -0.316923
v -3.098519 1.804057 -0.316923
v -3.404902 1.812445 -0.694098
v -3.098519 1.812445 -0.694098
v -3.404902 1.651728 -0.756061
v -3.098519 1.395401 -0.422949
v -3.404902 1.340701 -0.043585
v -3.098519 1.340701 -0.043585
v -3.036843 1.566302 -0.423799
v -3.036843 1.515855 -0.055798
v -3.466578 1.566302 -0.423799
v -3.466578 1.515855 -0.055798
v -3.404902 1.810667 0.129031
v -3.098519 1.810667 0.129031
v -3.036843 1.488364 0.221454
v -3.098519 1.327990 0.253942
v -3.404902 1.327990 0.253942
v -3.466578 1.488364 0.221454
v -3.404902 1.848853 -0.535106
v -3.098519 1.848853 -0.535106
v -3.036843 1.605411 -0.626923
v -3.466578 1.605411 -0.626923
v -3.383187 1.733041 0.643667
v -3.120234 1.733041 0.643667
v -3.120234 1.963122 0.480894
v -3.383187 1.963122 0.480894
v -3.404902 1.775979 0.697302
v -3.098519 1.775979 0.697302
v -3.098519 2.020121 0.655705
v -3.404902 2.020121 0.655705
v -3.381250 1.760552 0.779843
v -3.122171 1.760552 0.779843
v -3.098519 2.016810 0.849033
v -3.404902 2.016810 0.849033
v -3.372104 1.728502 0.798687
v -3.131317 1.728502 0.798687
v -3.120591 1.963518 0.954978
v -3.382830 1.963518 0.954978
v -3.359208 1.671913 0.839197
v -3.144214 1.671913 0.839197
v -3.149307 1.733810 0.968116
v -3.354114 1.733810 0.968116
v -3.349192 1.632105 0.839197
v -3.154229 1.632105 0.839197
v -3.162660 1.620591 0.960284
v -3.340761 1.620591 0.960284
v -3.325523 1.582207 0.859251
v -3.177898 1.582207 0.859251
v -3.166574 1.572612 0.926522
v -3.336848 1.572612 0.926522
v -3.251710 1.362129 0.565372
v -3.251710 1.234354 0.265199
v -3.205758 1.264972 -0.052135
v -3.251710 1.250400 -0.053780
v -3.297663 1.264972 -0.052135
v -3.251710 1.319756 -0.460594
v -3.297663 1.332099 -0.454451
v -3.205758 1.395576 -0.633733
v -3.251710 1.385423 -0.641951
v -3.297663 1.395576 -0.633733
v -3.205758 1.420686 -0.768448
v -3.251710 1.411486 -0.778141
v -3.297663 1.420686 -0.768448
v -3.205758 1.646656 -0.807718
v -3.251710 1.645626 -0.818204
v -3.297663 1.646656 -0.807718
v -3.205758 1.843883 -0.742006
v -3.251710 1.850196 -0.751627
v -3.297663 1.843883 -0.742006
v -3.205758 1.888562 -0.573395
v -3.251710 1.896571 -0.581117
v -3.297663 1.888562 -0.573395
v -3.205758 1.833590 -0.342011
v -3.251710 1.839723 -0.347221
v -3.297663 1.833590 -0.342011
v -3.205758 1.789992 -0.052135
v -3.251710 1.794538 -0.053946
v -3.297663 1.789992 -0.052135
v -3.205758 1.841702 0.130924
v -3.251710 1.848217 0.131322
v -3.297663 1.841702 0.130924
v -3.205758 2.094674 0.852267
v -3.251710 2.109185 0.860290
v -3.297663 2.094674 0.852267
v -3.205758 2.029276 0.986520
v -3.251710 2.041718 0.996115
v -3.297663 2.029276 0.986520
v -3.215835 1.747385 1.003169
v -3.251710 1.750132 1.013624
v -3.287586 1.747385 1.003169
v -3.215835 1.608445 0.993244
v -3.251710 1.605982 1.003603
v -3.287586 1.608445 0.993244
v -3.297663 1.671427 0.839802
v -3.251710 1.671326 0.840323
v -3.205758 1.671427 0.839802
v -3.205758 1.740870 0.788468
v -3.251710 1.743429 0.788398
v -3.297663 1.740870 0.788468
v -3.205758 1.780202 0.764588
v -3.251710 1.784256 0.764217
v -3.297663 1.780202 0.764588
v -3.205758 1.799133 0.733579
v -3.251710 1.803909 0.741061
v -3.297663 1.799133 0.733579
v -3.205758 1.746441 0.676699
v -3.251710 1.749237 0.683591
v -3.297663 1.746441 0.676699
v -3.205758 1.556226 0.553038
v -3.251710 1.551663 0.558471
v -3.297663 1.556226 0.553038
v -3.297663 1.622575 0.839802
v -3.251710 1.620610 0.840308
v -3.205758 1.622575 0.839802
v -3.287586 1.561342 0.865215
v -3.251710 1.557079 0.868204
v -3.215835 1.561342 0.865215
v -3.287586 1.549567 0.950461
v -3.251710 1.544906 0.960300
v -3.215835 1.549567 0.950461
v -3.036843 1.324435 0.329770
v -3.070173 1.375709 0.505664
v -3.466578 1.324435 0.329770
v -3.433249 1.375709 0.505664
v -3.205758 1.264372 0.304536
v -3.232923 1.240495 0.264461
v -3.205758 1.250785 0.234829
v -3.176255 1.271002 0.260793
v -3.174505 1.201621 0.392119
v -3.137050 1.203482 0.352009
v -3.176884 1.374865 0.551158
v -3.205758 1.384459 0.558265
v -3.232065 1.367090 0.557331
v -3.205758 1.342606 0.519131
v -3.145430 1.258516 0.519994
v -3.174505 1.236434 0.488241
v -3.326617 1.270599 0.260842
v -3.297663 1.250765 0.235245
v -3.270894 1.240624 0.264445
v -3.297663 1.263796 0.302955
v -3.366727 1.185226 0.360007
v -3.332462 1.183242 0.389589
v -3.297663 1.341812 0.516955
v -3.269792 1.366695 0.557508
v -3.297663 1.386044 0.558217
v -3.329421 1.376631 0.550366
v -3.325262 1.188210 0.478452
v -3.354906 1.192604 0.511007
v -3.176511 1.091118 0.685451
v -3.147147 1.065046 0.665298
v -3.136112 1.144624 0.727703
v -3.169539 1.122446 0.709913
v -3.092501 1.222156 0.349749
v -3.076840 1.261914 0.319512
v -3.054217 1.272065 0.340449
v -3.067266 1.244042 0.384596
v -3.102226 1.066813 0.666939
v -3.069767 1.090031 0.685554
v -3.067266 1.269735 0.466688
v -3.093900 1.365766 0.523797
v -3.100091 1.272697 0.513589
v -3.064112 1.118478 0.708182
v -3.092730 1.144688 0.728471
v -3.147173 0.897991 0.486485
v -3.175311 0.873839 0.509843
v -3.173640 0.827317 0.460948
v -3.135159 0.852650 0.446841
v -3.170399 0.857371 0.526597
v -3.136560 0.834610 0.542537
v -3.137102 0.791993 0.471280
v -3.171816 0.816873 0.461385
v -3.069067 0.875924 0.507103
v -3.102185 0.896780 0.487491
v -3.103951 0.851854 0.447134
v -3.066528 0.836770 0.446559
v -3.093250 0.834108 0.542515
v -3.065139 0.861413 0.522978
v -3.067101 0.823464 0.458327
v -3.094382 0.791637 0.471135
v -3.178108 0.839268 0.418606
v -3.147396 0.869816 0.432103
v -3.132077 0.742262 0.375038
v -3.168772 0.772312 0.388862
v -3.102964 0.867507 0.430984
v -3.070943 0.839809 0.418342
v -3.063179 0.776635 0.389609
v -3.097065 0.742013 0.374416
v -3.148719 0.894230 0.390337
v -3.179204 0.865333 0.377590
v -3.135464 0.732190 0.317903
v -3.168113 0.764329 0.332721
v -3.071637 0.863209 0.376082
v -3.102787 0.891199 0.388868
v -3.091688 0.731794 0.316916
v -3.062379 0.767539 0.332569
v -3.146766 1.059771 0.670332
v -3.177534 1.066171 0.704706
v -3.176591 1.039194 0.701993
v -3.145703 1.045752 0.668917
v -3.168768 1.077773 0.767448
v -3.134422 1.082982 0.797646
v -3.133412 1.047442 0.798833
v -3.168846 1.047328 0.767505
v -3.070420 1.065797 0.704969
v -3.103321 1.060178 0.672823
v -3.104321 1.045755 0.671214
v -3.070268 1.045960 0.705261
v -3.094077 1.082597 0.798268
v -3.063163 1.076160 0.764038
v -3.063952 1.052734 0.765539
v -3.094841 1.046983 0.799338
v -3.439905 1.195267 0.398233
v -3.451276 1.241927 0.353467
v -3.431906 1.231864 0.335352
v -3.412327 1.190712 0.364300
v -3.437589 0.929668 0.472396
v -3.410104 0.923998 0.438396
v -3.365283 0.918606 0.436098
v -3.330608 0.918075 0.464738
v -3.327521 0.920205 0.485478
v -3.355862 0.926234 0.518383
v -3.400934 1.196271 0.510966
v -3.412346 1.305510 0.521683
v -3.432261 1.307543 0.507696
v -3.433108 1.197754 0.481304
v -3.401727 0.929888 0.518361
v -3.435047 0.930598 0.489310
v -3.436079 0.797798 0.521850
v -3.408991 0.789223 0.488409
v -3.363942 0.788440 0.486561
v -3.329640 0.788045 0.509537
v -3.328791 0.785694 0.523559
v -3.356703 0.789575 0.552444
v -3.402225 0.790098 0.552426
v -3.435925 0.781803 0.525717
v -3.436657 0.729310 0.532482
v -3.409056 0.720959 0.497884
v -3.364758 0.720189 0.495542
v -3.330187 0.724556 0.523892
v -3.327937 0.720388 0.543605
v -3.358366 0.721328 0.580414
v -3.400166 0.721810 0.580393
v -3.435230 0.721921 0.549184
v -3.436718 0.676738 0.576574
v -3.406928 0.675818 0.539723
v -3.365891 0.675105 0.537783
v -3.330143 0.675064 0.567049
v -3.328740 0.675203 0.575742
v -3.361005 0.676255 0.613641
v -3.399120 0.676694 0.613624
v -3.435724 0.676790 0.582673
v -3.439592 0.612424 0.569253
v -3.411178 0.612424 0.535030
v -3.366251 0.612424 0.531208
v -3.332239 0.612424 0.560473
v -3.325856 0.612424 0.631676
v -3.358830 0.612424 0.667723
v -3.398269 0.612424 0.667692
v -3.433606 0.612424 0.635376
v -3.440230 0.575854 0.557113
v -3.412181 0.575854 0.521599
v -3.332776 0.575854 0.546989
v -3.366299 0.575854 0.516480
v -3.354969 0.575854 0.695466
v -3.325388 0.575854 0.655044
v -3.433243 0.575854 0.658316
v -3.401029 0.575854 0.695418
v -3.012008 1.502614 -0.646776
v -3.039413 1.367194 -0.615929
v -3.012008 1.469154 -0.467350
v -3.180923 1.537902 -0.806478
v -3.180923 1.323088 -0.652791
v -3.429738 1.384700 -0.728139
v -3.491414 1.502614 -0.646776
v -3.429738 1.542241 -0.760848
v -3.491414 1.469154 -0.467350
v -3.322499 1.537901 -0.806478
v -3.180923 1.189994 -0.657791
v -3.073684 1.192361 -0.634264
v -3.167013 0.677473 -0.520787
v -3.088148 0.681575 -0.512453
v -3.181512 0.638828 -0.471504
v -3.073802 0.641566 -0.465940
v -3.181512 0.604689 -0.463270
v -3.073802 0.605892 -0.453044
v -3.181512 0.560712 -0.444992
v -3.073802 0.560405 -0.430984
v -3.181512 0.514216 -0.436136
v -3.073802 0.514215 -0.419326
v -3.110889 1.651143 -0.762020
v -3.098519 1.663549 -0.751503
v -3.092552 1.647247 -0.743568
v -3.067265 1.538117 -0.748977
v -3.086663 1.541716 -0.766370
v -3.086307 1.379976 -0.733277
v -3.069501 1.382563 -0.714443
v -3.190384 1.341174 -0.449935
v -3.205758 1.329601 -0.439484
v -3.220292 1.328195 -0.456394
v -3.205758 1.338174 -0.471609
v -3.162930 1.275666 -0.490888
v -3.180923 1.274899 -0.512267
v -3.180923 1.339683 -0.744708
v -3.193588 1.383388 -0.770086
v -3.180923 1.384795 -0.779007
v -3.159346 1.352646 -0.763007
v -3.180923 1.196370 -0.703260
v -3.162506 1.195671 -0.721151
v -3.091091 1.197642 -0.717048
v -3.073683 1.196877 -0.698367
v -3.164204 1.180797 -0.554987
v -3.180923 1.189105 -0.572202
v -3.039413 1.328007 -0.483699
v -3.035622 1.343163 -0.466703
v -3.051198 1.337387 -0.457895
v -3.059183 1.315372 -0.470487
v -3.073684 1.185545 -0.559632
v -3.093606 1.183096 -0.543236
v -3.167573 0.674785 -0.540851
v -3.154764 0.661114 -0.554022
v -3.102450 0.660918 -0.554420
v -3.089029 0.674022 -0.541929
v -3.152785 0.703322 -0.468552
v -3.165824 0.693298 -0.483533
v -3.087107 0.695230 -0.479762
v -3.100308 0.704891 -0.464805
v -3.163607 0.627907 -0.493689
v -3.093728 0.627779 -0.493949
v -3.074331 0.637797 -0.473597
v -3.162028 0.656013 -0.436591
v -3.180138 0.645345 -0.450780
v -3.072691 0.646117 -0.448597
v -3.090396 0.657197 -0.434185
v -3.182414 0.597433 -0.485488
v -3.164869 0.599890 -0.504046
v -3.093421 0.599832 -0.504535
v -3.075146 0.597245 -0.486726
v -3.162013 0.612243 -0.399091
v -3.179781 0.601285 -0.413454
v -3.072286 0.600701 -0.407790
v -3.090326 0.612763 -0.394664
v -3.182532 0.562267 -0.482567
v -3.164952 0.561932 -0.500851
v -3.093490 0.561947 -0.501520
v -3.075243 0.562184 -0.483904
v -3.162073 0.558792 -0.357079
v -3.179597 0.549195 -0.372700
v -3.072078 0.547614 -0.364778
v -3.090341 0.558659 -0.351011
v -3.165016 0.514215 -0.503166
v -3.182625 0.514215 -0.484926
v -3.075331 0.514216 -0.486336
v -3.093550 0.514216 -0.503969
v -3.162230 0.514216 -0.330657
v -3.179593 0.514216 -0.352048
v -3.090518 0.514216 -0.323377
v -3.072083 0.514216 -0.343920
v -3.092177 0.514215 -0.422194
v -3.163889 0.514216 -0.433386
v -3.168370 1.015231 -0.738825
v -3.167824 1.004876 -0.738865
v -3.167632 0.995017 -0.735091
v -3.154814 0.992514 -0.754969
v -3.154917 1.001540 -0.758359
v -3.155210 1.011182 -0.758238
v -3.101924 1.011235 -0.758511
v -3.102353 1.001587 -0.758779
v -3.102502 0.992532 -0.755433
v -3.089094 0.994996 -0.736420
v -3.088882 1.004573 -0.739996
v -3.088272 1.014621 -0.739731
v -3.153389 0.998974 -0.650877
v -3.152966 0.989387 -0.653004
v -3.152810 0.980034 -0.649962
v -3.165888 0.978528 -0.670386
v -3.166079 0.988255 -0.673791
v -3.166594 0.997774 -0.671938
v -3.086552 0.997175 -0.667193
v -3.087015 0.987698 -0.669305
v -3.087185 0.977928 -0.665958
v -3.100346 0.979489 -0.645517
v -3.100257 0.988860 -0.648513
v -3.100012 0.998426 -0.646212
v -3.167667 1.005702 -0.717137
v -3.167253 0.996558 -0.719737
v -3.167321 0.987402 -0.722328
v -3.088418 0.986175 -0.711778
v -3.087949 0.995390 -0.709593
v -3.087478 1.004605 -0.707408
v -3.392295 1.387959 -0.426652
v -3.404902 1.393573 -0.410267
v -3.410656 1.411345 -0.423028
v -3.429372 1.201258 -0.641549
v -3.449140 1.217856 -0.645223
v -3.357960 1.325520 -0.763065
v -3.338636 1.315091 -0.746564
v -3.322499 1.407461 -0.774626
v -3.310816 1.401824 -0.770218
v -3.342472 1.385002 -0.763660
v -3.418771 0.963146 -0.941656
v -3.430629 0.957479 -0.922930
v -3.447223 0.873822 -0.964669
v -3.429734 0.895634 -0.974529
v -3.356577 0.965568 -0.930735
v -3.369690 0.968278 -0.947947
v -3.358634 0.901559 -0.976532
v -3.339984 0.877176 -0.967522
v -3.368771 0.907617 -0.873585
v -3.356577 0.916303 -0.891510
v -3.339984 0.846040 -0.964366
v -3.357739 0.831515 -0.952855
v -3.430629 0.913103 -0.887665
v -3.417807 0.905126 -0.870531
v -3.428737 0.828640 -0.951883
v -3.447223 0.842204 -0.963414
v -3.447223 0.886967 -1.014853
v -3.430554 0.906154 -1.011461
v -3.359380 0.917313 -1.010757
v -3.339984 0.901953 -1.017816
v -3.339984 0.801267 -1.029382
v -3.357568 0.785676 -1.019067
v -3.428621 0.780264 -1.019409
v -3.447223 0.793585 -1.030956
v -3.447223 0.891090 -1.043727
v -3.430785 0.910363 -1.037528
v -3.359533 0.923944 -1.036671
v -3.339984 0.909869 -1.045959
v -3.339984 0.782412 -1.053236
v -3.357354 0.763951 -1.046771
v -3.428407 0.757371 -1.047187
v -3.447223 0.773880 -1.055091
v -3.447223 0.903919 -1.063210
v -3.430975 0.925200 -1.059664
v -3.339984 0.921646 -1.060256
v -3.359695 0.940499 -1.057115
v -3.357156 0.760396 -1.087124
v -3.339984 0.779756 -1.083899
v -3.447223 0.770601 -1.085424
v -3.428208 0.752987 -1.088359
v -3.447223 1.222729 -0.828852
v -3.428703 1.204887 -0.826681
v -3.447223 1.213429 -0.854238
v -3.428599 1.199249 -0.841743
v -3.428602 1.184820 -0.848818
v -3.447223 1.189148 -0.866179
v -3.447223 1.247305 -0.909453
v -3.430235 1.259682 -0.925356
v -3.447223 1.240445 -0.911806
v -3.430164 1.245127 -0.930688
v -3.430189 1.268406 -0.912536
v -3.447223 1.251215 -0.903333
v -3.359181 1.265000 -0.932767
v -3.339984 1.254321 -0.918526
v -3.359079 1.250432 -0.937942
v -3.339984 1.248269 -0.920837
v -3.339984 1.258220 -0.913356
v -3.359119 1.273998 -0.920189
v -3.339984 1.216392 -0.859032
v -3.357579 1.201852 -0.845327
v -3.339984 1.192740 -0.870568
v -3.357586 1.187419 -0.852330
v -3.357671 1.207618 -0.830344
v -3.339984 1.226110 -0.834546
v -3.447223 1.299254 -0.737379
v -3.454307 1.343277 -0.734025
v -3.439216 1.345755 -0.740359
v -3.430734 1.315197 -0.752970
v -3.339984 1.225032 -0.664798
v -3.337664 1.214253 -0.636988
v -3.357473 1.206213 -0.646396
v -3.251710 1.799026 -0.821672
v -3.212837 1.778954 -0.836546
v -3.251710 1.846599 -0.817537
v -3.212837 1.820667 -0.832900
v -3.290584 1.778954 -0.836546
v -3.290584 1.820667 -0.832900
v -3.251710 1.743139 -0.868166
v -3.212837 1.729869 -0.877549
v -3.251710 1.857135 -0.946182
v -3.212837 1.829861 -0.945913
v -3.290584 1.729869 -0.877549
v -3.290584 1.829860 -0.945913
v -3.251710 1.713410 -0.893151
v -3.212837 1.703457 -0.901250
v -3.251710 1.725831 -1.002216
v -3.212837 1.714395 -0.996881
v -3.290584 1.703457 -0.901250
v -3.290584 1.714394 -0.996881
v -3.251710 1.556618 -0.929176
v -3.212837 1.562359 -0.933593
v -3.251710 1.565601 -1.008055
v -3.212837 1.570270 -1.002757
v -3.290584 1.562359 -0.933593
v -3.290584 1.570269 -1.002756
v -3.251710 1.512642 -0.925127
v -3.212837 1.523498 -0.930864
v -3.251710 1.452520 -1.059744
v -3.212837 1.470834 -1.048931
v -3.290584 1.523498 -0.930864
v -3.290584 1.470833 -1.048931
v -3.251710 1.433362 -0.935252
v -3.212837 1.453062 -0.940351
v -3.251710 1.345863 -1.131165
v -3.212837 1.376419 -1.112180
v -3.290584 1.453062 -0.940351
v -3.290584 1.376418 -1.112179
v -3.141706 2.079622 1.036232
v -3.063650 2.034349 0.992136
v -3.154146 2.027904 1.059948
v -3.083897 1.974211 1.026170
v -3.361715 2.079622 1.036232
v -3.349275 2.027904 1.059948
v -3.439771 2.034349 0.992136
v -3.419524 1.974211 1.026170
v -3.134220 2.039106 1.105885
v -3.072527 2.019099 1.048601
v -3.138317 2.016251 1.131166
v -3.080764 1.992522 1.085329
v -3.369201 2.039106 1.105885
v -3.365104 2.016251 1.131166
v -3.430895 2.019099 1.048601
v -3.422657 1.992522 1.085329
v -3.201678 1.998755 0.323694
v -3.201678 1.870562 0.109525
v -3.091052 1.915061 0.309582
v -3.069330 1.810599 0.107631
v -3.201678 2.057651 0.482678
v -3.084666 1.963054 0.459495
v -3.201678 2.127597 0.668065
v -3.069330 2.020053 0.634306
v -3.201678 2.123534 0.830868
v -3.069330 2.016742 0.827634
v -3.412369 1.915061 0.309582
v -3.301744 1.998755 0.323694
v -3.301744 1.870562 0.109525
v -3.434091 1.810599 0.107631
v -3.301744 2.057651 0.482678
v -3.418756 1.963054 0.459495
v -3.301744 2.127597 0.668065
v -3.434091 2.020053 0.634306
v -3.301744 2.123534 0.830868
v -3.434091 2.016742 0.827634
v -3.251710 1.877077 0.109923
v -3.251710 2.009770 0.326533
v -3.251710 2.070486 0.487209
v -3.251710 2.142378 0.674412
v -3.251710 2.138045 0.838890
v -3.251710 1.787493 -0.788468
v -3.251710 1.798856 -0.791805
v -3.251710 1.802433 -0.803146
v -3.205758 1.782814 -0.786416
v -3.206702 1.794367 -0.791218
v -3.208517 1.795361 -0.803755
v -3.251710 1.845106 -0.763288
v -3.251710 1.842252 -0.773421
v -3.251710 1.842213 -0.784033
v -3.205758 1.841469 -0.760314
v -3.206072 1.839501 -0.771466
v -3.207011 1.836566 -0.782421
v -3.297663 1.782814 -0.786416
v -3.296719 1.794367 -0.791218
v -3.294904 1.795361 -0.803756
v -3.297663 1.841469 -0.760316
v -3.297350 1.839501 -0.771467
v -3.296410 1.836566 -0.782422
vn 0.5721 -0.4765 -0.6675
vn 0.6981 -0.0304 -0.7153
vn 0.5726 -0.5005 -0.6494
vn 0.7646 0.0225 -0.6441
vn 0.4228 0.0944 -0.9013
vn 0.2694 0.5785 -0.7699
vn 0.6095 0.5807 -0.5398
vn 0.6671 0.4989 -0.5533
vn 0.6187 0.4612 -0.6360
vn 0.6921 0.2897 -0.6611
vn -0.8055 0.0376 0.5914
vn -0.9177 0.2459 -0.3122
vn -0.7787 -0.1380 0.6120
vn -0.6612 -0.5421 0.5186
vn -0.6441 0.0225 0.7646
vn -0.7108 0.0231 0.7030
vn -0.7474 0.2660 0.6088
vn -0.8356 0.4855 0.2570
vn -0.9726 0.2224 0.0674
vn -0.5535 0.4989 0.6669
vn -0.6452 0.1388 0.7513
vn -0.6611 0.2897 0.6921
vn -0.3180 0.6954 0.6445
vn 0.7627 0.1081 -0.6376
vn 0.8538 0.0174 -0.5203
vn -0.4390 -0.1766 0.8809
vn -0.8052 -0.1063 0.5834
vn -0.4190 -0.0079 0.9080
vn -0.6376 0.1081 0.7627
vn 0.7147 0.0527 -0.6975
vn -0.2976 0.7422 0.6005
vn 0.7497 -0.2309 -0.6202
vn -0.6267 -0.2419 0.7408
vn -0.7568 -0.0365 0.6526
vn 0.6526 -0.0365 -0.7568
vn 0.7078 -0.2078 -0.6752
vn -0.6724 -0.2066 0.7108
vn -0.7452 -0.0098 0.6667
vn 0.7664 -0.0720 -0.6383
vn 0.7872 -0.1963 -0.5846
vn -0.6383 -0.0720 0.7664
vn 0.7884 -0.1269 -0.6020
vn 0.6739 -0.2343 -0.7007
vn -0.3303 -0.4497 0.8299
vn -0.6017 -0.1270 0.7885
vn 0.7751 -0.1178 -0.6207
vn 0.6323 -0.2376 -0.7374
vn -0.3939 -0.8241 0.4070
vn -0.6207 -0.1178 0.7752
vn 0.7657 -0.1199 -0.6320
vn 0.4598 -0.2603 -0.8490
vn -0.6159 -0.6459 0.4511
vn -0.6320 -0.1199 0.7657
vn 0.6729 -0.5887 -0.4479
vn 0.1402 -0.6281 -0.7654
vn -0.7680 -0.5240 0.3682
vn -0.4479 -0.5887 0.6729
vn 0.2703 -0.7322 0.6252
vn 0.0844 -0.9930 0.0823
vn 0.4338 -0.7934 0.4270
vn -0.6831 -0.3801 -0.6236
vn -0.5835 -0.5623 -0.5860
vn -0.6491 -0.4078 -0.6422
vn -0.5860 -0.5623 -0.5835
vn -0.6006 -0.5493 -0.5811
vn 0.8129 -0.0812 0.5768
vn 0.9340 0.0386 0.3552
vn -0.5664 -0.7969 -0.2103
vn -0.6152 -0.7850 -0.0729
vn 0.1201 0.9794 -0.1621
vn 0.2617 0.9651 -0.0096
vn 0.1801 0.9580 -0.2229
vn -0.0306 0.8162 -0.5770
vn -0.0964 0.1615 -0.9822
vn -0.2997 0.2160 -0.9293
vn -0.0000 -1.0000 -0.0000
vn 0.3030 -0.8264 -0.4746
vn 0.1666 -0.9091 -0.3819
vn 0.2846 -0.8624 -0.4187
vn -0.0698 0.8282 -0.5560
vn 0.0800 0.7820 -0.6181
vn -0.0136 0.8393 -0.5434
vn 0.8782 -0.2758 0.3908
vn 0.6588 -0.6142 0.4344
vn 0.0381 0.8545 -0.5181
vn 0.1932 0.7741 -0.6029
vn 0.1125 -0.9698 0.2163
vn 0.1351 0.8699 -0.4745
vn 0.3069 0.7841 -0.5395
vn -0.5193 -0.7680 -0.3748
vn 0.3004 0.8772 -0.3747
vn 0.4573 0.7761 -0.4343
vn 0.5349 0.8113 0.2359
vn 0.8483 0.5223 -0.0878
vn 0.7988 0.4836 -0.3577
vn 0.9262 0.0337 0.3756
vn 0.9243 -0.0058 0.3816
vn 0.9446 -0.0390 0.3259
vn -0.6156 -0.2523 -0.7465
vn 0.9558 -0.2074 0.2085
vn -0.6973 -0.2107 -0.6851
vn -0.0171 -0.8555 0.5175
vn 0.2085 -0.2074 0.9558
vn -0.4092 -0.8399 0.3566
vn -0.4259 -0.8151 0.3928
vn -0.9971 0.0730 0.0228
vn -0.8931 -0.1580 -0.4212
vn -0.9830 0.0915 -0.1595
vn -0.6867 0.7208 -0.0949
vn -0.1739 0.9640 0.2014
vn -0.0012 0.9630 0.2693
vn -0.1192 0.9871 0.1067
vn -0.6181 0.7820 0.0801
vn -0.5561 0.8282 -0.0698
vn -0.5434 0.8393 -0.0136
vn -0.4749 0.8797 -0.0231
vn -0.6030 0.7740 0.1930
vn -0.5565 0.8226 0.1164
vn -0.5395 0.7841 0.3069
vn -0.4668 0.8392 0.2789
vn -0.4343 0.7761 0.4573
vn -0.3771 0.8325 0.4058
vn 0.2359 0.8113 0.5349
vn -0.0878 0.5223 0.8483
vn -0.0661 0.5043 0.8610
vn 0.3753 -0.0138 0.9268
vn 0.3756 0.0337 0.9262
vn 0.3259 -0.0390 0.9446
vn 0.3952 -0.2911 0.8712
vn 0.0931 -0.9865 0.1344
vn 0.3907 -0.6707 0.6305
vn 0.4720 -0.3566 0.8063
vn -0.5199 0.0176 0.8540
vn 0.5355 -0.1608 0.8291
vn -0.6792 -0.2159 -0.7015
vn -0.2208 -0.8308 -0.5109
vn 0.5067 -0.8617 -0.0277
vn -0.1832 -0.9173 0.3536
vn -0.1121 -0.9921 -0.0556
vn 0.0383 -0.9375 -0.3458
vn -0.2492 -0.9657 -0.0727
vn -0.4095 -0.8986 0.1572
vn -0.3733 -0.9276 -0.0093
vn -0.2148 -0.9652 -0.1489
vn -0.3688 -0.5392 -0.7571
vn 0.0070 -0.9383 -0.3457
vn -0.7571 -0.5392 -0.3688
vn -0.3748 -0.6878 -0.6217
vn -0.7063 -0.0500 -0.7062
vn -0.5211 -0.0508 -0.8520
vn 0.2881 -0.9132 0.2881
vn 0.5814 -0.8107 -0.0694
vn 0.5803 -0.8115 -0.0684
vn -0.0694 -0.8107 0.5813
vn 0.2884 -0.9131 0.2883
vn 0.0019 1.0000 0.0019
vn -0.2119 0.9516 -0.2227
vn 0.1353 0.9815 0.1353
vn -0.0105 0.9999 -0.0105
vn -0.0334 0.9397 -0.3404
vn -0.3405 0.9397 -0.0334
vn -0.1968 0.9605 -0.1968
vn -0.3639 0.8574 -0.3639
vn -0.3177 0.9018 -0.2930
vn -0.2501 0.9354 -0.2501
vn -0.1206 0.9880 -0.0961
vn 0.4063 0.8325 -0.3766
vn 0.0186 0.9997 0.0186
vn 0.3106 0.8983 0.3106
vn 0.8839 0.2333 0.4054
vn 0.5310 0.8458 0.0516
vn 0.4054 0.2333 0.8839
vn 0.6681 0.5820 0.4636
vn 0.7070 0.0168 0.7070
vn 0.6852 -0.2469 0.6853
vn 0.8712 -0.2911 0.3952
vn -0.7055 -0.2050 -0.6784
vn -0.4052 -0.6638 -0.6286
vn -0.5133 -0.6484 -0.5622
vn 0.2251 -0.9479 0.2255
vn 0.5670 -0.5975 0.5670
vn 0.6488 -0.3981 0.6485
vn 0.8399 -0.0235 0.5423
vn -0.4297 -0.8253 -0.3664
vn 0.3443 -0.8971 0.2769
vn 0.0024 -0.4320 -0.9019
vn 0.2833 -0.4101 -0.8669
vn -0.0713 -0.5026 -0.8616
vn 0.7894 0.1496 -0.5953
vn 0.8689 0.1617 -0.4678
vn 0.7919 0.1119 -0.6003
vn 0.8205 0.2471 -0.5155
vn -0.9203 0.1184 0.3730
vn -0.8289 -0.5455 -0.1242
vn -0.8992 -0.3580 0.2515
vn -0.5161 0.2459 0.8205
vn -0.5199 0.1707 0.8370
vn 0.3656 0.0529 0.9293
vn 0.4811 -0.1390 0.8655
vn -0.5952 0.1496 0.7895
vn 0.3564 -0.8402 -0.4088
vn 0.3189 -0.9389 -0.1295
vn 0.3931 -0.8153 -0.4252
vn 0.6406 -0.7332 0.2281
vn 0.3943 -0.9108 0.1224
vn -0.1461 -0.6312 0.7617
vn 0.7111 -0.3305 0.6206
vn 0.8026 0.0497 -0.5945
vn 0.5113 -0.4431 -0.7363
vn -0.6548 0.4070 -0.6369
vn -0.6482 0.4073 -0.6434
vn -0.6553 0.4092 -0.6350
vn -0.6573 -0.5872 0.4725
vn -0.3180 -0.8767 -0.3609
vn -0.6733 -0.5803 0.4582
vn -0.4614 -0.8855 -0.0548
vn -0.7419 -0.2026 0.6392
vn 0.3953 -0.3403 0.8532
vn -0.0498 0.7487 0.6611
vn -0.4631 0.3827 0.7994
vn 0.1095 0.7919 0.6008
vn 0.5240 -0.4906 -0.6962
vn -0.4816 -0.4658 -0.7423
vn -0.5088 -0.7183 -0.4746
vn 0.3250 -0.2124 -0.9216
vn -0.4408 -0.2857 -0.8509
vn 0.8172 -0.5549 -0.1561
vn 0.9079 -0.0840 0.4107
vn 0.8291 -0.1212 -0.5459
vn 0.9369 0.0939 0.3368
vn 0.8646 0.0235 -0.5019
vn -0.9591 -0.2405 -0.1496
vn -0.7375 0.0187 0.6751
vn -0.2281 0.3561 0.9062
vn 0.3392 0.5528 0.7612
vn 0.0548 -0.8084 -0.5861
vn 0.0049 -0.7492 -0.6623
vn 0.5197 -0.3208 -0.7919
vn -0.1787 -0.2703 -0.9461
vn 0.6098 0.7896 0.0681
vn 0.7740 0.2558 -0.5792
vn 0.6450 0.7627 0.0486
vn 0.8829 0.3095 -0.3532
vn -0.8439 0.2531 0.4730
vn -0.7330 0.6619 -0.1571
vn -0.7402 0.6582 -0.1375
vn -0.7559 0.6088 -0.2410
vn -0.7705 0.2623 0.5810
vn 0.2316 0.6650 0.7100
vn -0.5931 0.1238 0.7955
vn 0.1805 -0.7479 0.6388
vn -0.1208 -0.5344 0.8366
vn -0.2950 -0.4809 0.8257
vn -0.3172 -0.5567 0.7678
vn 0.1092 -0.8288 0.5488
vn -0.4660 -0.5136 0.7204
vn 0.0323 -0.9040 0.4264
vn 0.4103 0.4594 -0.7878
vn -0.1707 0.6960 -0.6975
vn 0.4381 0.3059 -0.8453
vn -0.2646 0.7130 -0.6493
vn -0.1912 0.6470 -0.7381
vn 0.6439 0.7543 0.1281
vn 0.7335 0.3183 -0.6006
vn 0.6660 0.7406 0.0889
vn 0.6278 -0.7713 0.1043
vn 0.8481 -0.4497 -0.2802
vn 0.6760 -0.6888 0.2619
vn 0.7967 -0.4193 -0.4353
vn 0.7066 -0.3089 -0.6366
vn 0.6168 -0.7857 0.0469
vn 0.7771 -0.3706 -0.5086
vn 0.1790 0.6855 0.7057
vn -0.6009 0.1501 0.7851
vn -0.5542 -0.4951 0.6691
vn -0.1007 -0.9282 0.3581
vn 0.7686 0.3050 -0.5623
vn 0.6027 0.7969 0.0405
vn 0.4740 -0.8797 -0.0381
vn 0.7203 -0.3833 -0.5781
vn -0.7928 -0.0473 0.6076
vn 0.0291 -0.3046 0.9520
vn 0.8142 0.5344 0.2270
vn -0.9252 -0.2648 -0.2717
vn -0.8744 -0.1045 0.4738
vn -0.9286 -0.2554 -0.2693
vn -0.4898 0.0242 0.8715
vn 0.2505 -0.1243 -0.9601
vn -0.4712 -0.2686 -0.8401
vn 0.9623 0.1375 -0.2348
vn 0.3919 -0.0021 0.9200
vn -0.2661 0.0515 0.9626
vn 0.4182 0.0981 0.9030
vn 0.0401 0.1991 0.9791
vn 0.3966 0.2660 0.8786
vn -0.9422 -0.2625 0.2082
vn 0.2529 -0.2900 -0.9230
vn -0.4281 -0.3959 -0.8124
vn 0.8900 0.2905 0.3513
vn 0.9383 0.2124 -0.2729
vn -0.0506 0.3200 0.9461
vn 0.3597 0.4549 0.8147
vn -0.7897 -0.5977 -0.1387
vn -0.8949 -0.0544 0.4430
vn 0.2576 -0.4511 -0.8545
vn -0.2909 -0.6460 -0.7057
vn 0.8479 0.4462 0.2863
vn 0.8626 0.2782 -0.4225
vn -0.2084 0.3519 0.9125
vn 0.3059 0.5874 0.7493
vn -0.9504 0.1079 -0.2916
vn -0.8551 0.0707 0.5136
vn -0.4276 0.0908 -0.8994
vn 0.3691 0.0554 -0.9277
vn -0.4340 0.1933 -0.8799
vn 0.7836 0.5632 0.2623
vn 0.8596 0.2691 -0.4343
vn -0.3059 0.3020 0.9029
vn 0.3061 0.5929 0.7449
vn -0.9382 0.1928 -0.2875
vn -0.8537 0.1134 0.5082
vn 0.3680 0.1274 -0.9211
vn -0.4535 0.3609 -0.8149
vn 0.7637 0.5923 0.2567
vn 0.8695 0.2513 -0.4252
vn -0.3175 0.2865 0.9040
vn 0.3127 0.5898 0.7446
vn -0.5932 -0.0629 0.8026
vn 0.8551 -0.1563 0.4944
vn -0.8018 -0.5790 -0.1481
vn 0.4189 0.3672 -0.8305
vn 0.0948 0.8048 0.5859
vn 0.4023 -0.9067 -0.1267
vn 0.3050 -0.1090 -0.9461
vn -0.8764 -0.3835 -0.2911
vn 0.2331 -0.1471 -0.9613
vn -0.8928 0.3311 -0.3054
vn 0.7557 0.5914 0.2815
vn 0.0436 -0.9079 0.4169
vn 0.9766 -0.1785 -0.1196
vn 0.9471 -0.0764 0.3117
vn -0.4026 -0.8742 0.2715
vn 0.6002 -0.4882 -0.6336
vn -0.6333 -0.4889 0.5999
vn -0.6557 0.4110 -0.6334
vn -0.6487 0.4113 -0.6404
vn -0.6559 0.4126 -0.6321
vn -0.6485 0.4088 -0.6421
vn -0.9021 -0.4305 -0.0298
vn -0.4173 -0.7757 -0.4733
vn 0.6289 0.2564 -0.7340
vn 0.8072 0.0222 -0.5898
vn 0.5369 0.0520 -0.8420
vn 0.7633 -0.4948 0.4154
vn 0.7944 0.1838 -0.5788
vn -0.9719 -0.1430 -0.1870
vn -0.6227 -0.2290 -0.7482
vn -0.9500 -0.2514 -0.1851
vn -0.7334 -0.3032 0.6085
vn -0.7122 -0.3074 0.6311
vn -0.7120 -0.3078 0.6311
vn -0.3528 -0.1538 0.9230
vn -0.8237 -0.0562 -0.5642
vn -0.3944 -0.2025 -0.8964
vn -0.1410 -0.1546 -0.9779
vn -0.0213 -0.9023 -0.4306
vn 0.6946 -0.2273 -0.6826
vn 0.5655 -0.1826 -0.8043
vn -0.2975 -0.0114 -0.9547
vn 0.1077 0.1648 -0.9804
vn -0.2359 -0.1394 -0.9617
vn 0.2748 -0.0245 -0.9612
vn -0.4395 -0.0042 -0.8982
vn -0.6409 -0.3769 0.6687
vn 0.4926 -0.5302 0.6901
vn 0.5037 -0.5519 0.6647
vn -0.2846 -0.1467 0.9473
vn 0.3751 -0.4926 0.7853
vn -0.8572 -0.2227 0.4642
vn -0.8068 -0.0233 -0.5904
vn -0.8435 -0.0333 0.5361
vn 0.7244 -0.5359 0.4336
vn 0.7923 -0.2567 -0.5535
vn -0.8751 -0.2105 0.4358
vn -0.8391 -0.4665 -0.2797
vn -0.8079 0.0621 0.5860
vn 0.4740 -0.1964 -0.8583
vn -0.3119 -0.4768 -0.8218
vn -0.3866 -0.5763 -0.7200
vn -0.5023 0.1602 0.8497
vn 0.3555 0.6105 0.7078
vn 0.3172 0.5255 0.7895
vn 0.7476 0.2696 -0.6070
vn 0.6757 0.6191 0.4002
vn 0.8108 0.2994 -0.5029
vn -0.9254 0.0643 0.3735
vn 0.4018 0.0395 -0.9149
vn -0.5539 0.1186 -0.8241
vn -0.4880 0.2024 0.8491
vn 0.3670 0.6194 0.6940
vn 0.8393 0.2062 -0.5031
vn -0.8398 -0.0083 -0.5428
vn -0.8704 0.0016 0.4924
vn -0.5629 -0.0076 -0.8265
vn -0.5246 0.1516 0.8378
vn 0.3963 0.5616 0.7263
vn 0.6595 0.5778 0.4809
vn 0.8313 0.1591 -0.5325
vn -0.8735 0.0163 0.4865
vn 0.4991 0.0099 -0.8665
vn -0.5665 0.0494 -0.8226
vn -0.4696 0.1660 0.8671
vn 0.4469 0.5065 0.7374
vn 0.8716 0.1836 -0.4544
vn -0.4968 -0.0294 -0.8674
vn -0.3322 0.1860 -0.9247
vn -0.7286 -0.1519 0.6678
vn -0.7074 -0.0356 0.7059
vn -0.6077 -0.1523 -0.7794
vn 0.3840 -0.1758 -0.9064
vn -0.5449 -0.3430 0.7651
vn 0.6855 -0.1222 -0.7177
vn 0.7534 -0.6102 0.2449
vn -0.6948 0.0434 0.7179
vn -0.8472 -0.4572 -0.2705
vn 0.6741 0.0104 -0.7386
vn 0.4439 -0.0025 -0.8961
vn -0.4547 0.3017 0.8380
vn 0.6401 0.1067 -0.7608
vn 0.6801 0.6645 0.3095
vn -0.6802 0.0147 0.7329
vn -0.9274 -0.0523 -0.3703
vn 0.6811 -0.0157 -0.7320
vn 0.8373 0.4305 0.3370
vn -0.6867 0.0101 0.7269
vn 0.3809 -0.1535 -0.9118
vn 0.6871 -0.0115 -0.7265
vn -0.6894 0.0075 0.7243
vn -0.8368 0.0479 -0.5454
vn 0.6894 -0.0077 -0.7243
vn 0.6483 0.5244 0.5520
vn 0.8316 -0.5459 -0.1023
vn 0.8420 -0.3145 0.4383
vn -0.9693 -0.1235 0.2128
vn -0.7505 -0.5014 -0.4305
vn -0.9258 -0.2974 0.2333
vn -0.8108 0.1855 -0.5551
vn -0.8917 -0.3476 -0.2899
vn -0.4593 -0.2131 -0.8623
vn 0.4479 -0.0909 -0.8895
vn 0.3423 -0.2416 -0.9080
vn -0.4540 0.2862 -0.8438
vn -0.3200 -0.3443 -0.8827
vn 0.3639 0.1098 0.9249
vn -0.6045 0.0841 0.7922
vn 0.2946 0.5039 0.8119
vn -0.6175 -0.1280 0.7761
vn -0.5261 -0.0946 0.8452
vn 0.7994 0.2235 -0.5577
vn 0.8614 0.0311 0.5070
vn 0.7643 0.5183 0.3838
vn 0.7840 -0.0707 -0.6167
vn 0.8321 -0.0940 -0.5466
vn -0.9888 0.0770 0.1276
vn 0.4233 -0.1161 -0.8985
vn 0.0193 -0.4040 0.9146
vn 0.8018 -0.5610 0.2060
vn -0.7070 -0.0709 0.7037
vn -0.7025 -0.0717 0.7081
vn 0.6863 -0.0637 -0.7246
vn -0.6886 0.0044 0.7251
vn 0.6849 -0.0218 -0.7283
vn -0.6974 -0.0426 0.7155
vn -0.6853 0.0138 0.7281
vn -0.6921 -0.0232 0.7215
vn 0.6809 -0.0416 -0.7312
vn -0.6658 -0.5517 0.5024
vn -0.6975 0.1644 -0.6975
vn 0.1603 -0.6515 0.7415
vn -0.5383 -0.3477 0.7677
vn 0.0746 -0.9290 0.3624
vn -0.1102 -0.9847 0.1352
vn 0.0122 0.5252 -0.8509
vn 0.5865 0.3041 -0.7507
vn -0.1756 0.9422 -0.2855
vn 0.6159 -0.0465 -0.7865
vn -0.7357 -0.2407 -0.6331
vn -0.9965 0.0328 -0.0764
vn -0.9184 -0.0255 0.3948
vn -0.8808 0.0447 -0.4714
vn -0.8349 0.1881 0.5173
vn -0.8457 0.4585 -0.2731
vn -0.6598 0.1091 0.7435
vn -0.0552 0.8985 0.4355
vn -0.6693 0.1606 0.7254
vn -0.5863 0.1247 -0.8005
vn 0.3748 -0.0196 -0.9269
vn 0.5587 -0.0081 -0.8293
vn -0.4097 0.4451 -0.7962
vn 0.4117 0.9024 0.1272
vn 0.7422 0.1826 -0.6448
vn 0.2895 0.9419 0.1702
vn 0.8789 -0.0615 -0.4731
vn 0.8768 -0.1096 0.4682
vn 0.8592 -0.2589 0.4413
vn 0.6157 -0.7374 0.2777
vn 0.8449 -0.1958 -0.4979
vn 0.5716 -0.7861 0.2355
vn 0.7809 -0.1814 -0.5977
vn -0.4075 -0.1967 0.8918
vn 0.5526 -0.1179 0.8250
vn -0.5944 -0.0744 0.8007
vn 0.3367 -0.7507 0.5684
vn 0.2778 -0.1589 0.9474
vn -0.3856 -0.2205 0.8959
vn 0.3086 -0.7934 0.5247
vn -0.0040 0.8642 0.5032
vn -0.6836 0.0867 0.7247
vn 0.3320 0.8999 0.2829
vn 0.7441 -0.1822 -0.6427
vn -0.6348 -0.1998 0.7464
vn 0.1864 -0.9286 0.3208
vn -0.6318 0.1383 0.7627
vn 0.7851 0.1623 -0.5977
vn 0.4271 0.7837 0.4511
vn 0.2369 -0.9655 -0.1079
vn 0.7048 -0.1941 -0.6824
vn 0.0203 -0.9917 0.1269
vn -0.6179 -0.1321 0.7751
vn 0.0849 -0.9132 0.3985
vn 0.4622 -0.4288 0.7762
vn -0.7558 0.2402 0.6091
vn -0.4166 0.9090 -0.0094
vn -0.8798 0.3769 -0.2896
vn -0.8017 0.2867 0.5245
vn -0.6056 0.7933 -0.0625
vn 0.3289 0.0093 -0.9443
vn -0.3523 -0.0301 -0.9354
vn -0.5456 0.6035 -0.5814
vn 0.6934 -0.6901 0.2075
vn 0.8106 -0.2794 -0.5146
vn 0.7792 -0.1256 -0.6141
vn 0.7021 -0.1268 -0.7007
vn 0.1972 -0.9661 -0.1669
vn 0.6078 -0.2660 -0.7482
vn 0.2521 -0.9670 0.0366
vn -0.8940 0.1872 0.4072
vn -0.0085 -0.4368 0.8995
vn 0.6056 -0.2384 -0.7592
vn 0.6377 -0.2774 -0.7186
vn 0.3200 -0.7315 0.6021
vn 0.5495 -0.4571 -0.6994
vn 0.5060 -0.5622 -0.6542
vn 0.7524 0.0913 -0.6524
vn -0.2675 0.9002 0.3437
vn -0.5617 -0.3852 0.7322
vn 0.5870 0.3781 -0.7159
vn 0.3924 -0.9035 -0.1725
vn 0.1773 0.7783 0.6023
vn -0.6725 -0.2178 0.7073
vn -0.6027 -0.1437 0.7849
vn -0.4662 -0.8367 0.2874
vn -0.6991 -0.3400 0.6291
vn -0.8570 -0.2020 -0.4741
vn -0.5498 -0.4976 -0.6709
vn -0.4016 -0.1602 -0.9017
vn -0.9752 -0.1428 -0.1691
vn 0.4545 -0.6793 0.5762
vn 0.5430 -0.6406 0.5430
vn 0.5186 -0.6407 0.5661
vn 0.3846 0.8136 -0.4361
vn 0.0574 0.9967 0.0574
vn 0.0140 0.9998 0.0152
vn 0.6970 -0.0006 -0.7170
vn 0.7071 -0.0000 -0.7071
vn 0.6845 0.0046 -0.7290
vn 0.5762 -0.6793 0.4545
vn 0.4256 -0.8512 0.3072
vn -0.7170 -0.0006 0.6971
vn -0.7071 -0.0000 0.7071
vn -0.4361 0.8136 0.3846
vn -0.3580 0.8170 0.4520
vn 0.5157 -0.6563 0.5508
vn 0.6634 -0.3461 0.6634
vn 0.7589 -0.2939 0.5811
vn -0.4383 0.3801 -0.8145
vn -0.6862 0.2415 -0.6862
vn -0.6504 0.3925 -0.6504
vn 0.5508 -0.6563 0.5157
vn 0.5413 -0.6434 0.5413
vn -0.8145 0.3801 -0.4383
vn -0.8131 0.1825 -0.5528
vn 0.6992 -0.1490 0.6992
vn 0.7846 -0.1714 0.5959
vn -0.5528 0.1825 -0.8131
vn -0.6886 0.2274 -0.6886
vn 0.5811 -0.2939 0.7589
vn -0.7682 0.1911 -0.6110
vn 0.8062 -0.0393 0.5903
vn -0.6052 0.4667 -0.6450
vn -0.6078 0.5110 -0.6078
vn 0.5903 -0.0393 0.8062
vn 0.7261 -0.0463 0.6860
vn -0.6451 0.4666 -0.6051
vn 0.8216 -0.1263 0.5559
vn -0.6095 0.5562 -0.5650
vn -0.5876 0.5564 -0.5875
vn 0.5559 -0.1263 0.8216
vn 0.7014 -0.1267 0.7014
vn -0.5650 0.5562 -0.6095
vn 0.1757 0.9166 -0.3592
vn 0.4492 0.5807 -0.6789
vn 0.3312 0.6695 -0.6650
vn -0.2612 0.5737 0.7763
vn -0.0872 0.9476 0.3073
vn -0.0905 -0.8101 0.5792
vn -0.1606 -0.8453 0.5096
vn -0.1147 -0.8019 0.5863
vn 0.4297 -0.5457 -0.7194
vn 0.4777 -0.4438 -0.7582
vn 0.7763 0.5737 -0.2612
vn 0.0683 0.9741 0.2154
vn 0.8494 0.4584 -0.2616
vn -0.3592 0.9166 0.1757
vn -0.6834 0.5788 0.4449
vn -0.7194 -0.5457 0.4297
vn -0.6649 0.6695 0.3313
vn 0.5792 -0.8101 -0.0905
vn 0.5096 -0.8453 -0.1606
vn 0.5816 -0.8092 -0.0831
vn -0.2615 0.4584 0.8494
vn -0.2292 -0.8704 0.4358
vn -0.3348 -0.9067 0.2564
vn 0.7032 -0.2591 -0.6621
vn 0.7915 0.4445 -0.4195
vn -0.3577 0.4836 0.7988
vn -0.7582 -0.4438 0.4777
vn 0.4358 -0.8704 -0.2292
vn 0.5605 -0.8229 0.0931
vn 0.5252 -0.8386 0.1448
vn 0.5224 -0.8396 0.1488
vn -0.6238 -0.7698 -0.1353
vn -0.6888 -0.6087 -0.3936
vn -0.6076 -0.7889 -0.0921
vn 0.3242 -0.9415 0.0916
vn 0.3275 -0.9411 0.0845
vn 0.3281 -0.9410 0.0832
vn 0.3302 -0.9405 0.0806
vn 0.3409 -0.9383 0.0576
vn 0.3423 -0.9380 0.0545
vn 0.8083 0.5727 0.1368
vn 0.8181 0.5227 0.2397
vn 0.8189 0.5109 0.2617
vn -0.0226 -0.9997 -0.0016
vn -0.1353 -0.7698 -0.6238
vn -0.3937 -0.6087 -0.6888
vn -0.4407 -0.5695 -0.6938
vn 0.0931 -0.8229 0.5605
vn 0.1448 -0.8386 0.5252
vn 0.0883 -0.8213 0.5636
vn 0.0916 -0.9415 0.3242
vn 0.0845 -0.9411 0.3275
vn 0.0928 -0.9416 0.3236
vn 0.0806 -0.9405 0.3302
vn 0.0576 -0.9383 0.3409
vn 0.0834 -0.9407 0.3289
vn -0.0016 -0.9997 -0.0226
vn 0.1368 0.5727 0.8083
vn 0.2397 0.5227 0.8181
vn 0.1230 0.5787 0.8062
vn -0.6285 -0.5902 -0.5067
vn -0.6301 -0.5886 -0.5066
vn -0.6335 -0.5850 -0.5064
vn -0.5067 -0.5902 -0.6285
vn -0.5066 -0.5886 -0.6300
vn -0.5069 -0.5935 -0.6252
vn 0.7572 0.5583 0.3390
vn 0.7625 0.5513 0.3386
vn 0.7480 0.5702 0.3397
vn 0.3390 0.5583 0.7572
vn 0.3386 0.5513 0.7625
vn 0.3378 0.5385 0.7720
vn -0.6238 0.1947 -0.7570
vn -0.0354 0.9761 -0.2146
vn -0.2331 0.9441 -0.2331
vn 0.7002 0.0054 -0.7140
vn 0.7094 -0.0037 -0.7048
vn -0.7570 0.1947 -0.6238
vn -0.6921 0.2051 -0.6921
vn -0.7140 0.0054 0.7002
vn -0.2146 0.9761 -0.0354
vn 0.1075 -0.8903 0.4425
vn 0.0505 0.9456 -0.3215
vn 0.0422 0.9982 0.0420
vn 0.6052 0.0234 -0.7957
vn 0.6271 0.0248 -0.7786
vn 0.4425 -0.8903 0.1075
vn 0.1279 -0.9835 0.1279
vn -0.7957 0.0233 0.6052
vn -0.7290 0.0046 0.6845
vn -0.3215 0.9456 0.0505
vn -0.6749 -0.2985 -0.6749
vn -0.6576 -0.3687 -0.6569
vn -0.6515 -0.3837 -0.6545
vn -0.1842 -0.9655 -0.1842
vn -0.1478 -0.9890 0.0049
vn -0.1150 -0.9931 0.0238
vn 0.6244 0.0373 -0.7802
vn 0.6737 0.0064 -0.7390
vn -0.2141 0.9713 -0.1033
vn -0.1108 0.9876 -0.1109
vn -0.1033 0.9713 -0.2141
vn 0.0049 -0.9890 -0.1479
vn -0.2127 -0.9537 -0.2127
vn -0.6570 -0.3687 -0.6576
vn -0.6785 -0.2817 -0.6785
vn -0.7796 0.0372 0.6251
vn -0.7786 0.0248 0.6271
vn -0.7048 -0.0037 0.7094
vn -0.7391 0.0064 0.6736
vn -0.0674 -0.4762 -0.8767
vn -0.0121 -0.0304 -0.9995
vn -0.0543 -0.5001 -0.8642
vn 0.0852 0.0225 -0.9961
vn -0.3380 0.0943 -0.9364
vn -0.3539 0.5785 -0.7349
vn 0.0494 0.5804 -0.8129
vn 0.0805 0.4985 -0.8631
vn -0.0122 0.4609 -0.8874
vn 0.0221 0.2894 -0.9570
vn -0.1514 0.0376 0.9878
vn -0.8696 0.2459 0.4282
vn -0.1179 -0.1380 0.9834
vn -0.1009 -0.5421 0.8343
vn 0.0852 0.0225 0.9961
vn -0.0055 0.0231 0.9997
vn -0.0981 0.2660 0.9590
vn -0.4091 0.4855 0.7726
vn -0.6401 0.2224 0.7354
vn 0.0802 0.4986 0.8631
vn 0.0750 0.1388 0.9875
vn 0.0220 0.2894 0.9570
vn 0.2312 0.6953 0.6805
vn 0.0884 0.1081 -0.9902
vn 0.2359 0.0174 -0.9716
vn 0.3121 -0.1768 0.9334
vn -0.1568 -0.1063 0.9819
vn 0.3458 -0.0079 0.9383
vn 0.0884 0.1081 0.9902
vn 0.0119 0.0526 -0.9985
vn 0.2146 0.7422 0.6349
vn 0.0915 -0.2309 -0.9687
vn 0.0807 -0.2419 0.9669
vn -0.0736 -0.0365 0.9966
vn -0.0736 -0.0365 -0.9966
vn 0.0231 -0.2078 -0.9779
vn 0.0272 -0.2066 0.9780
vn -0.0555 -0.0098 0.9984
vn 0.0906 -0.0720 -0.9933
vn 0.1432 -0.1963 -0.9700
vn 0.0906 -0.0720 0.9933
vn 0.1314 -0.1268 -0.9832
vn -0.0190 -0.2342 -0.9720
vn 0.3532 -0.4497 0.8204
vn 0.1315 -0.1268 0.9832
vn 0.1092 -0.1178 -0.9870
vn -0.0743 -0.2376 -0.9685
vn 0.0093 -0.8241 0.5663
vn 0.1092 -0.1177 0.9870
vn 0.0946 -0.1199 -0.9883
vn -0.2752 -0.2603 -0.9255
vn -0.1165 -0.6459 0.7545
vn 0.0945 -0.1199 0.9883
vn 0.1591 -0.5887 -0.7925
vn -0.4418 -0.6281 -0.6406
vn -0.2827 -0.5240 0.8034
vn 0.1591 -0.5887 0.7925
vn 0.6330 -0.7324 0.2508
vn 0.1178 -0.9930 -0.0015
vn 0.6083 -0.7937 -0.0048
vn -0.9239 -0.3804 0.0421
vn -0.8269 -0.5623 -0.0018
vn -0.9129 -0.4081 0.0049
vn -0.8269 -0.5623 0.0018
vn -0.8355 -0.5493 0.0138
vn 0.9826 -0.0808 -0.1671
vn 0.9116 0.0385 -0.4093
vn -0.5492 -0.7969 0.2518
vn -0.4863 -0.7853 0.3832
vn -0.0297 0.9794 -0.1995
vn 0.1782 0.9651 -0.1918
vn -0.0303 0.9580 -0.2850
vn -0.4296 0.8162 -0.3864
vn -0.7629 0.1615 -0.6260
vn -0.8690 0.2160 -0.4451
vn -0.1214 -0.8264 -0.5499
vn -0.1523 -0.9091 -0.3879
vn -0.0948 -0.8624 -0.4973
vn -0.4425 0.8282 -0.3438
vn -0.3805 0.7820 -0.4937
vn -0.3939 0.8393 -0.3746
vn 0.8972 -0.2758 -0.3449
vn 0.7731 -0.6142 -0.1587
vn -0.3394 0.8545 -0.3933
vn -0.2898 0.7740 -0.5629
vn 0.2327 -0.9698 0.0733
vn -0.2400 0.8699 -0.4310
vn -0.1645 0.7841 -0.5985
vn -0.6320 -0.7682 0.1023
vn -0.0522 0.8771 -0.4775
vn 0.0162 0.7761 -0.6305
vn 0.5450 0.8112 -0.2119
vn 0.5377 0.5223 -0.6619
vn 0.3120 0.4840 -0.8176
vn 0.9205 0.0337 -0.3893
vn 0.9234 -0.0058 -0.3838
vn 0.8984 -0.0390 -0.4375
vn -0.9632 -0.2522 -0.0928
vn 0.8233 -0.2074 -0.5284
vn -0.9775 -0.2107 0.0086
vn 0.3538 -0.8555 0.3780
vn 0.8233 -0.2074 0.5284
vn -0.0374 -0.8397 0.5417
vn -0.0234 -0.8151 0.5789
vn -0.6889 0.0730 0.7212
vn -0.9292 -0.1580 0.3340
vn -0.8077 0.0913 0.5825
vn -0.5529 0.7205 0.4186
vn 0.0194 0.9640 0.2653
vn 0.1896 0.9630 0.1913
vn -0.0088 0.9871 0.1597
vn -0.3805 0.7820 0.4937
vn -0.4425 0.8282 0.3438
vn -0.3939 0.8393 0.3746
vn -0.3521 0.8797 0.3194
vn -0.2899 0.7740 0.5629
vn -0.3112 0.8226 0.4758
vn -0.1645 0.7841 0.5985
vn -0.1328 0.8391 0.5276
vn 0.0162 0.7761 0.6305
vn 0.0202 0.8323 0.5539
vn 0.5450 0.8112 0.2119
vn 0.5377 0.5223 0.6619
vn 0.5621 0.5043 0.6556
vn 0.9207 -0.0138 0.3899
vn 0.9205 0.0337 0.3893
vn 0.8984 -0.0390 0.4375
vn 0.8955 -0.2911 0.3366
vn 0.1610 -0.9865 0.0294
vn 0.7221 -0.6707 0.1696
vn 0.9038 -0.3569 0.2363
vn 0.2363 0.0176 0.9715
vn 0.9649 -0.1606 0.2079
vn -0.9763 -0.2159 -0.0158
vn -0.5174 -0.8308 -0.2052
vn 0.3387 -0.8617 -0.3778
vn 0.1205 -0.9173 0.3796
vn -0.1186 -0.9921 0.0399
vn -0.2174 -0.9375 -0.2715
vn -0.2276 -0.9657 0.1252
vn -0.1784 -0.8986 0.4008
vn -0.2706 -0.9276 0.2574
vn -0.2572 -0.9652 0.0465
vn -0.7964 -0.5389 -0.2745
vn -0.2395 -0.9383 -0.2493
vn -0.7964 -0.5388 0.2745
vn -0.7045 -0.6878 -0.1750
vn -0.9987 -0.0500 0.0001
vn -0.9709 -0.0508 -0.2340
vn 0.4074 -0.9132 -0.0000
vn 0.3620 -0.8107 -0.4602
vn 0.3620 -0.8115 -0.4588
vn 0.3620 -0.8107 0.4601
vn 0.4078 -0.9131 -0.0000
vn 0.0027 1.0000 -0.0000
vn -0.3073 0.9516 -0.0076
vn 0.1913 0.9815 -0.0000
vn -0.0149 0.9999 -0.0000
vn -0.2644 0.9397 -0.2171
vn -0.2644 0.9397 0.2171
vn -0.2783 0.9605 -0.0000
vn -0.5147 0.8574 -0.0000
vn -0.4318 0.9018 0.0175
vn -0.3537 0.9354 -0.0000
vn -0.1532 0.9880 0.0174
vn 0.0210 0.8323 -0.5539
vn 0.0263 0.9997 -0.0000
vn 0.4393 0.8983 -0.0000
vn 0.9118 0.2329 -0.3383
vn 0.4120 0.8458 -0.3390
vn 0.9118 0.2329 0.3383
vn 0.8001 0.5820 -0.1450
vn 0.9999 0.0168 -0.0000
vn 0.9690 -0.2469 -0.0000
vn 0.8955 -0.2911 -0.3366
vn -0.9786 -0.2050 0.0192
vn -0.7311 -0.6637 -0.1583
vn -0.7605 -0.6484 -0.0346
vn 0.3189 -0.9478 0.0003
vn 0.8019 -0.5975 -0.0000
vn 0.9172 -0.3983 -0.0003
vn 0.9773 -0.0231 -0.2105
vn -0.5629 -0.8253 0.0448
vn 0.4393 -0.8971 -0.0476
vn -0.6361 -0.4320 -0.6394
vn -0.4131 -0.4100 -0.8132
vn -0.6597 -0.5026 -0.5588
vn 0.1376 0.1498 -0.9791
vn 0.2833 0.1619 -0.9453
vn 0.1355 0.1119 -0.9844
vn 0.2157 0.2471 -0.9447
vn -0.3872 0.1188 0.9143
vn -0.6739 -0.5455 0.4983
vn -0.4583 -0.3580 0.8135
vn 0.2150 0.2459 0.9452
vn 0.2238 0.1708 0.9595
vn 0.9156 0.0529 0.3986
vn 0.9523 -0.1391 0.2715
vn 0.1377 0.1498 0.9791
vn -0.0372 -0.8400 -0.5413
vn 0.1340 -0.9389 -0.3171
vn -0.0227 -0.8153 -0.5786
vn 0.6140 -0.7335 -0.2916
vn 0.3655 -0.9108 -0.1919
vn 0.4351 -0.6311 0.6422
vn 0.9416 -0.3306 -0.0643
vn 0.1472 0.0496 -0.9879
vn -0.1591 -0.4431 -0.8822
vn -0.9133 0.4070 0.0127
vn -0.9133 0.4073 0.0034
vn -0.9122 0.4095 0.0144
vn -0.1304 -0.5869 0.7991
vn -0.4800 -0.8767 -0.0304
vn -0.1521 -0.5803 0.8001
vn -0.3648 -0.8856 0.2874
vn -0.0726 -0.2026 0.9766
vn 0.8828 -0.3403 0.3237
vn 0.4322 0.7487 0.5027
vn 0.2379 0.3827 0.8927
vn 0.5023 0.7918 0.3474
vn -0.1215 -0.4903 -0.8630
vn -0.8656 -0.4655 -0.1843
vn -0.6954 -0.7183 0.0242
vn -0.4221 -0.2121 -0.8814
vn -0.9134 -0.2857 -0.2900
vn 0.4672 -0.5547 -0.6885
vn 0.9324 -0.0840 -0.3515
vn 0.1999 -0.1212 -0.9723
vn 0.9006 0.0939 -0.4244
vn 0.2564 0.0235 -0.9663
vn -0.7838 -0.2403 0.5727
vn -0.0437 0.0188 0.9989
vn 0.4795 0.3561 0.8021
vn 0.7778 0.5532 0.2983
vn -0.3753 -0.8085 -0.4533
vn -0.4648 -0.7492 -0.4718
vn -0.1925 -0.3208 -0.9274
vn -0.7951 -0.2702 -0.5429
vn 0.4794 0.7896 -0.3831
vn 0.1377 0.2558 -0.9569
vn 0.4904 0.7627 -0.4217
vn 0.3746 0.3098 -0.8739
vn -0.2622 0.2531 0.9312
vn -0.6291 0.6621 0.4072
vn -0.6206 0.6582 0.4262
vn -0.7049 0.6088 0.3641
vn -0.1344 0.2624 0.9555
vn 0.6658 0.6650 0.3383
vn 0.1429 0.1235 0.9820
vn 0.5793 -0.7479 0.3241
vn 0.5061 -0.5347 0.6767
vn 0.3752 -0.4809 0.7925
vn 0.3188 -0.5570 0.7669
vn 0.4653 -0.8288 0.3108
vn 0.1799 -0.5137 0.8389
vn 0.3244 -0.9039 0.2787
vn -0.2669 0.4594 -0.8472
vn -0.6136 0.6962 -0.3725
vn -0.2878 0.3062 -0.9074
vn -0.6463 0.7130 -0.2720
vn -0.6571 0.6470 -0.3867
vn 0.5459 0.7543 -0.3648
vn 0.0939 0.3180 -0.9434
vn 0.5338 0.7406 -0.4081
vn 0.5177 -0.7713 -0.3702
vn 0.4016 -0.4501 -0.7976
vn 0.6629 -0.6891 -0.2927
vn 0.2557 -0.4196 -0.8710
vn 0.0492 -0.3091 -0.9498
vn 0.4693 -0.7857 -0.4030
vn 0.1898 -0.3706 -0.9092
vn 0.6256 0.6855 0.3724
vn 0.1300 0.1497 0.9801
vn 0.0812 -0.4951 0.8650
vn 0.1820 -0.9282 0.3244
vn 0.1457 0.3047 -0.9412
vn 0.4548 0.7969 -0.3976
vn 0.3082 -0.8797 -0.3621
vn 0.1005 -0.3833 -0.9181
vn -0.1309 -0.0473 0.9903
vn 0.6935 -0.3045 0.6529
vn 0.7359 0.5348 -0.4153
vn -0.8464 -0.2648 0.4621
vn -0.2833 -0.1045 0.9533
vn -0.8470 -0.2554 0.4662
vn 0.2694 0.0232 0.9627
vn -0.5017 -0.1243 -0.8560
vn -0.9272 -0.2686 -0.2609
vn 0.5147 0.1375 -0.8463
vn 0.9277 -0.0021 0.3734
vn 0.4925 0.0515 0.8688
vn 0.9343 0.0981 0.3428
vn 0.7209 0.1992 0.6637
vn 0.9017 0.2660 0.3408
vn -0.5193 -0.2626 0.8133
vn -0.4738 -0.2904 -0.8314
vn -0.8772 -0.3959 -0.2718
vn 0.8778 0.2905 -0.3809
vn 0.4708 0.2125 -0.8562
vn 0.6334 0.3200 0.7045
vn 0.8304 0.4549 0.3217
vn -0.6565 -0.5977 0.4603
vn -0.3198 -0.0545 0.9459
vn -0.4219 -0.4515 -0.7863
vn -0.7047 -0.6460 -0.2934
vn 0.8020 0.4462 -0.3971
vn 0.3115 0.2784 -0.9086
vn 0.4979 0.3519 0.7926
vn 0.7461 0.5874 0.3136
vn -0.8782 0.1079 0.4659
vn -0.2414 0.0707 0.9678
vn -0.9383 0.0908 -0.3336
vn -0.3950 0.0554 -0.9170
vn -0.9291 0.1933 -0.3153
vn 0.7396 0.5632 -0.3686
vn 0.3007 0.2691 -0.9150
vn 0.4221 0.3020 0.8547
vn 0.7432 0.5929 0.3102
vn -0.8667 0.1928 0.4600
vn -0.2440 0.1133 0.9631
vn -0.3907 0.1272 -0.9117
vn -0.8969 0.3609 -0.2556
vn 0.7215 0.5923 -0.3585
vn 0.3141 0.2513 -0.9155
vn 0.4147 0.2864 0.8637
vn 0.7475 0.5897 0.3059
vn 0.1480 -0.0629 0.9870
vn 0.9542 -0.1563 -0.2550
vn -0.6714 -0.5793 0.4622
vn -0.2911 0.3672 -0.8834
vn 0.4814 0.8048 0.3473
vn 0.1948 -0.9067 -0.3741
vn -0.4536 -0.1089 -0.8845
vn -0.8256 -0.3835 0.4139
vn -0.5152 -0.1471 -0.8444
vn -0.8473 0.3311 0.4153
vn 0.7334 0.5914 -0.3353
vn 0.3258 -0.9079 0.2636
vn 0.6061 -0.1785 -0.7751
vn 0.8901 -0.0764 -0.4493
vn -0.0927 -0.8742 0.4766
vn -0.0236 -0.4879 -0.8726
vn -0.0237 -0.4886 0.8722
vn -0.9115 0.4110 0.0157
vn -0.9115 0.4113 0.0059
vn -0.9108 0.4126 0.0168
vn -0.9125 0.4091 0.0045
vn -0.6590 -0.4305 0.6168
vn -0.6298 -0.7757 -0.0396
vn -0.0743 0.2564 -0.9637
vn 0.1534 0.0223 -0.9879
vn -0.2157 0.0520 -0.9751
vn 0.8335 -0.4949 -0.2456
vn 0.1521 0.1840 -0.9711
vn -0.8195 -0.1430 0.5550
vn -0.9694 -0.2289 -0.0891
vn -0.8027 -0.2510 0.5410
vn -0.0883 -0.3032 0.9488
vn -0.0573 -0.3074 0.9499
vn -0.0573 -0.3078 0.9497
vn 0.4032 -0.1538 0.9021
vn -0.9813 -0.0561 0.1839
vn -0.9127 -0.2025 -0.3549
vn -0.7912 -0.1546 -0.5917
vn -0.3195 -0.9023 -0.2895
vn 0.0082 -0.2271 -0.9738
vn -0.1688 -0.1826 -0.9686
vn -0.8854 -0.0114 -0.4647
vn -0.6172 0.1651 -0.7693
vn -0.8469 -0.1394 -0.5132
vn -0.4853 -0.0242 -0.8740
vn -0.9460 -0.0042 -0.3240
vn 0.0193 -0.3767 0.9261
vn 0.8364 -0.5301 0.1393
vn 0.8262 -0.5518 0.1135
vn 0.4688 -0.1464 0.8711
vn 0.8206 -0.4926 0.2897
vn -0.2776 -0.2226 0.9346
vn -0.9880 -0.0233 0.1527
vn -0.2170 -0.0333 0.9756
vn 0.8190 -0.5359 -0.2052
vn 0.1685 -0.2566 -0.9517
vn -0.3106 -0.2105 0.9270
vn -0.7911 -0.4668 0.3953
vn -0.1569 0.0621 0.9857
vn -0.2718 -0.1964 -0.9421
vn -0.8016 -0.4771 -0.3603
vn -0.7827 -0.5761 -0.2354
vn 0.2457 0.1599 0.9561
vn 0.7519 0.6105 0.2488
vn 0.7827 0.5255 0.3337
vn 0.0991 0.2696 -0.9579
vn 0.7608 0.6191 -0.1944
vn 0.2177 0.2994 -0.9290
vn -0.3902 0.0643 0.9185
vn -0.3627 0.0395 -0.9311
vn -0.9745 0.1185 -0.1906
vn 0.2553 0.2024 0.9454
vn 0.7503 0.6195 0.2308
vn 0.2377 0.2062 -0.9492
vn -0.9778 -0.0083 0.2096
vn -0.2673 0.0016 0.9636
vn -0.9825 -0.0076 -0.1860
vn 0.2211 0.1514 0.9634
vn 0.7939 0.5617 0.2330
vn 0.8064 0.5779 -0.1259
vn 0.2110 0.1589 -0.9645
vn -0.2737 0.0163 0.9617
vn -0.2594 0.0098 -0.9657
vn -0.9823 0.0494 -0.1807
vn 0.2808 0.1658 0.9453
vn 0.8375 0.5065 0.2051
vn 0.2947 0.1834 -0.9378
vn -0.9645 -0.0294 -0.2625
vn -0.8888 0.1860 -0.4189
vn -0.0430 -0.1519 0.9875
vn -0.0010 -0.0356 0.9994
vn -0.9809 -0.1520 -0.1215
vn -0.3694 -0.1761 -0.9124
vn 0.1555 -0.3432 0.9263
vn -0.0228 -0.1222 -0.9922
vn 0.7057 -0.6104 -0.3598
vn 0.0164 0.0431 0.9989
vn -0.7905 -0.4569 0.4078
vn -0.0455 0.0101 -0.9989
vn -0.3197 -0.0025 -0.9475
vn 0.2711 0.3017 0.9141
vn -0.0853 0.1067 -0.9906
vn 0.6997 0.6648 -0.2618
vn 0.0371 0.0152 0.9992
vn -0.9176 -0.0527 0.3940
vn -0.0360 -0.0157 -0.9992
vn 0.8305 0.4302 -0.3538
vn 0.0284 0.0100 0.9995
vn -0.3753 -0.1539 -0.9140
vn -0.0283 -0.0113 -0.9995
vn 0.0246 0.0065 0.9997
vn -0.9774 0.0479 0.2057
vn -0.0246 -0.0077 -0.9997
vn 0.8488 0.5244 -0.0678
vn 0.5158 -0.5462 -0.6601
vn 0.9053 -0.3145 -0.2855
vn -0.5350 -0.1230 0.8359
vn -0.8351 -0.5016 0.2259
vn -0.4897 -0.2974 0.8196
vn -0.9659 0.1857 0.1805
vn -0.8354 -0.3480 0.4254
vn -0.9347 -0.2128 -0.2847
vn -0.3122 -0.0909 -0.9457
vn -0.4003 -0.2418 -0.8839
vn -0.9177 0.2865 -0.2753
vn -0.8503 -0.3447 -0.3978
vn 0.9115 0.1099 0.3964
vn 0.1323 0.0840 0.9876
vn 0.7825 0.5042 0.3655
vn 0.1118 -0.1280 0.9855
vn 0.2257 -0.0946 0.9696
vn 0.1707 0.2239 -0.9596
vn 0.9677 0.0312 -0.2502
vn 0.8118 0.5185 -0.2688
vn 0.1180 -0.0705 -0.9905
vn 0.2019 -0.0940 -0.9749
vn -0.6090 0.0770 0.7894
vn -0.3360 -0.1163 -0.9346
vn 0.6601 -0.4041 0.6333
vn 0.7124 -0.5613 -0.4213
vn -0.0024 -0.0709 0.9975
vn 0.0040 -0.0716 0.9974
vn -0.0271 -0.0637 -0.9976
vn 0.0258 0.0044 0.9997
vn -0.0307 -0.0218 -0.9993
vn 0.0128 -0.0426 0.9990
vn 0.0303 0.0138 0.9994
vn 0.0208 -0.0232 0.9995
vn -0.0362 -0.0418 -0.9985
vn -0.1156 -0.5517 0.8260
vn -0.9864 0.1644 -0.0000
vn 0.6377 -0.6515 0.4110
vn 0.1621 -0.3473 0.9236
vn 0.3090 -0.9290 0.2035
vn 0.0175 -0.9847 0.1732
vn -0.5928 0.5251 -0.6106
vn -0.1158 0.3038 -0.9457
vn -0.3259 0.9423 -0.0773
vn -0.1203 -0.0465 -0.9916
vn -0.9679 -0.2407 0.0726
vn -0.7586 0.0325 0.6508
vn -0.3703 -0.0255 0.9286
vn -0.9563 0.0445 0.2891
vn -0.2246 0.1884 0.9561
vn -0.7912 0.4586 0.4045
vn 0.0592 0.1091 0.9923
vn 0.2690 0.8986 0.3467
vn 0.0396 0.1602 0.9863
vn -0.9806 0.1246 -0.1511
vn -0.3904 -0.0197 -0.9205
vn -0.1911 -0.0083 -0.9815
vn -0.8529 0.4451 -0.2729
vn 0.3811 0.9025 -0.2008
vn 0.0687 0.1822 -0.9809
vn 0.3250 0.9420 -0.0839
vn 0.2869 -0.0615 -0.9560
vn 0.9512 -0.1093 -0.2887
vn 0.9197 -0.2587 -0.2952
vn 0.6318 -0.7375 -0.2386
vn 0.2453 -0.1958 -0.9495
vn 0.5707 -0.7861 -0.2373
vn 0.1294 -0.1811 -0.9749
vn 0.3424 -0.1967 0.9187
vn 0.9742 -0.1177 0.1924
vn 0.1455 -0.0742 0.9866
vn 0.6401 -0.7507 0.1635
vn 0.8663 -0.1585 0.4736
vn 0.3609 -0.2205 0.9062
vn 0.5892 -0.7935 0.1525
vn 0.3531 0.8643 0.3583
vn 0.0289 0.0863 0.9958
vn 0.4348 0.8999 -0.0344
vn 0.0716 -0.1818 -0.9807
vn 0.0787 -0.1995 0.9767
vn 0.3586 -0.9287 0.0947
vn 0.0923 0.1380 0.9861
vn 0.1323 0.1620 -0.9779
vn 0.6210 0.7837 0.0174
vn 0.0912 -0.9656 -0.2434
vn 0.0158 -0.1937 -0.9809
vn 0.1041 -0.9917 0.0750
vn 0.1112 -0.1318 0.9850
vn 0.3418 -0.9133 0.2214
vn 0.8758 -0.4289 0.2216
vn -0.1033 0.2402 0.9652
vn -0.3011 0.9092 0.2876
vn -0.8271 0.3766 0.4173
vn -0.1960 0.2866 0.9378
vn -0.4723 0.7935 0.3839
vn -0.4352 0.0089 -0.9003
vn -0.9104 -0.0305 -0.4126
vn -0.7969 0.6036 -0.0249
vn 0.6371 -0.6902 -0.3433
vn 0.2091 -0.2798 -0.9370
vn 0.1165 -0.1253 -0.9853
vn 0.0009 -0.1265 -0.9920
vn 0.0212 -0.9661 -0.2572
vn -0.0992 -0.2656 -0.9590
vn 0.2042 -0.9670 -0.1520
vn -0.3445 0.1874 0.9199
vn 0.6300 -0.4368 0.6421
vn -0.1087 -0.2384 -0.9651
vn -0.0573 -0.2774 -0.9591
vn 0.6520 -0.7314 0.1995
vn -0.1060 -0.4571 -0.8831
vn -0.1048 -0.5622 -0.8203
vn 0.0707 0.0913 -0.9933
vn 0.0536 0.9002 0.4321
vn 0.1203 -0.3854 0.9149
vn -0.0914 0.3782 -0.9212
vn 0.1551 -0.9036 -0.3994
vn 0.5514 0.7784 0.3002
vn 0.0245 -0.2174 0.9758
vn 0.1288 -0.1437 0.9812
vn -0.1262 -0.8368 0.5327
vn -0.0492 -0.3398 0.9392
vn -0.9411 -0.2019 0.2711
vn -0.8632 -0.4976 -0.0856
vn -0.9216 -0.1601 -0.3537
vn -0.8091 -0.1428 0.5700
vn 0.7288 -0.6793 0.0861
vn 0.7679 -0.6406 -0.0000
vn 0.7670 -0.6407 0.0336
vn -0.0364 0.8136 -0.5803
vn 0.0812 0.9967 -0.0000
vn 0.0207 0.9998 0.0008
vn -0.0141 -0.0006 -0.9999
vn -0.0000 -0.0000 -1.0000
vn -0.0315 0.0046 -0.9995
vn 0.7288 -0.6793 -0.0861
vn 0.5183 -0.8511 -0.0840
vn -0.0141 -0.0006 0.9999
vn -0.0000 -0.0000 1.0000
vn -0.0364 0.8136 0.5803
vn 0.0665 0.8170 0.5728
vn 0.7541 -0.6563 0.0248
vn 0.9383 -0.3458 -0.0000
vn 0.9476 -0.2936 -0.1258
vn -0.8859 0.3801 -0.2660
vn -0.9704 0.2415 -0.0000
vn -0.9198 0.3925 -0.0000
vn 0.7541 -0.6563 -0.0248
vn 0.7655 -0.6434 -0.0000
vn -0.8859 0.3801 0.2660
vn -0.9658 0.1825 0.1841
vn 0.9888 -0.1493 -0.0000
vn 0.9761 -0.1714 -0.1334
vn -0.9658 0.1825 -0.1841
vn -0.9738 0.2274 -0.0000
vn 0.9476 -0.2936 0.1258
vn -0.9753 0.1911 0.1111
vn 0.9875 -0.0393 -0.1527
vn -0.8840 0.4666 -0.0282
vn -0.8596 0.5110 -0.0000
vn 0.9875 -0.0393 0.1527
vn 0.9985 -0.0463 -0.0283
vn -0.8840 0.4666 0.0282
vn 0.9740 -0.1263 -0.1879
vn -0.8305 0.5562 0.0315
vn -0.8309 0.5564 -0.0000
vn 0.9740 -0.1263 0.1879
vn 0.9919 -0.1267 -0.0000
vn -0.8305 0.5562 -0.0314
vn -0.1299 0.9164 -0.3785
vn -0.1625 0.5811 -0.7975
vn -0.2359 0.6698 -0.7041
vn 0.3642 0.5737 0.7336
vn 0.1553 0.9476 0.2792
vn 0.3455 -0.8101 0.4736
vn 0.2467 -0.8453 0.4739
vn 0.3334 -0.8019 0.4957
vn -0.2049 -0.5457 -0.8125
vn -0.1986 -0.4440 -0.8737
vn 0.3642 0.5737 -0.7336
vn 0.2003 0.9742 0.1044
vn 0.4157 0.4586 -0.7854
vn -0.1299 0.9164 0.3785
vn -0.1688 0.5792 0.7976
vn -0.2049 -0.5457 0.8125
vn -0.2358 0.6698 0.7041
vn 0.3455 -0.8101 -0.4736
vn 0.2467 -0.8453 -0.4739
vn 0.3525 -0.8092 -0.4700
vn 0.4157 0.4586 0.7854
vn 0.1461 -0.8704 0.4702
vn -0.0555 -0.9067 0.4180
vn 0.0291 -0.2591 -0.9654
vn 0.2631 0.4445 -0.8563
vn 0.3120 0.4840 0.8176
vn -0.1986 -0.4440 0.8737
vn 0.1461 -0.8704 -0.4702
vn 0.4621 -0.8229 -0.3305
vn 0.4737 -0.8386 -0.2690
vn 0.4746 -0.8396 -0.2642
vn -0.5368 -0.7698 0.3454
vn -0.7654 -0.6087 0.2087
vn -0.4947 -0.7889 0.3645
vn 0.2940 -0.9415 -0.1645
vn 0.2913 -0.9411 -0.1718
vn 0.2908 -0.9410 -0.1732
vn 0.2905 -0.9405 -0.1764
vn 0.2817 -0.9383 -0.2003
vn 0.2806 -0.9380 -0.2035
vn 0.6683 0.5727 -0.4748
vn 0.7480 0.5227 -0.4090
vn 0.7641 0.5109 -0.3940
vn -0.0171 -0.9997 0.0149
vn -0.5368 -0.7698 -0.3454
vn -0.7654 -0.6087 -0.2087
vn -0.8022 -0.5695 -0.1790
vn 0.4622 -0.8229 0.3305
vn 0.4737 -0.8386 0.2690
vn 0.4610 -0.8213 0.3361
vn 0.2940 -0.9415 0.1645
vn 0.2913 -0.9411 0.1718
vn 0.2945 -0.9416 0.1632
vn 0.2905 -0.9405 0.1764
vn 0.2817 -0.9383 0.2003
vn 0.2915 -0.9407 0.1736
vn -0.0171 -0.9997 -0.0149
vn 0.6683 0.5727 0.4748
vn 0.7480 0.5227 0.4090
vn 0.6570 0.5787 0.4831
vn -0.8027 -0.5902 0.0861
vn -0.8037 -0.5886 0.0873
vn -0.8061 -0.5850 0.0899
vn -0.8027 -0.5902 -0.0861
vn -0.8037 -0.5886 -0.0873
vn -0.8005 -0.5935 -0.0837
vn 0.7752 0.5583 -0.2957
vn 0.7786 0.5513 -0.2997
vn 0.7691 0.5702 -0.2887
vn 0.7752 0.5583 0.2957
vn 0.7786 0.5513 0.2997
vn 0.7847 0.5385 0.3070
vn -0.9763 0.1947 -0.0942
vn -0.1768 0.9761 -0.1268
vn -0.3296 0.9441 -0.0000
vn -0.0098 0.0054 -0.9999
vn 0.0032 -0.0037 -1.0000
vn -0.9763 0.1947 0.0942
vn -0.9787 0.2051 -0.0000
vn -0.0098 0.0054 0.9999
vn -0.1768 0.9761 0.1268
vn 0.3889 -0.8903 0.2369
vn -0.1916 0.9456 -0.2631
vn 0.0596 0.9982 -0.0002
vn -0.1347 0.0233 -0.9906
vn -0.1071 0.0247 -0.9939
vn 0.3889 -0.8903 -0.2369
vn 0.1809 -0.9835 -0.0000
vn -0.1347 0.0233 0.9906
vn -0.0315 0.0046 0.9995
vn -0.1916 0.9456 0.2630
vn -0.9544 -0.2985 -0.0000
vn -0.9296 -0.3687 0.0005
vn -0.9235 -0.3837 -0.0022
vn -0.2605 -0.9655 -0.0000
vn -0.1011 -0.9890 0.1080
vn -0.0645 -0.9931 0.0982
vn -0.1094 0.0372 -0.9933
vn -0.0462 0.0064 -0.9989
vn -0.2249 0.9712 0.0782
vn -0.1569 0.9876 -0.0001
vn -0.2244 0.9713 -0.0783
vn -0.1011 -0.9890 -0.1080
vn -0.3009 -0.9537 -0.0000
vn -0.9296 -0.3687 -0.0005
vn -0.9595 -0.2817 -0.0000
vn -0.1093 0.0372 0.9933
vn -0.1071 0.0248 0.9939
vn 0.0032 -0.0037 1.0000
vn -0.0461 0.0064 0.9989
vn -0.6676 -0.4763 -0.5722
vn -0.7153 -0.0304 -0.6981
vn -0.6495 -0.5002 -0.5727
vn -0.6441 0.0225 -0.7646
vn -0.9012 0.0943 -0.4231
vn -0.7699 0.5785 -0.2694
vn -0.5399 0.5804 -0.6097
vn -0.5534 0.4986 -0.6672
vn -0.6361 0.4609 -0.6188
vn -0.6611 0.2894 -0.6922
vn 0.5914 0.0376 0.8055
vn -0.3121 0.2458 0.9177
vn 0.6120 -0.1380 0.7787
vn 0.5186 -0.5421 0.6612
vn 0.7646 0.0225 0.6441
vn 0.7030 0.0231 0.7108
vn 0.6088 0.2660 0.7474
vn 0.2570 0.4855 0.8356
vn 0.0674 0.2224 0.9726
vn 0.6670 0.4986 0.5536
vn 0.7513 0.1388 0.6452
vn 0.6922 0.2894 0.6611
vn 0.6446 0.6953 0.3177
vn -0.6376 0.1081 -0.7627
vn -0.5203 0.0174 -0.8538
vn 0.8808 -0.1768 0.4393
vn 0.5834 -0.1063 0.8052
vn 0.9080 -0.0079 0.4189
vn 0.7627 0.1081 0.6376
vn -0.6976 0.0527 -0.7146
vn 0.6006 0.7422 0.2973
vn -0.6202 -0.2309 -0.7497
vn 0.7408 -0.2419 0.6267
vn 0.6526 -0.0365 0.7568
vn -0.7568 -0.0365 -0.6526
vn -0.6752 -0.2078 -0.7078
vn 0.7108 -0.2066 0.6724
vn 0.6667 -0.0098 0.7452
vn -0.6383 -0.0720 -0.7664
vn -0.5846 -0.1963 -0.7872
vn 0.7664 -0.0720 0.6383
vn -0.6022 -0.1268 -0.7882
vn -0.7008 -0.2342 -0.6738
vn 0.8299 -0.4497 0.3303
vn 0.7882 -0.1269 0.6021
vn -0.6207 -0.1177 -0.7752
vn -0.7374 -0.2376 -0.6323
vn 0.4070 -0.8241 0.3939
vn 0.7752 -0.1177 0.6207
vn -0.6320 -0.1199 -0.7657
vn -0.8490 -0.2603 -0.4598
vn 0.4511 -0.6459 0.6159
vn 0.7656 -0.1200 0.6320
vn -0.4479 -0.5887 -0.6729
vn -0.7654 -0.6281 -0.1406
vn 0.3682 -0.5240 0.7680
vn 0.6729 -0.5887 0.4479
vn 0.6250 -0.7324 -0.2703
vn 0.0823 -0.9930 -0.0844
vn 0.4268 -0.7937 -0.4336
vn -0.6235 -0.3804 0.6830
vn -0.5860 -0.5623 0.5835
vn -0.6421 -0.4080 0.6490
vn -0.5835 -0.5623 0.5860
vn -0.5811 -0.5493 0.6006
vn 0.5767 -0.0809 -0.8130
vn 0.3552 0.0385 -0.9340
vn -0.2103 -0.7968 0.5664
vn -0.0729 -0.7852 0.6149
vn -0.1621 0.9794 -0.1201
vn -0.0096 0.9651 -0.2617
vn -0.2229 0.9580 -0.1801
vn -0.5770 0.8162 0.0305
vn -0.9821 0.1615 0.0967
vn -0.9293 0.2160 0.2997
vn -0.4746 -0.8264 -0.3030
vn -0.3819 -0.9091 -0.1666
vn -0.4187 -0.8624 -0.2846
vn -0.5561 0.8282 0.0698
vn -0.6181 0.7820 -0.0801
vn -0.5434 0.8393 0.0136
vn 0.3906 -0.2758 -0.8783
vn 0.4344 -0.6142 -0.6588
vn -0.5181 0.8545 -0.0381
vn -0.6030 0.7740 -0.1931
vn 0.2164 -0.9698 -0.1127
vn -0.4745 0.8699 -0.1351
vn -0.5396 0.7841 -0.3068
vn -0.3746 -0.7682 0.5192
vn -0.3745 0.8771 -0.3007
vn -0.4343 0.7761 -0.4573
vn 0.2356 0.8112 -0.5351
vn -0.0878 0.5223 -0.8483
vn -0.3575 0.4839 -0.7987
vn 0.3756 0.0337 -0.9262
vn 0.3816 -0.0058 -0.9243
vn 0.3259 -0.0390 -0.9446
vn -0.7467 -0.2522 0.6155
vn 0.2085 -0.2074 -0.9558
vn -0.6851 -0.2107 0.6973
vn 0.5175 -0.8555 0.0171
vn 0.9558 -0.2074 -0.2085
vn 0.3566 -0.8397 0.4094
vn 0.3928 -0.8151 0.4259
vn 0.0228 0.0730 0.9971
vn -0.4210 -0.1580 0.8932
vn -0.1593 0.0913 0.9830
vn -0.0949 0.7205 0.6869
vn 0.2014 0.9640 0.1739
vn 0.2693 0.9630 0.0012
vn 0.1067 0.9871 0.1192
vn 0.0801 0.7820 0.6181
vn -0.0698 0.8282 0.5561
vn -0.0136 0.8393 0.5434
vn -0.0231 0.8797 0.4749
vn 0.1931 0.7740 0.6030
vn 0.1164 0.8226 0.5565
vn 0.3069 0.7841 0.5395
vn 0.2791 0.8391 0.4670
vn 0.4573 0.7761 0.4343
vn 0.4059 0.8324 0.3773
vn 0.5351 0.8113 -0.2356
vn 0.8483 0.5223 0.0878
vn 0.8610 0.5042 0.0661
vn 0.9268 -0.0138 -0.3753
vn 0.9262 0.0337 -0.3756
vn 0.9446 -0.0390 -0.3259
vn 0.8712 -0.2911 -0.3952
vn 0.1346 -0.9865 -0.0930
vn 0.6305 -0.6707 -0.3907
vn 0.8062 -0.3569 -0.4719
vn 0.8540 0.0176 0.5199
vn 0.8292 -0.1607 -0.5353
vn -0.7015 -0.2159 0.6792
vn -0.5109 -0.8308 0.2208
vn -0.0277 -0.8617 -0.5067
vn 0.3536 -0.9173 0.1832
vn -0.0556 -0.9921 0.1122
vn -0.3457 -0.9375 -0.0383
vn -0.0724 -0.9657 0.2494
vn 0.1572 -0.8986 0.4095
vn -0.0093 -0.9276 0.3733
vn -0.1489 -0.9652 0.2148
vn -0.7573 -0.5389 0.3690
vn -0.3456 -0.9383 -0.0070
vn -0.3690 -0.5389 0.7572
vn -0.6219 -0.6878 0.3745
vn -0.7062 -0.0500 0.7063
vn -0.8520 -0.0508 0.5211
vn 0.2881 -0.9132 -0.2881
vn -0.0694 -0.8107 -0.5814
vn -0.0684 -0.8115 -0.5803
vn 0.5813 -0.8107 0.0694
vn 0.2883 -0.9131 -0.2884
vn 0.0019 1.0000 -0.0019
vn -0.2227 0.9516 0.2119
vn 0.1353 0.9815 -0.1353
vn -0.0105 0.9999 0.0105
vn -0.3405 0.9397 0.0334
vn -0.0335 0.9397 0.3404
vn -0.1968 0.9605 0.1968
vn -0.3639 0.8574 0.3639
vn -0.2930 0.9018 0.3177
vn -0.2501 0.9354 0.2501
vn -0.0960 0.9880 0.1206
vn -0.3768 0.8323 -0.4065
vn 0.0186 0.9997 -0.0186
vn 0.3106 0.8983 -0.3106
vn 0.4055 0.2330 -0.8839
vn 0.0516 0.8458 -0.5310
vn 0.8839 0.2330 -0.4055
vn 0.4633 0.5820 -0.6683
vn 0.7070 0.0168 -0.7070
vn 0.6853 -0.2469 -0.6852
vn 0.3952 -0.2911 -0.8712
vn -0.6784 -0.2050 0.7055
vn -0.6288 -0.6637 0.4051
vn -0.5622 -0.6484 0.5133
vn 0.2256 -0.9478 -0.2253
vn 0.5670 -0.5975 -0.5670
vn 0.6484 -0.3983 -0.6488
vn 0.5422 -0.0232 -0.8399
vn -0.3664 -0.8253 0.4297
vn 0.2769 -0.8971 -0.3443
vn -0.9019 -0.4320 -0.0024
vn -0.8671 -0.4100 -0.2830
vn -0.8616 -0.5026 0.0713
vn -0.5951 0.1498 -0.7896
vn -0.4681 0.1618 -0.8688
vn -0.6003 0.1119 -0.7919
vn -0.5155 0.2471 -0.8205
vn 0.3728 0.1187 0.9203
vn -0.1242 -0.5455 0.8289
vn 0.2512 -0.3580 0.8993
vn 0.8204 0.2459 0.5163
vn 0.8368 0.1708 0.5202
vn 0.9293 0.0529 -0.3656
vn 0.8654 -0.1391 -0.4814
vn 0.7897 0.1498 0.5949
vn -0.4090 -0.8400 -0.3565
vn -0.1295 -0.9389 -0.3189
vn -0.4252 -0.8153 -0.3931
vn 0.2280 -0.7334 -0.6404
vn 0.1227 -0.9108 -0.3942
vn 0.7617 -0.6311 0.1464
vn 0.6203 -0.3306 -0.7113
vn -0.5945 0.0497 -0.8026
vn -0.7363 -0.4431 -0.5113
vn -0.6369 0.4070 0.6548
vn -0.6432 0.4077 0.6481
vn -0.6350 0.4092 0.6553
vn 0.4728 -0.5870 0.6573
vn -0.3609 -0.8767 0.3180
vn 0.4582 -0.5803 0.6733
vn -0.0548 -0.8856 0.4612
vn 0.6392 -0.2026 0.7419
vn 0.8532 -0.3403 -0.3953
vn 0.6611 0.7487 0.0498
vn 0.7994 0.3827 0.4631
vn 0.6008 0.7919 -0.1095
vn -0.6962 -0.4904 -0.5243
vn -0.7424 -0.4656 0.4817
vn -0.4746 -0.7183 0.5088
vn -0.9217 -0.2121 -0.3248
vn -0.8509 -0.2857 0.4408
vn -0.1564 -0.5547 -0.8172
vn 0.4107 -0.0840 -0.9079
vn -0.5461 -0.1212 -0.8289
vn 0.3368 0.0939 -0.9369
vn -0.5019 0.0235 -0.8646
vn -0.1493 -0.2403 0.9591
vn 0.6754 0.0188 0.7373
vn 0.9062 0.3561 0.2281
vn 0.7609 0.5532 -0.3391
vn -0.5859 -0.8085 -0.0551
vn -0.6623 -0.7492 -0.0049
vn -0.7919 -0.3208 -0.5197
vn -0.9461 -0.2702 0.1784
vn 0.0681 0.7896 -0.6098
vn -0.5792 0.2558 -0.7740
vn 0.0486 0.7627 -0.6450
vn -0.3530 0.3098 -0.8828
vn 0.4730 0.2531 0.8439
vn -0.1570 0.6621 0.7328
vn -0.1375 0.6582 0.7402
vn -0.2410 0.6088 0.7559
vn 0.5807 0.2624 0.7707
vn 0.7100 0.6650 -0.2316
vn 0.7954 0.1235 0.5933
vn 0.6388 -0.7479 -0.1805
vn 0.8364 -0.5346 0.1206
vn 0.8257 -0.4809 0.2950
vn 0.7677 -0.5570 0.3170
vn 0.5488 -0.8288 -0.1092
vn 0.7204 -0.5137 0.4660
vn 0.4264 -0.9040 -0.0323
vn -0.7878 0.4594 -0.4103
vn -0.6973 0.6962 0.1705
vn -0.8452 0.3061 -0.4381
vn -0.6493 0.7130 0.2646
vn -0.7381 0.6470 0.1912
vn 0.1281 0.7543 -0.6439
vn -0.6007 0.3180 -0.7335
vn 0.0889 0.7406 -0.6660
vn 0.1043 -0.7713 -0.6278
vn -0.2801 -0.4500 -0.8480
vn 0.2618 -0.6891 -0.6758
vn -0.4351 -0.4195 -0.7967
vn -0.6368 -0.3091 -0.7064
vn 0.0468 -0.7857 -0.6168
vn -0.5086 -0.3706 -0.7771
vn 0.7058 0.6855 -0.1790
vn 0.7850 0.1498 0.6011
vn 0.6691 -0.4952 0.5542
vn 0.3581 -0.9282 0.1007
vn -0.5624 0.3048 -0.7686
vn 0.0405 0.7969 -0.6027
vn -0.0381 -0.8797 -0.4740
vn -0.5781 -0.3833 -0.7203
vn 0.6077 -0.0473 0.7928
vn 0.9521 -0.3045 -0.0288
vn 0.2268 0.5347 -0.8140
vn -0.2717 -0.2648 0.9252
vn 0.4739 -0.1045 0.8744
vn -0.2693 -0.2554 0.9286
vn 0.8716 0.0242 0.4896
vn -0.9601 -0.1243 -0.2506
vn -0.8401 -0.2686 0.4712
vn -0.2345 0.1375 -0.9623
vn 0.9200 -0.0021 -0.3919
vn 0.9626 0.0515 0.2661
vn 0.9030 0.0981 -0.4182
vn 0.9791 0.1992 -0.0404
vn 0.8786 0.2660 -0.3966
vn 0.2080 -0.2626 0.9422
vn -0.9229 -0.2903 -0.2529
vn -0.8124 -0.3959 0.4281
vn 0.3514 0.2905 -0.8900
vn -0.2726 0.2125 -0.9384
vn 0.9461 0.3200 0.0503
vn 0.8147 0.4549 -0.3597
vn -0.1387 -0.5977 0.7896
vn 0.4428 -0.0545 0.8950
vn -0.8543 -0.4514 -0.2576
vn -0.7057 -0.6460 0.2908
vn 0.2864 0.4462 -0.8479
vn -0.4222 0.2784 -0.8627
vn 0.9125 0.3519 0.2084
vn 0.7493 0.5874 -0.3059
vn -0.2916 0.1079 0.9504
vn 0.5136 0.0707 0.8551
vn -0.8994 0.0908 0.4276
vn -0.9277 0.0554 -0.3691
vn -0.8799 0.1933 0.4340
vn 0.2623 0.5632 -0.7836
vn -0.4343 0.2691 -0.8596
vn 0.9029 0.3020 0.3059
vn 0.7449 0.5929 -0.3061
vn -0.2875 0.1928 0.9382
vn 0.5085 0.1133 0.8536
vn -0.9210 0.1272 -0.3683
vn -0.8149 0.3609 0.4535
vn 0.2567 0.5923 -0.7637
vn -0.4253 0.2513 -0.8695
vn 0.9040 0.2864 0.3175
vn 0.7447 0.5897 -0.3124
vn 0.8026 -0.0629 0.5932
vn 0.4944 -0.1563 -0.8551
vn -0.1479 -0.5792 0.8016
vn -0.8305 0.3672 -0.4188
vn 0.5859 0.8048 -0.0948
vn -0.1267 -0.9067 -0.4023
vn -0.9462 -0.1089 -0.3047
vn -0.2911 -0.3835 0.8764
vn -0.9613 -0.1471 -0.2328
vn -0.3054 0.3311 0.8928
vn 0.2815 0.5914 -0.7557
vn 0.4168 -0.9079 -0.0439
vn -0.1196 -0.1785 -0.9766
vn 0.3117 -0.0764 -0.9471
vn 0.2715 -0.8742 0.4026
vn -0.6337 -0.4879 -0.6003
vn 0.6000 -0.4886 0.6334
vn -0.6336 0.4105 0.6558
vn -0.6404 0.4113 0.6487
vn -0.6321 0.4126 0.6559
vn -0.6421 0.4088 0.6485
vn -0.0298 -0.4305 0.9021
vn -0.4733 -0.7757 0.4174
vn -0.7340 0.2564 -0.6289
vn -0.5901 0.0223 -0.8070
vn -0.8420 0.0520 -0.5369
vn 0.4157 -0.4949 -0.7631
vn -0.5791 0.1839 -0.7942
vn -0.1870 -0.1430 0.9719
vn -0.7484 -0.2289 0.6225
vn -0.1850 -0.2511 0.9501
vn 0.6085 -0.3032 0.7334
vn 0.6311 -0.3074 0.7122
vn 0.6311 -0.3078 0.7120
vn 0.9230 -0.1538 0.3528
vn -0.5640 -0.0561 0.8239
vn -0.8964 -0.2025 0.3944
vn -0.9779 -0.1546 0.1410
vn -0.4306 -0.9023 0.0213
vn -0.6828 -0.2271 -0.6944
vn -0.8043 -0.1826 -0.5655
vn -0.9547 -0.0114 0.2975
vn -0.9804 0.1651 -0.1076
vn -0.9617 -0.1394 0.2359
vn -0.9612 -0.0243 -0.2748
vn -0.8981 -0.0042 0.4398
vn 0.6685 -0.3768 0.6412
vn 0.6900 -0.5301 -0.4929
vn 0.6645 -0.5518 -0.5039
vn 0.9474 -0.1465 0.2845
vn 0.7851 -0.4926 -0.3754
vn 0.4645 -0.2226 0.8571
vn -0.5906 -0.0233 0.8066
vn 0.5364 -0.0333 0.8433
vn 0.4339 -0.5359 -0.7242
vn -0.5537 -0.2566 -0.7922
vn 0.4358 -0.2105 0.8751
vn -0.2798 -0.4667 0.8390
vn 0.5860 0.0621 0.8079
vn -0.8583 -0.1964 -0.4740
vn -0.8216 -0.4770 0.3120
vn -0.7199 -0.5762 0.3870
vn 0.8498 0.1599 0.5023
vn 0.7076 0.6105 -0.3557
vn 0.7894 0.5255 -0.3174
vn -0.6072 0.2696 -0.7474
vn 0.4005 0.6191 -0.6755
vn -0.5029 0.2994 -0.8108
vn 0.3734 0.0643 0.9254
vn -0.9149 0.0395 -0.4018
vn -0.8239 0.1185 0.5542
vn 0.8491 0.2024 0.4880
vn 0.6938 0.6194 -0.3673
vn -0.5031 0.2062 -0.8392
vn -0.5431 -0.0083 0.8396
vn 0.4924 0.0016 0.8704
vn -0.8263 -0.0076 0.5632
vn 0.8376 0.1514 0.5248
vn 0.7261 0.5617 -0.3966
vn 0.4811 0.5779 -0.6593
vn -0.5328 0.1589 -0.8312
vn 0.4865 0.0164 0.8735
vn -0.8663 0.0098 -0.4994
vn -0.8224 0.0494 0.5668
vn 0.8670 0.1658 0.4699
vn 0.7373 0.5065 -0.4471
vn -0.4547 0.1834 -0.8715
vn -0.8675 -0.0294 0.4965
vn -0.9247 0.1860 0.3322
vn 0.6678 -0.1519 0.7286
vn 0.7059 -0.0355 0.7074
vn -0.7795 -0.1521 0.6077
vn -0.9064 -0.1761 -0.3839
vn 0.7649 -0.3432 0.5450
vn -0.7177 -0.1222 -0.6855
vn 0.2446 -0.6103 -0.7534
vn 0.7179 0.0432 0.6948
vn -0.2706 -0.4569 0.8473
vn -0.7385 0.0101 -0.6741
vn -0.8961 -0.0025 -0.4439
vn 0.8380 0.3017 0.4547
vn -0.7608 0.1067 -0.6401
vn 0.3096 0.6647 -0.6799
vn 0.7328 0.0151 0.6803
vn -0.3703 -0.0527 0.9274
vn -0.7320 -0.0157 -0.6811
vn 0.3371 0.4303 -0.8374
vn 0.7269 0.0101 0.6867
vn -0.9117 -0.1538 -0.3809
vn -0.7268 -0.0113 -0.6867
vn 0.7243 0.0070 0.6894
vn -0.5456 0.0479 0.8366
vn -0.7243 -0.0077 -0.6894
vn 0.5522 0.5244 -0.6481
vn -0.1021 -0.5461 -0.8315
vn 0.4383 -0.3145 -0.8420
vn 0.2127 -0.1230 0.9693
vn -0.4307 -0.5016 0.7503
vn 0.2334 -0.2974 0.9258
vn -0.5554 0.1856 0.8106
vn -0.2899 -0.3479 0.8916
vn -0.8623 -0.2128 0.4596
vn -0.8895 -0.0909 -0.4479
vn -0.9081 -0.2418 -0.3421
vn -0.8436 0.2865 0.4542
vn -0.8825 -0.3446 0.3199
vn 0.9248 0.1099 -0.3642
vn 0.7920 0.0840 0.6047
vn 0.8118 0.5041 -0.2948
vn 0.7759 -0.1280 0.6177
vn 0.8452 -0.0946 0.5260
vn -0.5578 0.2238 -0.7992
vn 0.5073 0.0312 -0.8612
vn 0.3839 0.5185 -0.7641
vn -0.6169 -0.0705 -0.7838
vn -0.5466 -0.0940 -0.8321
vn 0.1276 0.0770 0.9888
vn -0.8985 -0.1163 -0.4233
vn 0.9145 -0.4041 -0.0190
vn 0.2058 -0.5613 -0.8016
vn 0.7037 -0.0709 0.7070
vn 0.7081 -0.0716 0.7024
vn -0.7246 -0.0637 -0.6863
vn 0.7251 0.0044 0.6886
vn -0.7283 -0.0218 -0.6849
vn 0.7155 -0.0426 0.6973
vn 0.7281 0.0137 0.6853
vn 0.7215 -0.0232 0.6920
vn -0.7315 -0.0417 -0.6806
vn 0.5024 -0.5517 0.6658
vn -0.6975 0.1644 0.6975
vn 0.7415 -0.6515 -0.1603
vn 0.7677 -0.3474 0.5385
vn 0.3624 -0.9290 -0.0746
vn 0.1349 -0.9847 0.1102
vn -0.8509 0.5251 -0.0125
vn -0.7506 0.3039 -0.5867
vn -0.2851 0.9422 0.1757
vn -0.7863 -0.0465 -0.6161
vn -0.6331 -0.2407 0.7357
vn -0.0763 0.0326 0.9966
vn 0.3947 -0.0255 0.9184
vn -0.4717 0.0445 0.8806
vn 0.5172 0.1884 0.8349
vn -0.2734 0.4586 0.8455
vn 0.7435 0.1091 0.6598
vn 0.4354 0.8986 0.0550
vn 0.7254 0.1603 0.6694
vn -0.8003 0.1246 0.5865
vn -0.9269 -0.0197 -0.3748
vn -0.8292 -0.0083 -0.5589
vn -0.7961 0.4451 0.4100
vn 0.1274 0.9025 -0.4115
vn -0.6449 0.1823 -0.7422
vn 0.1705 0.9420 -0.2892
vn -0.4731 -0.0615 -0.8789
vn 0.4684 -0.1094 -0.8767
vn 0.4416 -0.2588 -0.8591
vn 0.2780 -0.7375 -0.6155
vn -0.4979 -0.1958 -0.8449
vn 0.2357 -0.7861 -0.5714
vn -0.5979 -0.1811 -0.7809
vn 0.8918 -0.1967 0.4075
vn 0.8249 -0.1177 -0.5528
vn 0.8006 -0.0743 0.5946
vn 0.5682 -0.7507 -0.3369
vn 0.9475 -0.1585 -0.2777
vn 0.8959 -0.2205 0.3856
vn 0.5245 -0.7935 -0.3088
vn 0.5030 0.8643 0.0037
vn 0.7246 0.0864 0.6837
vn 0.2831 0.8999 -0.3318
vn -0.6429 -0.1819 -0.7441
vn 0.7463 -0.1995 0.6350
vn 0.3206 -0.9287 -0.1866
vn 0.7626 0.1381 0.6320
vn -0.5979 0.1620 -0.7850
vn 0.4513 0.7837 -0.4268
vn -0.1077 -0.9656 -0.2367
vn -0.6824 -0.1938 -0.7048
vn 0.1266 -0.9917 -0.0205
vn 0.7751 -0.1318 0.6179
vn 0.3983 -0.9133 -0.0851
vn 0.7760 -0.4289 -0.4625
vn 0.6094 0.2402 0.7556
vn -0.0095 0.9092 0.4163
vn -0.2898 0.3766 0.8799
vn 0.5245 0.2866 0.8017
vn -0.0625 0.7934 0.6054
vn -0.9443 0.0089 -0.3289
vn -0.9355 -0.0304 0.3521
vn -0.5811 0.6035 0.5459
vn 0.2077 -0.6901 -0.6932
vn -0.5147 -0.2797 -0.8105
vn -0.6143 -0.1254 -0.7790
vn -0.7008 -0.1265 -0.7021
vn -0.1668 -0.9661 -0.1969
vn -0.7482 -0.2657 -0.6079
vn 0.0369 -0.9670 -0.2519
vn 0.4070 0.1873 0.8940
vn 0.8995 -0.4368 0.0085
vn -0.7592 -0.2384 -0.6056
vn -0.7186 -0.2774 -0.6377
vn 0.6022 -0.7314 -0.3200
vn -0.6994 -0.4571 -0.5495
vn -0.6542 -0.5622 -0.5060
vn -0.6524 0.0913 -0.7524
vn 0.3435 0.9002 0.2676
vn 0.7320 -0.3853 0.5618
vn -0.7160 0.3782 -0.5868
vn -0.1727 -0.9036 -0.3921
vn 0.6022 0.7784 -0.1776
vn 0.7073 -0.2175 0.6726
vn 0.7849 -0.1437 0.6027
vn 0.2874 -0.8368 0.4660
vn 0.6293 -0.3398 0.6990
vn -0.4738 -0.2019 0.8572
vn -0.6709 -0.4976 0.5498
vn -0.9017 -0.1602 0.4016
vn -0.1691 -0.1428 0.9752
vn 0.5762 -0.6793 -0.4545
vn 0.5430 -0.6406 -0.5430
vn 0.5661 -0.6407 -0.5186
vn -0.4361 0.8136 -0.3846
vn 0.0574 0.9967 -0.0574
vn 0.0152 0.9998 -0.0140
vn -0.7170 -0.0006 -0.6970
vn -0.7071 -0.0000 -0.7071
vn -0.7290 0.0046 -0.6845
vn 0.4545 -0.6793 -0.5762
vn 0.3071 -0.8511 -0.4258
vn 0.6970 -0.0006 0.7170
vn 0.7071 -0.0000 0.7071
vn 0.3846 0.8136 0.4361
vn 0.4520 0.8170 0.3580
vn 0.5508 -0.6563 -0.5157
vn 0.6635 -0.3459 -0.6635
vn 0.5811 -0.2937 -0.7590
vn -0.8145 0.3801 0.4383
vn -0.6862 0.2415 0.6862
vn -0.6504 0.3925 0.6504
vn 0.5157 -0.6563 -0.5508
vn 0.5413 -0.6434 -0.5413
vn -0.4383 0.3801 0.8145
vn -0.5528 0.1825 0.8131
vn 0.6992 -0.1492 -0.6992
vn 0.5959 -0.1714 -0.7846
vn -0.8131 0.1825 0.5528
vn -0.6886 0.2274 0.6886
vn 0.7590 -0.2937 -0.5811
vn -0.6110 0.1911 0.7682
vn 0.5903 -0.0393 -0.8062
vn -0.6450 0.4666 0.6052
vn -0.6079 0.5108 0.6079
vn 0.8062 -0.0393 -0.5903
vn 0.6861 -0.0463 -0.7261
vn -0.6051 0.4665 0.6451
vn 0.5559 -0.1263 -0.8216
vn -0.5650 0.5562 0.6095
vn -0.5875 0.5564 0.5876
vn 0.8216 -0.1263 -0.5559
vn 0.7014 -0.1267 -0.7014
vn -0.6094 0.5562 0.5650
vn -0.3595 0.9165 -0.1758
vn -0.6788 0.5810 -0.4490
vn -0.6647 0.6697 -0.3311
vn 0.7763 0.5737 0.2612
vn 0.3073 0.9476 0.0875
vn 0.5792 -0.8101 0.0905
vn 0.5096 -0.8453 0.1606
vn 0.5863 -0.8019 0.1147
vn -0.7194 -0.5457 -0.4297
vn -0.7583 -0.4440 -0.4774
vn -0.2612 0.5737 -0.7763
vn 0.2155 0.9741 -0.0679
vn -0.2614 0.4586 -0.8493
vn 0.1758 0.9165 0.3595
vn 0.4447 0.5791 0.6833
vn 0.4297 -0.5457 0.7194
vn 0.3311 0.6697 0.6647
vn -0.0905 -0.8101 -0.5792
vn -0.1606 -0.8453 -0.5096
vn -0.0831 -0.8092 -0.5816
vn 0.8493 0.4586 0.2614
vn 0.4358 -0.8704 0.2292
vn 0.2564 -0.9067 0.3348
vn -0.6621 -0.2591 -0.7032
vn -0.4195 0.4445 -0.7915
vn 0.7987 0.4839 0.3575
vn 0.4774 -0.4440 0.7583
vn -0.2292 -0.8704 -0.4358
vn 0.0931 -0.8229 -0.5605
vn 0.1448 -0.8386 -0.5252
vn 0.1488 -0.8396 -0.5224
vn -0.1353 -0.7698 0.6238
vn -0.3937 -0.6087 0.6888
vn -0.0920 -0.7889 0.6076
vn 0.0916 -0.9415 -0.3242
vn 0.0845 -0.9411 -0.3275
vn 0.0832 -0.9410 -0.3281
vn 0.0806 -0.9405 -0.3302
vn 0.0576 -0.9383 -0.3409
vn 0.0545 -0.9380 -0.3423
vn 0.1368 0.5727 -0.8083
vn 0.2397 0.5227 -0.8181
vn 0.2617 0.5109 -0.8189
vn -0.0016 -0.9997 0.0226
vn -0.6238 -0.7698 0.1353
vn -0.6888 -0.6087 0.3937
vn -0.6938 -0.5695 0.4407
vn 0.5605 -0.8229 -0.0931
vn 0.5252 -0.8386 -0.1448
vn 0.5636 -0.8213 -0.0883
vn 0.3242 -0.9415 -0.0916
vn 0.3275 -0.9411 -0.0845
vn 0.3236 -0.9416 -0.0928
vn 0.3302 -0.9405 -0.0806
vn 0.3409 -0.9383 -0.0576
vn 0.3289 -0.9407 -0.0834
vn -0.0226 -0.9997 0.0016
vn 0.8083 0.5727 -0.1368
vn 0.8181 0.5227 -0.2397
vn 0.8062 0.5788 -0.1230
vn -0.5067 -0.5902 0.6285
vn -0.5066 -0.5886 0.6301
vn -0.5064 -0.5850 0.6335
vn -0.6285 -0.5902 0.5067
vn -0.6301 -0.5886 0.5066
vn -0.6252 -0.5935 0.5069
vn 0.3390 0.5583 -0.7572
vn 0.3386 0.5513 -0.7625
vn 0.3397 0.5702 -0.7480
vn 0.7572 0.5583 -0.3390
vn 0.7625 0.5513 -0.3386
vn 0.7720 0.5385 -0.3378
vn -0.7570 0.1947 0.6238
vn -0.2147 0.9760 0.0354
vn -0.2330 0.9442 0.2329
vn -0.7140 0.0054 -0.7002
vn -0.7048 -0.0037 -0.7094
vn -0.6238 0.1947 0.7570
vn -0.6921 0.2051 0.6921
vn 0.7001 0.0054 0.7140
vn -0.0354 0.9761 0.2146
vn 0.4425 -0.8903 -0.1075
vn -0.3215 0.9456 -0.0505
vn 0.0420 0.9982 -0.0422
vn -0.7957 0.0234 -0.6052
vn -0.7786 0.0248 -0.6271
vn 0.1075 -0.8903 -0.4425
vn 0.1279 -0.9835 -0.1279
vn 0.6052 0.0233 0.7957
vn 0.6845 0.0046 0.7290
vn 0.0505 0.9456 0.3215
vn -0.6749 -0.2985 0.6749
vn -0.6570 -0.3687 0.6576
vn -0.6545 -0.3837 0.6514
vn -0.1842 -0.9655 0.1842
vn 0.0049 -0.9890 0.1479
vn 0.0238 -0.9931 0.1151
vn -0.7797 0.0372 -0.6250
vn -0.7390 0.0064 -0.6737
vn -0.1033 0.9713 0.2141
vn -0.1106 0.9877 0.1106
vn -0.2141 0.9713 0.1033
vn -0.1479 -0.9890 -0.0049
vn -0.2127 -0.9537 0.2127
vn -0.6576 -0.3687 0.6570
vn -0.6785 -0.2817 0.6785
vn 0.6251 0.0372 0.7797
vn 0.6271 0.0247 0.7785
vn 0.7093 -0.0037 0.7049
vn 0.6735 0.0065 0.7391
vn -0.8767 -0.4763 0.0675
vn -0.9995 -0.0304 0.0121
vn -0.8642 -0.5002 0.0543
vn -0.9961 0.0225 -0.0852
vn -0.9364 0.0943 0.3381
vn -0.7349 0.5785 0.3539
vn -0.8128 0.5804 -0.0493
vn -0.8631 0.4986 -0.0805
vn -0.8873 0.4610 0.0123
vn -0.9569 0.2895 -0.0220
vn 0.9878 0.0376 0.1514
vn 0.4281 0.2459 0.8696
vn 0.9834 -0.1380 0.1179
vn 0.8343 -0.5421 0.1009
vn 0.9961 0.0225 -0.0852
vn 0.9997 0.0231 0.0055
vn 0.9590 0.2660 0.0981
vn 0.7726 0.4855 0.4091
vn 0.7354 0.2224 0.6401
vn 0.8631 0.4987 -0.0802
vn 0.9875 0.1388 -0.0750
vn 0.9569 0.2895 -0.0220
vn 0.6805 0.6954 -0.2311
vn -0.9902 0.1081 -0.0884
vn -0.9716 0.0174 -0.2359
vn 0.9334 -0.1767 -0.3122
vn 0.9819 -0.1063 0.1568
vn 0.9383 -0.0079 -0.3458
vn 0.9902 0.1081 -0.0884
vn -0.9985 0.0527 -0.0122
vn 0.6350 0.7422 -0.2145
vn -0.9687 -0.2309 -0.0915
vn 0.9669 -0.2419 -0.0807
vn 0.9966 -0.0365 0.0736
vn -0.9966 -0.0365 0.0736
vn -0.9779 -0.2078 -0.0231
vn 0.9780 -0.2066 -0.0272
vn 0.9984 -0.0098 0.0556
vn -0.9933 -0.0720 -0.0906
vn -0.9700 -0.1963 -0.1433
vn 0.9933 -0.0720 -0.0906
vn -0.9832 -0.1269 -0.1316
vn -0.9720 -0.2342 0.0190
vn 0.8204 -0.4497 -0.3532
vn 0.9832 -0.1268 -0.1315
vn -0.9870 -0.1177 -0.1092
vn -0.9685 -0.2376 0.0743
vn 0.5663 -0.8241 -0.0093
vn 0.9870 -0.1178 -0.1092
vn -0.9883 -0.1199 -0.0946
vn -0.9255 -0.2603 0.2752
vn 0.7545 -0.6459 0.1165
vn 0.9883 -0.1199 -0.0945
vn -0.7925 -0.5887 -0.1591
vn -0.6406 -0.6280 0.4419
vn 0.8034 -0.5240 0.2827
vn 0.7925 -0.5887 -0.1591
vn 0.2508 -0.7323 -0.6330
vn -0.0015 -0.9930 -0.1178
vn -0.0048 -0.7936 -0.6084
vn 0.0421 -0.3803 0.9239
vn -0.0018 -0.5623 0.8269
vn 0.0049 -0.4080 0.9130
vn 0.0018 -0.5623 0.8269
vn 0.0138 -0.5493 0.8355
vn -0.1671 -0.0809 -0.9826
vn -0.4093 0.0385 -0.9116
vn 0.2518 -0.7968 0.5492
vn 0.3833 -0.7852 0.4864
vn -0.1995 0.9794 0.0297
vn -0.1918 0.9651 -0.1782
vn -0.2850 0.9580 0.0303
vn -0.3864 0.8162 0.4296
vn -0.6261 0.1615 0.7628
vn -0.4451 0.2160 0.8690
vn -0.5498 -0.8264 0.1214
vn -0.3879 -0.9091 0.1523
vn -0.4973 -0.8624 0.0948
vn -0.3438 0.8282 0.4425
vn -0.4937 0.7820 0.3805
vn -0.3746 0.8393 0.3939
vn -0.3448 -0.2758 -0.8972
vn -0.1587 -0.6142 -0.7731
vn -0.3933 0.8545 0.3394
vn -0.5629 0.7740 0.2899
vn 0.0733 -0.9698 -0.2327
vn -0.4310 0.8699 0.2400
vn -0.5985 0.7841 0.1646
vn 0.1022 -0.7681 0.6321
vn -0.4774 0.8771 0.0523
vn -0.6305 0.7761 -0.0162
vn -0.2117 0.8113 -0.5450
vn -0.6619 0.5223 -0.5377
vn -0.8176 0.4839 -0.3120
vn -0.3893 0.0337 -0.9205
vn -0.3838 -0.0058 -0.9234
vn -0.4375 -0.0390 -0.8984
vn -0.0928 -0.2522 0.9632
vn -0.5284 -0.2074 -0.8233
vn 0.0086 -0.2107 0.9775
vn 0.3780 -0.8555 -0.3538
vn 0.5284 -0.2074 -0.8233
vn 0.5417 -0.8398 0.0373
vn 0.5789 -0.8151 0.0234
vn 0.7212 0.0730 0.6889
vn 0.3339 -0.1580 0.9293
vn 0.5824 0.0913 0.8077
vn 0.4186 0.7206 0.5528
vn 0.2653 0.9640 -0.0194
vn 0.1913 0.9630 -0.1896
vn 0.1597 0.9871 0.0088
vn 0.4937 0.7820 0.3805
vn 0.3438 0.8282 0.4426
vn 0.3746 0.8393 0.3939
vn 0.3194 0.8797 0.3521
vn 0.5629 0.7740 0.2899
vn 0.4758 0.8226 0.3112
vn 0.5985 0.7841 0.1645
vn 0.5275 0.8391 0.1328
vn 0.6305 0.7761 -0.0162
vn 0.5538 0.8324 -0.0202
vn 0.2117 0.8113 -0.5450
vn 0.6619 0.5222 -0.5377
vn 0.6556 0.5042 -0.5621
vn 0.3899 -0.0138 -0.9207
vn 0.3893 0.0337 -0.9205
vn 0.4375 -0.0390 -0.8984
vn 0.3366 -0.2911 -0.8955
vn 0.0293 -0.9865 -0.1609
vn 0.1696 -0.6707 -0.7221
vn 0.2363 -0.3568 -0.9038
vn 0.9715 0.0176 -0.2363
vn 0.2078 -0.1607 -0.9649
vn -0.0158 -0.2159 0.9763
vn -0.2052 -0.8308 0.5174
vn -0.3778 -0.8617 -0.3387
vn 0.3796 -0.9173 -0.1205
vn 0.0399 -0.9921 0.1186
vn -0.2715 -0.9375 0.2174
vn 0.1251 -0.9657 0.2276
vn 0.4007 -0.8987 0.1784
vn 0.2574 -0.9276 0.2706
vn 0.0465 -0.9652 0.2572
vn -0.2745 -0.5390 0.7963
vn -0.2493 -0.9383 0.2395
vn 0.2746 -0.5390 0.7963
vn -0.1749 -0.6878 0.7045
vn 0.0001 -0.0500 0.9987
vn -0.2340 -0.0508 0.9709
vn -0.0000 -0.9132 -0.4074
vn -0.4602 -0.8107 -0.3620
vn -0.4587 -0.8115 -0.3620
vn 0.4601 -0.8107 -0.3620
vn -0.0000 -0.9131 -0.4078
vn -0.0000 1.0000 -0.0027
vn -0.0076 0.9516 0.3073
vn -0.0000 0.9815 -0.1913
vn -0.0000 0.9999 0.0149
vn -0.2171 0.9397 0.2644
vn 0.2171 0.9397 0.2644
vn -0.0000 0.9605 0.2783
vn -0.0000 0.8574 0.5147
vn 0.0175 0.9018 0.4318
vn -0.0000 0.9354 0.3537
vn 0.0174 0.9880 0.1532
vn -0.5538 0.8324 -0.0210
vn -0.0000 0.9997 -0.0263
vn -0.0000 0.8983 -0.4393
vn -0.3383 0.2330 -0.9117
vn -0.3390 0.8458 -0.4120
vn 0.3383 0.2330 -0.9117
vn -0.1449 0.5820 -0.8002
vn -0.0000 0.0168 -0.9999
vn -0.0000 -0.2469 -0.9690
vn -0.3366 -0.2911 -0.8955
vn 0.0192 -0.2050 0.9786
vn -0.1582 -0.6637 0.7311
vn -0.0346 -0.6484 0.7605
vn 0.0003 -0.9478 -0.3188
vn -0.0000 -0.5975 -0.8019
vn -0.0003 -0.3983 -0.9173
vn -0.2105 -0.0232 -0.9773
vn 0.0448 -0.8253 0.5629
vn -0.0476 -0.8971 -0.4393
vn -0.6394 -0.4320 0.6361
vn -0.8132 -0.4100 0.4130
vn -0.5588 -0.5026 0.6597
vn -0.9791 0.1498 -0.1375
vn -0.9453 0.1618 -0.2834
vn -0.9844 0.1119 -0.1355
vn -0.9447 0.2471 -0.2157
vn 0.9144 0.1187 0.3871
vn 0.4983 -0.5455 0.6739
vn 0.8135 -0.3580 0.4582
vn 0.9451 0.2459 -0.2151
vn 0.9595 0.1708 -0.2239
vn 0.3986 0.0529 -0.9156
vn 0.2716 -0.1391 -0.9523
vn 0.9791 0.1497 -0.1377
vn -0.5413 -0.8400 0.0371
vn -0.3171 -0.9389 -0.1340
vn -0.5786 -0.8153 0.0227
vn -0.2916 -0.7334 -0.6141
vn -0.1920 -0.9108 -0.3655
vn 0.6421 -0.6312 -0.4351
vn -0.0642 -0.3306 -0.9416
vn -0.9879 0.0496 -0.1472
vn -0.8822 -0.4431 0.1591
vn 0.0127 0.4070 0.9133
vn 0.0034 0.4077 0.9131
vn 0.0144 0.4095 0.9122
vn 0.7990 -0.5870 0.1305
vn -0.0304 -0.8767 0.4800
vn 0.8001 -0.5803 0.1521
vn 0.2874 -0.8856 0.3649
vn 0.9766 -0.2026 0.0726
vn 0.3237 -0.3403 -0.8828
vn 0.5027 0.7487 -0.4322
vn 0.8927 0.3827 -0.2379
vn 0.3474 0.7919 -0.5023
vn -0.8630 -0.4904 0.1216
vn -0.1843 -0.4656 0.8656
vn 0.0242 -0.7183 0.6954
vn -0.8814 -0.2122 0.4220
vn -0.2900 -0.2857 0.9134
vn -0.6884 -0.5548 -0.4673
vn -0.3516 -0.0840 -0.9324
vn -0.9723 -0.1212 -0.2000
vn -0.4244 0.0939 -0.9006
vn -0.9663 0.0235 -0.2564
vn 0.5726 -0.2403 0.7838
vn 0.9989 0.0188 0.0438
vn 0.8021 0.3561 -0.4795
vn 0.2983 0.5531 -0.7779
vn -0.4533 -0.8085 0.3754
vn -0.4718 -0.7492 0.4648
vn -0.9274 -0.3208 0.1924
vn -0.5428 -0.2702 0.7952
vn -0.3831 0.7896 -0.4794
vn -0.9569 0.2558 -0.1377
vn -0.4217 0.7627 -0.4904
vn -0.8739 0.3097 -0.3746
vn 0.9312 0.2531 0.2622
vn 0.4072 0.6620 0.6292
vn 0.4262 0.6582 0.6206
vn 0.3641 0.6088 0.7049
vn 0.9556 0.2623 0.1342
vn 0.3383 0.6650 -0.6658
vn 0.9820 0.1235 -0.1430
vn 0.3241 -0.7479 -0.5793
vn 0.6768 -0.5346 -0.5061
vn 0.7925 -0.4809 -0.3752
vn 0.7670 -0.5569 -0.3187
vn 0.3108 -0.8288 -0.4653
vn 0.8390 -0.5136 -0.1799
vn 0.2787 -0.9040 -0.3244
vn -0.8472 0.4594 0.2669
vn -0.3725 0.6961 0.6137
vn -0.9074 0.3061 0.2879
vn -0.2720 0.7130 0.6463
vn -0.3867 0.6470 0.6571
vn -0.3648 0.7543 -0.5459
vn -0.9434 0.3181 -0.0939
vn -0.4081 0.7406 -0.5338
vn -0.3701 -0.7714 -0.5177
vn -0.7977 -0.4500 -0.4015
vn -0.2928 -0.6890 -0.6630
vn -0.8710 -0.4195 -0.2557
vn -0.9498 -0.3090 -0.0493
vn -0.4030 -0.7857 -0.4693
vn -0.9092 -0.3706 -0.1898
vn 0.3724 0.6855 -0.6256
vn 0.9801 0.1498 -0.1301
vn 0.8650 -0.4951 -0.0812
vn 0.3244 -0.9282 -0.1820
vn -0.9412 0.3048 -0.1458
vn -0.3976 0.7969 -0.4548
vn -0.3621 -0.8797 -0.3082
vn -0.9181 -0.3833 -0.1005
vn 0.9903 -0.0473 0.1309
vn 0.6528 -0.3045 -0.6936
vn -0.4153 0.5347 -0.7360
vn 0.4621 -0.2648 0.8464
vn 0.9533 -0.1045 0.2832
vn 0.4662 -0.2554 0.8470
vn 0.9626 0.0236 -0.2699
vn -0.8560 -0.1243 0.5017
vn -0.2609 -0.2686 0.9272
vn -0.8463 0.1375 -0.5146
vn 0.3734 -0.0021 -0.9277
vn 0.8688 0.0515 -0.4925
vn 0.3428 0.0981 -0.9343
vn 0.6639 0.1992 -0.7208
vn 0.3408 0.2660 -0.9017
vn 0.8133 -0.2626 0.5192
vn -0.8314 -0.2903 0.4738
vn -0.2718 -0.3959 0.8772
vn -0.3809 0.2905 -0.8778
vn -0.8563 0.2125 -0.4707
vn 0.7046 0.3200 -0.6334
vn 0.3217 0.4549 -0.8304
vn 0.4603 -0.5977 0.6565
vn 0.9459 -0.0544 0.3197
vn -0.7863 -0.4514 0.4219
vn -0.2935 -0.6460 0.7047
vn -0.3970 0.4462 -0.8020
vn -0.9086 0.2784 -0.3114
vn 0.7926 0.3519 -0.4979
vn 0.3136 0.5874 -0.7461
vn 0.4659 0.1079 0.8783
vn 0.9678 0.0707 0.2414
vn -0.3336 0.0908 0.9383
vn -0.9170 0.0554 0.3950
vn -0.3153 0.1933 0.9291
vn -0.3686 0.5631 -0.7396
vn -0.9150 0.2691 -0.3007
vn 0.8547 0.3020 -0.4221
vn 0.3102 0.5929 -0.7432
vn 0.4600 0.1928 0.8667
vn 0.9631 0.1133 0.2441
vn -0.9116 0.1273 0.3908
vn -0.2556 0.3609 0.8969
vn -0.3585 0.5923 -0.7215
vn -0.9155 0.2513 -0.3141
vn 0.8637 0.2864 -0.4147
vn 0.3058 0.5897 -0.7475
vn 0.9870 -0.0629 -0.1481
vn -0.2550 -0.1563 -0.9542
vn 0.4622 -0.5792 0.6715
vn -0.8834 0.3672 0.2911
vn 0.3473 0.8048 -0.4814
vn -0.3741 -0.9067 -0.1948
vn -0.8846 -0.1089 0.4535
vn 0.4139 -0.3835 0.8256
vn -0.8444 -0.1471 0.5151
vn 0.4154 0.3311 0.8472
vn -0.3353 0.5914 -0.7334
vn 0.2637 -0.9079 -0.3257
vn -0.7751 -0.1785 -0.6061
vn -0.4493 -0.0764 -0.8901
vn 0.4766 -0.8742 0.0927
vn -0.8725 -0.4880 0.0236
vn 0.8721 -0.4887 0.0237
vn 0.0157 0.4110 0.9115
vn 0.0059 0.4113 0.9115
vn 0.0168 0.4126 0.9108
vn 0.0045 0.4088 0.9126
vn 0.6168 -0.4305 0.6590
vn -0.0396 -0.7757 0.6298
vn -0.9637 0.2564 0.0743
vn -0.9879 0.0223 -0.1535
vn -0.9751 0.0520 0.2157
vn -0.2457 -0.4949 -0.8335
vn -0.9711 0.1839 -0.1522
vn 0.5550 -0.1430 0.8195
vn -0.0890 -0.2289 0.9694
vn 0.5410 -0.2511 0.8027
vn 0.9488 -0.3032 0.0883
vn 0.9498 -0.3074 0.0573
vn 0.9496 -0.3084 0.0571
vn 0.9021 -0.1538 -0.4032
vn 0.1837 -0.0561 0.9814
vn -0.3549 -0.2025 0.9127
vn -0.5917 -0.1546 0.7912
vn -0.2895 -0.9023 0.3195
vn -0.9738 -0.2271 -0.0083
vn -0.9686 -0.1826 0.1688
vn -0.4647 -0.0114 0.8854
vn -0.7693 0.1650 0.6172
vn -0.5133 -0.1393 0.8468
vn -0.8740 -0.0243 0.4853
vn -0.3241 -0.0042 0.9460
vn 0.9261 -0.3768 -0.0194
vn 0.1394 -0.5301 -0.8364
vn 0.1136 -0.5518 -0.8262
vn 0.8711 -0.1465 -0.4688
vn 0.2898 -0.4926 -0.8206
vn 0.9345 -0.2226 0.2777
vn 0.1527 -0.0233 0.9880
vn 0.9756 -0.0333 0.2171
vn -0.2053 -0.5359 -0.8189
vn -0.9517 -0.2566 -0.1686
vn 0.9270 -0.2105 0.3106
vn 0.3954 -0.4667 0.7911
vn 0.9857 0.0621 0.1569
vn -0.9421 -0.1964 0.2718
vn -0.3604 -0.4770 0.8016
vn -0.2355 -0.5762 0.7827
vn 0.9561 0.1600 -0.2457
vn 0.2489 0.6105 -0.7519
vn 0.3338 0.5255 -0.7826
vn -0.9579 0.2696 -0.0992
vn -0.1945 0.6191 -0.7608
vn -0.9290 0.2994 -0.2177
vn 0.9185 0.0643 0.3902
vn -0.9310 0.0395 0.3627
vn -0.1908 0.1185 0.9745
vn 0.9454 0.2024 -0.2553
vn 0.2309 0.6194 -0.7503
vn -0.9492 0.2062 -0.2377
vn 0.2097 -0.0083 0.9777
vn 0.9636 0.0016 0.2673
vn -0.1861 -0.0076 0.9825
vn 0.9634 0.1514 -0.2212
vn 0.2331 0.5616 -0.7939
vn -0.1260 0.5778 -0.8064
vn -0.9645 0.1590 -0.2111
vn 0.9617 0.0164 0.2737
vn -0.9657 0.0098 0.2595
vn -0.1808 0.0494 0.9823
vn 0.9453 0.1658 -0.2809
vn 0.2052 0.5065 -0.8375
vn -0.9378 0.1835 -0.2948
vn -0.2624 -0.0294 0.9645
vn -0.4189 0.1861 0.8888
vn 0.9875 -0.1519 0.0430
vn 0.9994 -0.0356 0.0010
vn -0.1215 -0.1521 0.9809
vn -0.9124 -0.1760 0.3694
vn 0.9263 -0.3432 -0.1555
vn -0.9922 -0.1222 0.0228
vn -0.3597 -0.6103 -0.7058
vn 0.9989 0.0432 -0.0163
vn 0.4078 -0.4570 0.7905
vn -0.9989 0.0102 0.0455
vn -0.9475 -0.0025 0.3197
vn 0.9141 0.3016 -0.2711
vn -0.9906 0.1067 0.0853
vn -0.2619 0.6647 -0.6997
vn 0.9992 0.0153 -0.0371
vn 0.3940 -0.0526 0.9176
vn -0.9992 -0.0157 0.0360
vn -0.3538 0.4303 -0.8305
vn 0.9995 0.0096 -0.0285
vn -0.9140 -0.1538 0.3754
vn -0.9995 -0.0113 0.0283
vn 0.9997 0.0067 -0.0246
vn 0.2058 0.0479 0.9774
vn -0.9997 -0.0077 0.0246
vn -0.0679 0.5244 -0.8488
vn -0.6601 -0.5461 -0.5157
vn -0.2854 -0.3145 -0.9053
vn 0.8359 -0.1234 0.5349
vn 0.2261 -0.5015 0.8351
vn 0.8197 -0.2974 0.4896
vn 0.1806 0.1856 0.9659
vn 0.4255 -0.3479 0.8354
vn -0.2848 -0.2129 0.9346
vn -0.9457 -0.0908 0.3122
vn -0.8840 -0.2417 0.4002
vn -0.2754 0.2864 0.9177
vn -0.3978 -0.3446 0.8503
vn 0.3965 0.1099 -0.9114
vn 0.9876 0.0840 -0.1325
vn 0.3656 0.5041 -0.7825
vn 0.9854 -0.1280 -0.1119
vn 0.9696 -0.0946 -0.2257
vn -0.9596 0.2238 -0.1707
vn -0.2503 0.0311 -0.9677
vn -0.2688 0.5184 -0.8118
vn -0.9905 -0.0706 -0.1180
vn -0.9749 -0.0940 -0.2019
vn 0.7894 0.0770 0.6090
vn -0.9346 -0.1162 0.3361
vn 0.6332 -0.4040 -0.6601
vn -0.4213 -0.5612 -0.7124
vn 0.9975 -0.0709 0.0024
vn 0.9974 -0.0717 -0.0040
vn -0.9976 -0.0637 0.0271
vn 0.9997 0.0044 -0.0257
vn -0.9993 -0.0218 0.0307
vn 0.9990 -0.0427 -0.0128
vn 0.9994 0.0137 -0.0302
vn 0.9995 -0.0232 -0.0209
vn -0.9985 -0.0418 0.0365
vn 0.8260 -0.5517 0.1156
vn -0.0000 0.1644 0.9864
vn 0.4109 -0.6515 -0.6377
vn 0.9236 -0.3474 -0.1621
vn 0.2035 -0.9290 -0.3090
vn 0.1733 -0.9847 -0.0176
vn -0.6105 0.5251 0.5929
vn -0.9456 0.3039 0.1160
vn -0.0774 0.9422 0.3259
vn -0.9916 -0.0465 0.1204
vn 0.0726 -0.2407 0.9679
vn 0.6507 0.0326 0.7586
vn 0.9286 -0.0255 0.3703
vn 0.2892 0.0445 0.9562
vn 0.9561 0.1883 0.2246
vn 0.4046 0.4586 0.7912
vn 0.9923 0.1091 -0.0592
vn 0.3468 0.8986 -0.2690
vn 0.9863 0.1603 -0.0396
vn -0.1512 0.1247 0.9806
vn -0.9204 -0.0196 0.3904
vn -0.9815 -0.0082 0.1912
vn -0.2730 0.4451 0.8528
vn -0.2009 0.9024 -0.3811
vn -0.9808 0.1823 -0.0688
vn -0.0840 0.9420 -0.3250
vn -0.9560 -0.0615 -0.2869
vn -0.2888 -0.1094 -0.9511
vn -0.2953 -0.2588 -0.9197
vn -0.2388 -0.7375 -0.6318
vn -0.9495 -0.1958 -0.2453
vn -0.2374 -0.7861 -0.5707
vn -0.9749 -0.1812 -0.1294
vn 0.9187 -0.1967 -0.3424
vn 0.1925 -0.1177 -0.9742
vn 0.9865 -0.0743 -0.1456
vn 0.1636 -0.7507 -0.6400
vn 0.4736 -0.1586 -0.8663
vn 0.9062 -0.2205 -0.3609
vn 0.1526 -0.7935 -0.5892
vn 0.3584 0.8643 -0.3530
vn 0.9958 0.0864 -0.0289
vn -0.0345 0.8999 -0.4348
vn -0.9807 -0.1819 -0.0716
vn 0.9767 -0.1996 -0.0788
vn 0.0948 -0.9286 -0.3586
vn 0.9861 0.1381 -0.0924
vn -0.9779 0.1621 -0.1323
vn 0.0173 0.7837 -0.6210
vn -0.2436 -0.9656 -0.0912
vn -0.9809 -0.1938 -0.0158
vn 0.0751 -0.9917 -0.1041
vn 0.9850 -0.1319 -0.1112
vn 0.2215 -0.9133 -0.3418
vn 0.2217 -0.4288 -0.8757
vn 0.9652 0.2401 0.1034
vn 0.2877 0.9092 0.3011
vn 0.4173 0.3767 0.8270
vn 0.9378 0.2867 0.1960
vn 0.3839 0.7934 0.4723
vn -0.9003 0.0090 0.4352
vn -0.4125 -0.0304 0.9104
vn -0.0250 0.6035 0.7969
vn -0.3434 -0.6902 -0.6370
vn -0.9371 -0.2796 -0.2092
vn -0.9852 -0.1254 -0.1165
vn -0.9920 -0.1266 -0.0009
vn -0.2573 -0.9661 -0.0213
vn -0.9589 -0.2657 0.0992
vn -0.1521 -0.9670 -0.2042
vn 0.9200 0.1873 0.3444
vn 0.6420 -0.4368 -0.6300
vn -0.9651 -0.2384 0.1087
vn -0.9590 -0.2774 0.0573
vn 0.1995 -0.7314 -0.6520
vn -0.8831 -0.4571 0.1060
vn -0.8203 -0.5622 0.1048
vn -0.9933 0.0913 -0.0707
vn 0.4321 0.9002 -0.0537
vn 0.9149 -0.3853 -0.1204
vn -0.9212 0.3782 0.0913
vn -0.3994 -0.9036 -0.1552
vn 0.3003 0.7784 -0.5514
vn 0.9757 -0.2175 -0.0246
vn 0.9812 -0.1437 -0.1288
vn 0.5327 -0.8368 0.1263
vn 0.9392 -0.3398 0.0492
vn 0.2710 -0.2019 0.9412
vn -0.0856 -0.4976 0.8632
vn -0.3537 -0.1601 0.9216
vn 0.5700 -0.1428 0.8091
vn 0.0861 -0.6793 -0.7288
vn -0.0000 -0.6406 -0.7679
vn 0.0336 -0.6407 -0.7670
vn -0.5803 0.8136 0.0364
vn -0.0000 0.9967 -0.0812
vn 0.0008 0.9998 -0.0207
vn -0.9999 -0.0006 0.0141
vn -1.0000 -0.0000 -0.0000
vn -0.9995 0.0046 0.0315
vn -0.0861 -0.6793 -0.7288
vn -0.0839 -0.8511 -0.5183
vn 0.9999 -0.0006 0.0141
vn 1.0000 -0.0000 -0.0000
vn 0.5803 0.8136 0.0364
vn 0.5728 0.8170 -0.0665
vn 0.0248 -0.6563 -0.7541
vn -0.0000 -0.3459 -0.9383
vn -0.1258 -0.2937 -0.9476
vn -0.2660 0.3801 0.8859
vn -0.0000 0.2415 0.9704
vn -0.0000 0.3925 0.9198
vn -0.0248 -0.6563 -0.7541
vn -0.0000 -0.6434 -0.7655
vn 0.2660 0.3801 0.8859
vn 0.1841 0.1825 0.9658
vn -0.0000 -0.1492 -0.9888
vn -0.1334 -0.1714 -0.9761
vn -0.1841 0.1825 0.9658
vn -0.0000 0.2274 0.9738
vn 0.1258 -0.2937 -0.9476
vn 0.1111 0.1911 0.9753
vn -0.1527 -0.0393 -0.9875
vn -0.0283 0.4665 0.8841
vn -0.0000 0.5110 0.8596
vn 0.1527 -0.0393 -0.9875
vn -0.0283 -0.0463 -0.9985
vn 0.0283 0.4664 0.8841
vn -0.1879 -0.1263 -0.9740
vn 0.0315 0.5562 0.8305
vn -0.0000 0.5564 0.8309
vn 0.1879 -0.1263 -0.9740
vn -0.0000 -0.1267 -0.9919
vn -0.0314 0.5562 0.8305
vn -0.3784 0.9165 0.1299
vn -0.7975 0.5810 0.1625
vn -0.7042 0.6697 0.2359
vn 0.7336 0.5737 -0.3642
vn 0.2791 0.9476 -0.1554
vn 0.4736 -0.8101 -0.3455
vn 0.4739 -0.8453 -0.2467
vn 0.4957 -0.8019 -0.3334
vn -0.8125 -0.5457 0.2049
vn -0.8738 -0.4439 0.1985
vn -0.7336 0.5737 -0.3642
vn 0.1043 0.9741 -0.2004
vn -0.7855 0.4585 -0.4157
vn 0.3784 0.9165 0.1299
vn 0.7976 0.5791 0.1687
vn 0.8125 -0.5457 0.2049
vn 0.7042 0.6697 0.2359
vn -0.4736 -0.8101 -0.3455
vn -0.4739 -0.8453 -0.2467
vn -0.4700 -0.8092 -0.3525
vn 0.7854 0.4586 -0.4157
vn 0.4702 -0.8704 -0.1461
vn 0.4180 -0.9067 0.0555
vn -0.9654 -0.2590 -0.0291
vn -0.8563 0.4445 -0.2631
vn 0.8176 0.4839 -0.3120
vn 0.8738 -0.4439 0.1985
vn -0.4702 -0.8704 -0.1461
vn -0.3305 -0.8229 -0.4621
vn -0.2689 -0.8386 -0.4737
vn -0.2642 -0.8396 -0.4746
vn 0.3454 -0.7698 0.5368
vn 0.2087 -0.6087 0.7654
vn 0.3645 -0.7889 0.4947
vn -0.1645 -0.9415 -0.2940
vn -0.1718 -0.9411 -0.2913
vn -0.1732 -0.9410 -0.2908
vn -0.1764 -0.9405 -0.2905
vn -0.2003 -0.9383 -0.2817
vn -0.2035 -0.9380 -0.2806
vn -0.4748 0.5727 -0.6683
vn -0.4090 0.5227 -0.7480
vn -0.3940 0.5109 -0.7641
vn 0.0149 -0.9997 0.0171
vn -0.3454 -0.7698 0.5368
vn -0.2087 -0.6087 0.7654
vn -0.1790 -0.5695 0.8022
vn 0.3305 -0.8229 -0.4621
vn 0.2690 -0.8386 -0.4738
vn 0.3361 -0.8213 -0.4610
vn 0.1645 -0.9415 -0.2940
vn 0.1718 -0.9411 -0.2913
vn 0.1632 -0.9416 -0.2945
vn 0.1764 -0.9405 -0.2905
vn 0.2003 -0.9383 -0.2817
vn 0.1736 -0.9407 -0.2915
vn -0.0149 -0.9997 0.0171
vn 0.4748 0.5727 -0.6683
vn 0.4090 0.5227 -0.7480
vn 0.4831 0.5788 -0.6570
vn 0.0861 -0.5902 0.8027
vn 0.0873 -0.5886 0.8037
vn 0.0899 -0.5850 0.8061
vn -0.0861 -0.5902 0.8027
vn -0.0873 -0.5886 0.8037
vn -0.0836 -0.5935 0.8005
vn -0.2957 0.5583 -0.7751
vn -0.2997 0.5513 -0.7786
vn -0.2887 0.5703 -0.7691
vn 0.2957 0.5583 -0.7751
vn 0.2997 0.5513 -0.7786
vn 0.3070 0.5385 -0.7847
vn -0.0942 0.1947 0.9763
vn -0.1268 0.9761 0.1768
vn -0.0000 0.9441 0.3296
vn -0.9999 0.0054 0.0098
vn -1.0000 -0.0036 -0.0032
vn 0.0942 0.1947 0.9763
vn -0.0000 0.2051 0.9787
vn 0.9999 0.0054 0.0098
vn 0.1268 0.9761 0.1768
vn 0.2369 -0.8903 -0.3889
vn -0.2630 0.9456 0.1916
vn -0.0002 0.9982 -0.0595
vn -0.9906 0.0233 0.1347
vn -0.9939 0.0248 0.1071
vn -0.2369 -0.8903 -0.3889
vn -0.0000 -0.9835 -0.1809
vn 0.9906 0.0234 0.1347
vn 0.9995 0.0046 0.0315
vn 0.2630 0.9456 0.1916
vn -0.0000 -0.2985 0.9544
vn 0.0005 -0.3687 0.9296
vn -0.0022 -0.3836 0.9235
vn -0.0000 -0.9655 0.2605
vn 0.1080 -0.9890 0.1011
vn 0.0982 -0.9931 0.0645
vn -0.9932 0.0373 0.1101
vn -0.9989 0.0066 0.0469
vn 0.0783 0.9713 0.2244
vn -0.0002 0.9876 0.1570
vn -0.0783 0.9713 0.2244
vn -0.1080 -0.9890 0.1011
vn -0.0000 -0.9537 0.3008
vn -0.0005 -0.3687 0.9296
vn -0.0000 -0.2817 0.9595
vn 0.9933 0.0372 0.1093
vn 0.9939 0.0248 0.1071
vn 1.0000 -0.0037 -0.0032
vn 0.9989 0.0064 0.0463
vn -0.5722 -0.4764 0.6676
vn -0.6981 -0.0305 0.7153
vn -0.5726 -0.5003 0.6495
vn -0.7646 0.0225 0.6441
vn -0.4230 0.0944 0.9012
vn -0.2694 0.5785 0.7699
vn -0.6096 0.5805 0.5398
vn -0.6672 0.4987 0.5534
vn -0.6187 0.4610 0.6361
vn -0.6922 0.2895 0.6611
vn 0.8055 0.0376 -0.5914
vn 0.9177 0.2459 0.3122
vn 0.7787 -0.1380 -0.6120
vn 0.6612 -0.5421 -0.5186
vn 0.6441 0.0225 -0.7646
vn 0.7108 0.0231 -0.7030
vn 0.7474 0.2660 -0.6088
vn 0.8356 0.4855 -0.2570
vn 0.9726 0.2224 -0.0674
vn 0.5536 0.4987 -0.6670
vn 0.6452 0.1388 -0.7513
vn 0.6611 0.2895 -0.6922
vn 0.3178 0.6954 -0.6446
vn -0.7627 0.1081 0.6376
vn -0.8538 0.0174 0.5203
vn 0.4392 -0.1767 -0.8808
vn 0.8052 -0.1063 -0.5834
vn 0.4190 -0.0079 -0.9080
vn 0.6376 0.1081 -0.7627
vn -0.7145 0.0526 0.6976
vn 0.2974 0.7422 -0.6006
vn -0.7497 -0.2309 0.6202
vn 0.6267 -0.2419 -0.7408
vn 0.7568 -0.0365 -0.6526
vn -0.6526 -0.0365 0.7568
vn -0.7078 -0.2078 0.6752
vn 0.6724 -0.2066 -0.7108
vn 0.7452 -0.0098 -0.6667
vn -0.7664 -0.0720 0.6383
vn -0.7872 -0.1963 0.5846
vn 0.6383 -0.0720 -0.7664
vn -0.7883 -0.1269 0.6021
vn -0.6738 -0.2342 0.7008
vn 0.3303 -0.4497 -0.8299
vn 0.6020 -0.1269 -0.7883
vn -0.7751 -0.1178 0.6207
vn -0.6323 -0.2376 0.7374
vn 0.3939 -0.8241 -0.4070
vn 0.6207 -0.1178 -0.7751
vn -0.7656 -0.1200 0.6320
vn -0.4598 -0.2603 0.8490
vn 0.6159 -0.6459 -0.4511
vn 0.6320 -0.1199 -0.7657
vn -0.6729 -0.5887 0.4479
vn -0.1404 -0.6281 0.7654
vn 0.7680 -0.5240 -0.3682
vn 0.4479 -0.5887 -0.6729
vn -0.2703 -0.7323 -0.6250
vn -0.0844 -0.9930 -0.0823
vn -0.4336 -0.7936 -0.4268
vn 0.6831 -0.3803 0.6235
vn 0.5835 -0.5623 0.5860
vn 0.6490 -0.4080 0.6421
vn 0.5860 -0.5623 0.5835
vn 0.6006 -0.5493 0.5811
vn -0.8129 -0.0810 -0.5767
vn -0.9340 0.0386 -0.3552
vn 0.5664 -0.7969 0.2103
vn 0.6150 -0.7851 0.0729
vn -0.1201 0.9794 0.1621
vn -0.2617 0.9651 0.0096
vn -0.1801 0.9580 0.2229
vn 0.0306 0.8162 0.5770
vn 0.0966 0.1615 0.9821
vn 0.2997 0.2160 0.9293
vn -0.3030 -0.8264 0.4746
vn -0.1666 -0.9091 0.3819
vn -0.2846 -0.8624 0.4187
vn 0.0698 0.8282 0.5560
vn -0.0801 0.7820 0.6181
vn 0.0136 0.8393 0.5434
vn -0.8783 -0.2758 -0.3906
vn -0.6588 -0.6142 -0.4344
vn -0.0381 0.8545 0.5181
vn -0.1933 0.7741 0.6028
vn -0.1126 -0.9698 -0.2164
vn -0.1351 0.8699 0.4745
vn -0.3069 0.7841 0.5395
vn 0.5192 -0.7681 0.3747
vn -0.3006 0.8771 0.3746
vn -0.4573 0.7761 0.4343
vn -0.5351 0.8113 -0.2357
vn -0.8483 0.5223 0.0878
vn -0.7988 0.4838 0.3576
vn -0.9262 0.0337 -0.3756
vn -0.9243 -0.0058 -0.3816
vn -0.9446 -0.0390 -0.3259
vn 0.6155 -0.2522 0.7467
vn -0.9558 -0.2074 -0.2085
vn 0.6973 -0.2107 0.6851
vn 0.0171 -0.8555 -0.5175
vn -0.2085 -0.2074 -0.9558
vn 0.4094 -0.8398 -0.3566
vn 0.4259 -0.8151 -0.3928
vn 0.9971 0.0730 -0.0228
vn 0.8932 -0.1580 0.4210
vn 0.9830 0.0914 0.1594
vn 0.6868 0.7206 0.0949
vn 0.1739 0.9640 -0.2014
vn 0.0012 0.9630 -0.2693
vn 0.1192 0.9871 -0.1067
vn 0.6181 0.7820 -0.0801
vn 0.5561 0.8282 0.0698
vn 0.5434 0.8393 0.0136
vn 0.4749 0.8797 0.0231
vn 0.6030 0.7740 -0.1930
vn 0.5565 0.8226 -0.1164
vn 0.5397 0.7840 -0.3066
vn 0.4669 0.8391 -0.2790
vn 0.4343 0.7761 -0.4573
vn 0.3773 0.8324 -0.4059
vn -0.2357 0.8113 -0.5350
vn 0.0878 0.5222 -0.8483
vn 0.0661 0.5042 -0.8610
vn -0.3753 -0.0138 -0.9268
vn -0.3756 0.0337 -0.9262
vn -0.3259 -0.0390 -0.9446
vn -0.3952 -0.2911 -0.8712
vn -0.0931 -0.9865 -0.1345
vn -0.3907 -0.6707 -0.6305
vn -0.4720 -0.3568 -0.8062
vn 0.5199 0.0176 -0.8540
vn -0.5354 -0.1607 -0.8292
vn 0.6792 -0.2159 0.7015
vn 0.2208 -0.8308 0.5109
vn -0.5067 -0.8617 0.0276
vn 0.1832 -0.9173 -0.3536
vn 0.1122 -0.9921 0.0556
vn -0.0383 -0.9375 0.3458
vn 0.2494 -0.9657 0.0725
vn 0.4095 -0.8986 -0.1572
vn 0.3733 -0.9276 0.0093
vn 0.2148 -0.9652 0.1489
vn 0.3689 -0.5390 0.7572
vn -0.0070 -0.9383 0.3457
vn 0.7572 -0.5390 0.3689
vn 0.3746 -0.6878 0.6218
vn 0.7063 -0.0500 0.7062
vn 0.5211 -0.0508 0.8520
vn -0.2881 -0.9132 -0.2881
vn -0.5814 -0.8107 0.0694
vn -0.5803 -0.8115 0.0684
vn 0.0694 -0.8107 -0.5813
vn -0.2884 -0.9131 -0.2883
vn -0.0019 1.0000 -0.0019
vn 0.2119 0.9516 0.2227
vn -0.1353 0.9815 -0.1353
vn 0.0105 0.9999 0.0105
vn 0.0334 0.9397 0.3404
vn 0.3405 0.9397 0.0334
vn 0.1968 0.9605 0.1968
vn 0.3639 0.8574 0.3639
vn 0.3177 0.9018 0.2930
vn 0.2501 0.9354 0.2501
vn 0.1206 0.9880 0.0960
vn -0.4064 0.8324 0.3767
vn -0.0186 0.9997 -0.0186
vn -0.3106 0.8983 -0.3106
vn -0.8839 0.2331 -0.4055
vn -0.5310 0.8458 -0.0516
vn -0.4055 0.2331 -0.8839
vn -0.6682 0.5820 -0.4634
vn -0.7070 0.0168 -0.7070
vn -0.6852 -0.2469 -0.6852
vn -0.8712 -0.2911 -0.3952
vn 0.7056 -0.2050 0.6784
vn 0.4051 -0.6637 0.6288
vn 0.5133 -0.6484 0.5622
vn -0.2252 -0.9478 -0.2256
vn -0.5670 -0.5975 -0.5670
vn -0.6488 -0.3982 -0.6484
vn -0.8399 -0.0233 -0.5422
vn 0.4297 -0.8253 0.3664
vn -0.3443 -0.8971 -0.2769
vn -0.0024 -0.4320 0.9019
vn -0.2831 -0.4101 0.8670
vn 0.0713 -0.5026 0.8616
vn -0.7895 0.1497 0.5952
vn -0.8688 0.1618 0.4680
vn -0.7919 0.1119 0.6003
vn -0.8205 0.2471 0.5155
vn 0.9203 0.1186 -0.3728
vn 0.8289 -0.5455 0.1242
vn 0.8993 -0.3580 -0.2513
vn 0.5162 0.2459 -0.8204
vn 0.5201 0.1708 -0.8368
vn -0.3656 0.0529 -0.9293
vn -0.4813 -0.1391 -0.8654
vn 0.5950 0.1497 -0.7896
vn -0.3565 -0.8401 0.4089
vn -0.3189 -0.9389 0.1294
vn -0.3931 -0.8153 0.4252
vn -0.6405 -0.7334 -0.2280
vn -0.3942 -0.9108 -0.1226
vn 0.1463 -0.6312 -0.7617
vn -0.7112 -0.3306 -0.6204
vn -0.8026 0.0497 0.5945
vn -0.5113 -0.4431 0.7363
vn 0.6548 0.4070 0.6369
vn 0.6482 0.4073 0.6434
vn 0.6553 0.4092 0.6350
vn 0.6573 -0.5870 -0.4727
vn 0.3180 -0.8767 0.3609
vn 0.6733 -0.5803 -0.4582
vn 0.4613 -0.8856 0.0548
vn 0.7419 -0.2026 -0.6392
vn -0.3953 -0.3403 -0.8532
vn 0.0498 0.7487 -0.6611
vn 0.4631 0.3827 -0.7994
vn -0.1095 0.7919 -0.6008
vn -0.5242 -0.4904 0.6962
vn 0.4817 -0.4656 0.7424
vn 0.5088 -0.7183 0.4746
vn -0.3249 -0.2122 0.9216
vn 0.4408 -0.2857 0.8509
vn -0.8172 -0.5548 0.1563
vn -0.9079 -0.0840 -0.4107
vn -0.8289 -0.1212 0.5460
vn -0.9369 0.0939 -0.3367
vn -0.8646 0.0235 0.5019
vn 0.9591 -0.2404 0.1494
vn 0.7373 0.0187 -0.6753
vn 0.2281 0.3561 -0.9062
vn -0.3391 0.5530 -0.7610
vn -0.0550 -0.8084 0.5860
vn -0.0049 -0.7492 0.6623
vn -0.5197 -0.3208 0.7919
vn 0.1785 -0.2702 0.9461
vn -0.6098 0.7896 -0.0681
vn -0.7740 0.2558 0.5792
vn -0.6450 0.7627 -0.0486
vn -0.8829 0.3097 0.3531
vn 0.8439 0.2531 -0.4730
vn 0.7328 0.6620 0.1570
vn 0.7402 0.6582 0.1375
vn 0.7559 0.6088 0.2410
vn 0.7706 0.2623 -0.5808
vn -0.2316 0.6650 -0.7100
vn 0.5933 0.1236 -0.7955
vn -0.1805 -0.7479 -0.6388
vn 0.1207 -0.5346 -0.8365
vn 0.2950 -0.4809 -0.8257
vn 0.3170 -0.5569 -0.7677
vn -0.1092 -0.8288 -0.5488
vn 0.4660 -0.5137 -0.7204
vn -0.0323 -0.9040 -0.4264
vn -0.4103 0.4594 0.7878
vn 0.1706 0.6961 0.6974
vn -0.4381 0.3061 0.8452
vn 0.2646 0.7130 0.6493
vn 0.1912 0.6470 0.7381
vn -0.6439 0.7543 -0.1281
vn -0.7335 0.3181 0.6007
vn -0.6660 0.7406 -0.0889
vn -0.6278 -0.7713 -0.1043
vn -0.8480 -0.4499 0.2801
vn -0.6758 -0.6890 -0.2618
vn -0.7967 -0.4194 0.4351
vn -0.7065 -0.3090 0.6367
vn -0.6168 -0.7857 -0.0469
vn -0.7771 -0.3706 0.5087
vn -0.1790 0.6855 -0.7057
vn 0.6010 0.1499 -0.7850
vn 0.5542 -0.4951 -0.6691
vn 0.1007 -0.9282 -0.3581
vn -0.7686 0.3049 0.5624
vn -0.6027 0.7969 -0.0404
vn -0.4740 -0.8797 0.0381
vn -0.7203 -0.3833 0.5781
vn 0.7928 -0.0473 -0.6076
vn -0.0289 -0.3045 -0.9521
vn -0.8141 0.5346 -0.2268
vn 0.9252 -0.2648 0.2717
vn 0.8744 -0.1045 -0.4738
vn 0.9286 -0.2554 0.2693
vn 0.4892 0.0237 -0.8719
vn -0.2505 -0.1243 0.9601
vn 0.4712 -0.2686 0.8401
vn -0.9623 0.1375 0.2346
vn -0.3919 -0.0021 -0.9200
vn 0.2661 0.0515 -0.9626
vn -0.4182 0.0981 -0.9030
vn -0.0403 0.1992 -0.9791
vn -0.3966 0.2660 -0.8786
vn 0.9422 -0.2626 -0.2081
vn -0.2529 -0.2902 0.9229
vn 0.4281 -0.3959 0.8124
vn -0.8900 0.2905 -0.3513
vn -0.9384 0.2125 0.2727
vn 0.0504 0.3200 -0.9461
vn -0.3597 0.4549 -0.8147
vn 0.7897 -0.5977 0.1387
vn 0.8950 -0.0544 -0.4428
vn -0.2576 -0.4513 0.8544
vn 0.2907 -0.6460 0.7058
vn -0.8479 0.4462 -0.2863
vn -0.8627 0.2783 0.4223
vn 0.2084 0.3519 -0.9125
vn -0.3059 0.5874 -0.7493
vn 0.9504 0.1079 0.2916
vn 0.8551 0.0707 -0.5136
vn 0.4276 0.0908 0.8994
vn -0.3691 0.0554 0.9277
vn 0.4340 0.1933 0.8799
vn -0.7836 0.5632 -0.2623
vn -0.8596 0.2691 0.4343
vn 0.3059 0.3020 -0.9029
vn -0.3061 0.5928 -0.7449
vn 0.9382 0.1928 0.2875
vn 0.8536 0.1134 -0.5084
vn -0.3682 0.1273 0.9210
vn 0.4535 0.3609 0.8149
vn -0.7637 0.5923 -0.2567
vn -0.8695 0.2513 0.4253
vn 0.3175 0.2865 -0.9040
vn -0.3125 0.5897 -0.7447
vn 0.5932 -0.0629 -0.8026
vn -0.8551 -0.1563 -0.4944
vn 0.8017 -0.5792 0.1480
vn -0.4188 0.3672 0.8305
vn -0.0948 0.8048 -0.5859
vn -0.4023 -0.9067 0.1267
vn -0.3048 -0.1089 0.9462
vn 0.8764 -0.3835 0.2911
vn -0.2329 -0.1471 0.9613
vn 0.8928 0.3311 0.3054
vn -0.7557 0.5914 -0.2815
vn -0.0438 -0.9079 -0.4168
vn -0.9766 -0.1785 0.1196
vn -0.9471 -0.0764 -0.3117
vn 0.4026 -0.8742 -0.2715
vn -0.6002 -0.4880 0.6337
vn 0.6334 -0.4887 -0.5999
vn 0.6557 0.4110 0.6334
vn 0.6487 0.4113 0.6404
vn 0.6559 0.4126 0.6321
vn 0.6485 0.4087 0.6422
vn 0.9021 -0.4305 0.0298
vn 0.4174 -0.7757 0.4733
vn -0.6289 0.2564 0.7340
vn -0.8071 0.0223 0.5900
vn -0.5369 0.0520 0.8420
vn -0.7631 -0.4949 -0.4156
vn -0.7943 0.1839 0.5790
vn 0.9719 -0.1430 0.1870
vn 0.6225 -0.2289 0.7483
vn 0.9501 -0.2512 0.1851
vn 0.7334 -0.3032 -0.6085
vn 0.7122 -0.3074 -0.6311
vn 0.7120 -0.3078 -0.6311
vn 0.3528 -0.1538 -0.9230
vn 0.8238 -0.0561 0.5640
vn 0.3944 -0.2025 0.8963
vn 0.1410 -0.1546 0.9779
vn 0.0213 -0.9023 0.4306
vn -0.6945 -0.2272 0.6827
vn -0.5655 -0.1826 0.8043
vn 0.2975 -0.0114 0.9547
vn -0.1076 0.1650 0.9804
vn 0.2359 -0.1394 0.9617
vn -0.2748 -0.0244 0.9612
vn 0.4397 -0.0042 0.8981
vn 0.6411 -0.3768 -0.6686
vn -0.4928 -0.5301 -0.6900
vn -0.5039 -0.5518 -0.6646
vn 0.2845 -0.1465 -0.9474
vn -0.3753 -0.4926 -0.7852
vn 0.8572 -0.2227 -0.4644
vn 0.8067 -0.0233 0.5906
vn 0.8434 -0.0333 -0.5363
vn -0.7243 -0.5359 -0.4338
vn -0.7922 -0.2567 0.5537
vn 0.8751 -0.2105 -0.4359
vn 0.8390 -0.4667 0.2798
vn 0.8079 0.0621 -0.5860
vn -0.4740 -0.1964 0.8583
vn 0.3120 -0.4770 0.8217
vn 0.3869 -0.5762 0.7199
vn 0.5023 0.1600 -0.8498
vn -0.3557 0.6105 -0.7077
vn -0.3173 0.5255 -0.7894
vn -0.7474 0.2696 0.6072
vn -0.6756 0.6191 -0.4004
vn -0.8108 0.2994 0.5029
vn 0.9254 0.0643 -0.3735
vn -0.4019 0.0395 0.9149
vn 0.5541 0.1185 0.8240
vn 0.4880 0.2024 -0.8491
vn -0.3672 0.6194 -0.6939
vn -0.8393 0.2062 0.5031
vn 0.8397 -0.0083 0.5430
vn 0.8704 0.0016 -0.4924
vn 0.5631 -0.0076 0.8264
vn 0.5248 0.1515 -0.8377
vn -0.3965 0.5616 -0.7262
vn -0.6593 0.5778 -0.4810
vn -0.8313 0.1590 0.5327
vn 0.8735 0.0164 -0.4865
vn -0.4993 0.0098 0.8664
vn 0.5667 0.0494 0.8224
vn 0.4698 0.1658 -0.8671
vn -0.4471 0.5065 -0.7373
vn -0.8716 0.1835 0.4546
vn 0.4966 -0.0294 0.8675
vn 0.3322 0.1860 0.9247
vn 0.7286 -0.1519 -0.6678
vn 0.7074 -0.0355 -0.7059
vn 0.6077 -0.1521 0.7795
vn -0.3840 -0.1760 0.9064
vn 0.5450 -0.3431 -0.7650
vn -0.6855 -0.1222 0.7177
vn -0.7534 -0.6103 -0.2447
vn 0.6948 0.0433 -0.7179
vn 0.8473 -0.4570 0.2706
vn -0.6741 0.0102 0.7385
vn -0.4439 -0.0025 0.8961
vn 0.4547 0.3017 -0.8380
vn -0.6401 0.1067 0.7608
vn -0.6800 0.6647 -0.3096
vn 0.6803 0.0149 -0.7328
vn 0.9274 -0.0526 0.3703
vn -0.6811 -0.0157 0.7320
vn -0.8374 0.4304 -0.3371
vn 0.6867 0.0101 -0.7269
vn -0.3809 -0.1537 0.9117
vn -0.6871 -0.0115 0.7265
vn 0.6894 0.0071 -0.7243
vn 0.8367 0.0479 0.5456
vn -0.6894 -0.0077 0.7243
vn -0.6482 0.5244 -0.5521
vn -0.8315 -0.5461 0.1021
vn -0.8420 -0.3145 -0.4383
vn 0.9693 -0.1234 -0.2128
vn 0.7504 -0.5015 0.4306
vn 0.9258 -0.2974 -0.2333
vn 0.8107 0.1856 0.5552
vn 0.8916 -0.3478 0.2899
vn 0.4595 -0.2129 0.8623
vn -0.4479 -0.0909 0.8895
vn -0.3421 -0.2417 0.9080
vn 0.4541 0.2864 0.8436
vn 0.3199 -0.3446 0.8826
vn -0.3641 0.1098 -0.9249
vn 0.6047 0.0841 -0.7920
vn -0.2948 0.5041 -0.8118
vn 0.6176 -0.1280 -0.7760
vn 0.5261 -0.0946 -0.8452
vn -0.7993 0.2237 0.5578
vn -0.8612 0.0311 -0.5072
vn -0.7641 0.5184 -0.3839
vn -0.7839 -0.0706 0.6169
vn -0.8321 -0.0940 0.5466
vn 0.9888 0.0770 -0.1276
vn -0.4233 -0.1162 0.8985
vn -0.0191 -0.4040 -0.9145
vn -0.8017 -0.5611 -0.2059
vn 0.7070 -0.0709 -0.7037
vn 0.7024 -0.0716 -0.7081
vn -0.6863 -0.0637 0.7246
vn 0.6886 0.0044 -0.7251
vn -0.6849 -0.0218 0.7283
vn 0.6973 -0.0426 -0.7155
vn 0.6853 0.0137 -0.7281
vn 0.6921 -0.0232 -0.7215
vn -0.6806 -0.0417 0.7315
vn 0.6658 -0.5517 -0.5024
vn 0.6975 0.1644 0.6975
vn -0.1603 -0.6515 -0.7415
vn 0.5384 -0.3475 -0.7677
vn -0.0746 -0.9290 -0.3624
vn 0.1102 -0.9847 -0.1350
vn -0.0124 0.5251 0.8509
vn -0.5866 0.3039 0.7507
vn 0.1757 0.9422 0.2853
vn -0.6160 -0.0465 0.7864
vn 0.7357 -0.2407 0.6331
vn 0.9965 0.0327 0.0763
vn 0.9184 -0.0255 -0.3947
vn 0.8807 0.0446 0.4716
vn 0.8349 0.1883 -0.5172
vn 0.8456 0.4586 0.2733
vn 0.6598 0.1091 -0.7435
vn 0.0550 0.8985 -0.4354
vn 0.6694 0.1604 -0.7254
vn 0.5864 0.1247 0.8004
vn -0.3748 -0.0196 0.9269
vn -0.5588 -0.0082 0.8292
vn 0.4099 0.4451 0.7961
vn -0.4116 0.9024 -0.1273
vn -0.7422 0.1824 0.6449
vn -0.2893 0.9420 -0.1704
vn -0.8789 -0.0615 0.4731
vn -0.8768 -0.1094 -0.4683
vn -0.8591 -0.2588 -0.4415
vn -0.6156 -0.7375 -0.2779
vn -0.8449 -0.1958 0.4979
vn -0.5714 -0.7861 -0.2356
vn -0.7809 -0.1812 0.5978
vn 0.4075 -0.1967 -0.8918
vn -0.5528 -0.1178 -0.8250
vn 0.5946 -0.0743 -0.8006
vn -0.3369 -0.7507 -0.5683
vn -0.2777 -0.1586 -0.9475
vn 0.3856 -0.2205 -0.8959
vn -0.3087 -0.7934 -0.5245
vn 0.0038 0.8642 -0.5031
vn 0.6837 0.0865 -0.7246
vn -0.3318 0.8999 -0.2830
vn -0.7441 -0.1820 0.6428
vn 0.6349 -0.1996 -0.7463
vn -0.1865 -0.9286 -0.3207
vn 0.6319 0.1382 -0.7626
vn -0.7850 0.1621 0.5978
vn -0.4269 0.7836 -0.4512
vn -0.2368 -0.9656 0.1078
vn -0.7048 -0.1939 0.6824
vn -0.0204 -0.9917 -0.1267
vn 0.6179 -0.1319 -0.7751
vn -0.0850 -0.9133 -0.3983
vn -0.4624 -0.4288 -0.7761
vn 0.7557 0.2402 -0.6093
vn 0.4164 0.9091 0.0095
vn 0.8799 0.3767 0.2897
vn 0.8017 0.2866 -0.5245
vn 0.6055 0.7934 0.0625
vn -0.3289 0.0091 0.9443
vn 0.3522 -0.0304 0.9354
vn 0.5458 0.6036 0.5812
vn -0.6933 -0.6901 -0.2076
vn -0.8105 -0.2796 0.5147
vn -0.7791 -0.1254 0.6142
vn -0.7021 -0.1266 0.7007
vn -0.1970 -0.9661 0.1668
vn -0.6079 -0.2658 0.7482
vn -0.2520 -0.9670 -0.0368
vn 0.8940 0.1873 -0.4070
vn 0.0085 -0.4368 -0.8995
vn -0.6056 -0.2384 0.7592
vn -0.6377 -0.2774 0.7186
vn -0.3200 -0.7315 -0.6021
vn -0.5495 -0.4571 0.6994
vn -0.5060 -0.5622 0.6542
vn -0.7524 0.0913 0.6524
vn 0.2676 0.9002 -0.3435
vn 0.5618 -0.3853 -0.7321
vn -0.5868 0.3781 0.7160
vn -0.3922 -0.9035 0.1726
vn -0.1775 0.7783 -0.6022
vn 0.6726 -0.2176 -0.7073
vn 0.6027 -0.1437 -0.7849
vn 0.4660 -0.8368 -0.2874
vn 0.6990 -0.3398 -0.6292
vn 0.8571 -0.2019 0.4739
vn 0.5498 -0.4975 0.6709
vn 0.4016 -0.1601 0.9017
vn 0.9752 -0.1428 0.1691
vn -0.4545 -0.6793 -0.5762
vn -0.5430 -0.6406 -0.5430
vn -0.5186 -0.6407 -0.5661
vn -0.3846 0.8136 0.4361
vn -0.0574 0.9967 -0.0574
vn -0.0140 0.9998 -0.0152
vn -0.6970 -0.0006 0.7170
vn -0.6845 0.0046 0.7290
vn -0.5762 -0.6793 -0.4545
vn -0.4258 -0.8511 -0.3071
vn 0.7170 -0.0006 -0.6971
vn 0.4361 0.8136 -0.3846
vn 0.3580 0.8170 -0.4520
vn -0.5157 -0.6563 -0.5508
vn -0.6634 -0.3459 -0.6635
vn -0.7590 -0.2937 -0.5811
vn 0.4383 0.3801 0.8145
vn 0.6862 0.2415 0.6862
vn 0.6504 0.3925 0.6504
vn -0.5508 -0.6563 -0.5157
vn -0.5413 -0.6434 -0.5413
vn 0.8145 0.3801 0.4383
vn 0.8131 0.1825 0.5528
vn -0.6992 -0.1491 -0.6992
vn -0.7846 -0.1714 -0.5959
vn 0.5528 0.1825 0.8131
vn 0.6886 0.2274 0.6886
vn -0.5811 -0.2937 -0.7590
vn 0.7682 0.1911 0.6110
vn -0.8062 -0.0393 -0.5903
vn 0.6052 0.4666 0.6450
vn 0.6078 0.5110 0.6078
vn -0.5903 -0.0393 -0.8062
vn -0.7261 -0.0463 -0.6861
vn 0.6451 0.4665 0.6051
vn -0.8216 -0.1263 -0.5559
vn 0.6095 0.5562 0.5650
vn 0.5876 0.5564 0.5875
vn -0.5559 -0.1263 -0.8216
vn -0.7014 -0.1267 -0.7014
vn 0.5650 0.5562 0.6095
vn -0.1757 0.9165 0.3594
vn -0.4491 0.5809 0.6789
vn -0.3311 0.6696 0.6648
vn 0.2612 0.5737 -0.7763
vn 0.0874 0.9476 -0.3073
vn 0.0905 -0.8101 -0.5792
vn 0.1606 -0.8453 -0.5096
vn 0.1147 -0.8019 -0.5863
vn -0.4297 -0.5457 0.7194
vn -0.4775 -0.4439 0.7582
vn -0.7763 0.5737 0.2612
vn -0.0680 0.9741 -0.2154
vn -0.8494 0.4584 0.2615
vn 0.3594 0.9165 -0.1758
vn 0.6833 0.5790 -0.4447
vn 0.7194 -0.5457 -0.4297
vn 0.6648 0.6696 -0.3312
vn -0.5792 -0.8101 0.0905
vn -0.5096 -0.8453 0.1606
vn -0.5816 -0.8092 0.0831
vn 0.2615 0.4584 -0.8494
vn 0.2292 -0.8704 -0.4358
vn 0.3348 -0.9067 -0.2564
vn -0.7032 -0.2591 0.6621
vn -0.7915 0.4445 0.4195
vn 0.3576 0.4838 -0.7988
vn 0.7582 -0.4439 -0.4775
vn -0.4358 -0.8704 0.2292
vn -0.5605 -0.8229 -0.0931
vn -0.5252 -0.8386 -0.1448
vn -0.5224 -0.8396 -0.1488
vn 0.6238 -0.7698 0.1353
vn 0.6888 -0.6088 0.3936
vn 0.6076 -0.7889 0.0921
vn -0.3242 -0.9415 -0.0916
vn -0.3275 -0.9411 -0.0845
vn -0.3281 -0.9410 -0.0832
vn -0.3302 -0.9405 -0.0806
vn -0.3409 -0.9383 -0.0576
vn -0.3423 -0.9380 -0.0545
vn -0.8083 0.5727 -0.1368
vn -0.8181 0.5227 -0.2397
vn -0.8189 0.5109 -0.2617
vn 0.0226 -0.9997 0.0016
vn 0.1353 -0.7698 0.6238
vn 0.3937 -0.6087 0.6888
vn 0.4407 -0.5695 0.6938
vn -0.0931 -0.8229 -0.5605
vn -0.1448 -0.8386 -0.5252
vn -0.0883 -0.8213 -0.5636
vn -0.0916 -0.9415 -0.3242
vn -0.0845 -0.9411 -0.3275
vn -0.0929 -0.9416 -0.3236
vn -0.0806 -0.9405 -0.3302
vn -0.0576 -0.9383 -0.3409
vn -0.0834 -0.9407 -0.3289
vn 0.0016 -0.9997 0.0226
vn -0.1369 0.5727 -0.8083
vn -0.2397 0.5227 -0.8181
vn -0.1230 0.5787 -0.8062
vn 0.6285 -0.5902 0.5067
vn 0.6300 -0.5886 0.5066
vn 0.6335 -0.5850 0.5064
vn 0.5067 -0.5902 0.6285
vn 0.5066 -0.5886 0.6301
vn 0.5069 -0.5935 0.6252
vn -0.7572 0.5583 -0.3390
vn -0.7625 0.5513 -0.3386
vn -0.7480 0.5702 -0.3397
vn -0.3390 0.5583 -0.7572
vn -0.3386 0.5513 -0.7625
vn -0.3378 0.5385 -0.7720
vn 0.6238 0.1947 0.7570
vn 0.0354 0.9761 0.2146
vn 0.2330 0.9442 0.2330
vn -0.7002 0.0054 0.7140
vn -0.7093 -0.0036 0.7049
vn 0.7570 0.1947 0.6238
vn 0.6921 0.2051 0.6921
vn 0.7140 0.0054 -0.7002
vn 0.2146 0.9761 0.0354
vn -0.1075 -0.8903 -0.4425
vn -0.0505 0.9456 0.3215
vn -0.0422 0.9982 -0.0420
vn -0.6052 0.0233 0.7957
vn -0.6271 0.0247 0.7786
vn -0.4425 -0.8903 -0.1075
vn -0.1279 -0.9835 -0.1279
vn 0.7957 0.0233 -0.6052
vn 0.7290 0.0045 -0.6845
vn 0.3215 0.9456 -0.0505
vn 0.6749 -0.2986 0.6748
vn 0.6576 -0.3687 0.6569
vn 0.6515 -0.3837 0.6545
vn 0.1842 -0.9655 0.1842
vn 0.1478 -0.9890 -0.0049
vn 0.1150 -0.9931 -0.0238
vn -0.6252 0.0372 0.7796
vn -0.6736 0.0065 0.7391
vn 0.2141 0.9713 0.1033
vn 0.1107 0.9876 0.1109
vn 0.1033 0.9713 0.2141
vn -0.0049 -0.9890 0.1478
vn 0.2127 -0.9537 0.2127
vn 0.6570 -0.3686 0.6576
vn 0.6785 -0.2817 0.6785
vn 0.7797 0.0372 -0.6251
vn 0.7786 0.0248 -0.6271
vn 0.7048 -0.0037 -0.7094
vn 0.7389 0.0064 -0.6738
vn 0.0675 -0.4764 0.8766
vn 0.0121 -0.0304 0.9995
vn 0.0543 -0.5003 0.8641
vn -0.0852 0.0225 0.9961
vn 0.3382 0.0944 0.9363
vn 0.3539 0.5785 0.7349
vn -0.0493 0.5805 0.8127
vn -0.0805 0.4987 0.8630
vn 0.0123 0.4611 0.8873
vn -0.0220 0.2896 0.9569
vn 0.1514 0.0376 -0.9878
vn 0.8696 0.2459 -0.4282
vn 0.1179 -0.1380 -0.9834
vn 0.1009 -0.5421 -0.8343
vn -0.0852 0.0225 -0.9961
vn 0.0055 0.0231 -0.9997
vn 0.0981 0.2660 -0.9590
vn 0.4091 0.4855 -0.7726
vn 0.6401 0.2224 -0.7354
vn -0.0802 0.4988 -0.8630
vn -0.0750 0.1388 -0.9875
vn -0.0219 0.2896 -0.9569
vn -0.2310 0.6954 -0.6805
vn -0.0884 0.1081 0.9902
vn -0.2359 0.0174 0.9716
vn -0.3123 -0.1767 -0.9334
vn 0.1568 -0.1063 -0.9819
vn -0.3458 -0.0079 -0.9383
vn -0.0884 0.1081 -0.9902
vn -0.0119 0.0526 0.9985
vn -0.2144 0.7422 -0.6350
vn -0.0915 -0.2309 0.9687
vn -0.0807 -0.2419 -0.9669
vn 0.0736 -0.0365 -0.9966
vn 0.0736 -0.0365 0.9966
vn -0.0231 -0.2078 0.9779
vn -0.0272 -0.2066 -0.9780
vn 0.0556 -0.0098 -0.9984
vn -0.0906 -0.0720 0.9933
vn -0.1433 -0.1963 0.9700
vn -0.0906 -0.0720 -0.9933
vn -0.1315 -0.1268 0.9832
vn 0.0190 -0.2342 0.9720
vn -0.3532 -0.4497 -0.8204
vn -0.1315 -0.1268 -0.9832
vn -0.1092 -0.1178 0.9870
vn 0.0743 -0.2376 0.9685
vn -0.0093 -0.8241 -0.5663
vn -0.1092 -0.1177 -0.9870
vn -0.0946 -0.1199 0.9883
vn 0.2752 -0.2603 0.9255
vn 0.1165 -0.6459 -0.7545
vn -0.0945 -0.1199 -0.9883
vn -0.1591 -0.5887 0.7925
vn 0.4420 -0.6281 0.6405
vn 0.2827 -0.5240 -0.8034
vn -0.1591 -0.5887 -0.7925
vn -0.6331 -0.7323 -0.2509
vn -0.1179 -0.9930 0.0015
vn -0.6085 -0.7935 0.0048
vn 0.9239 -0.3803 -0.0420
vn 0.8269 -0.5623 0.0017
vn 0.9130 -0.4079 -0.0049
vn 0.8269 -0.5623 -0.0017
vn 0.8355 -0.5493 -0.0138
vn -0.9826 -0.0810 0.1670
vn -0.9116 0.0386 0.4093
vn 0.5492 -0.7968 -0.2518
vn 0.4864 -0.7851 -0.3834
vn 0.0297 0.9794 0.1995
vn -0.1782 0.9651 0.1918
vn 0.0303 0.9580 0.2850
vn 0.4296 0.8162 0.3864
vn 0.7628 0.1615 0.6262
vn 0.8690 0.2160 0.4451
vn 0.1214 -0.8264 0.5498
vn 0.1523 -0.9091 0.3878
vn 0.0948 -0.8624 0.4973
vn 0.4425 0.8282 0.3438
vn 0.3805 0.7820 0.4937
vn 0.3939 0.8393 0.3746
vn -0.8973 -0.2758 0.3448
vn -0.7731 -0.6142 0.1587
vn 0.3394 0.8545 0.3933
vn 0.2899 0.7740 0.5629
vn -0.2326 -0.9698 -0.0734
vn 0.2400 0.8699 0.4310
vn 0.1645 0.7841 0.5985
vn 0.6321 -0.7681 -0.1022
vn 0.0524 0.8771 0.4774
vn -0.0162 0.7761 0.6304
vn -0.5450 0.8113 0.2116
vn -0.5377 0.5223 0.6619
vn -0.3120 0.4838 0.8177
vn -0.9205 0.0337 0.3893
vn -0.9234 -0.0058 0.3838
vn -0.8984 -0.0390 0.4375
vn 0.9632 -0.2523 0.0927
vn -0.8233 -0.2074 0.5284
vn 0.9775 -0.2107 -0.0086
vn -0.3538 -0.8555 -0.3780
vn -0.8233 -0.2074 -0.5284
vn 0.0373 -0.8398 -0.5416
vn 0.0234 -0.8151 -0.5789
vn 0.6889 0.0730 -0.7212
vn 0.9293 -0.1580 -0.3338
vn 0.8078 0.0914 -0.5824
vn 0.5527 0.7206 -0.4185
vn -0.0194 0.9640 -0.2653
vn -0.1896 0.9630 -0.1913
vn 0.0088 0.9871 -0.1597
vn 0.3805 0.7820 -0.4937
vn 0.4426 0.8282 -0.3438
vn 0.3939 0.8393 -0.3746
vn 0.3521 0.8797 -0.3194
vn 0.2897 0.7741 -0.5629
vn 0.3112 0.8226 -0.4758
vn 0.1645 0.7841 -0.5985
vn 0.1329 0.8392 -0.5274
vn -0.0162 0.7761 -0.6305
vn -0.0202 0.8325 -0.5537
vn -0.5450 0.8113 -0.2116
vn -0.5377 0.5223 -0.6619
vn -0.5621 0.5042 -0.6556
vn -0.9207 -0.0138 -0.3899
vn -0.9205 0.0337 -0.3893
vn -0.8984 -0.0390 -0.4375
vn -0.8955 -0.2911 -0.3366
vn -0.1609 -0.9865 -0.0293
vn -0.7221 -0.6707 -0.1696
vn -0.9038 -0.3568 -0.2363
vn -0.2363 0.0176 -0.9715
vn -0.9649 -0.1607 -0.2077
vn 0.9763 -0.2159 0.0158
vn 0.5174 -0.8308 0.2052
vn -0.3387 -0.8617 0.3778
vn -0.1205 -0.9173 -0.3796
vn 0.1186 -0.9921 -0.0400
vn 0.2174 -0.9375 0.2716
vn 0.2276 -0.9657 -0.1250
vn 0.1784 -0.8986 -0.4007
vn 0.2706 -0.9276 -0.2574
vn 0.2572 -0.9652 -0.0465
vn 0.7963 -0.5391 0.2745
vn 0.2395 -0.9383 0.2493
vn 0.7962 -0.5391 -0.2746
vn 0.7046 -0.6878 0.1748
vn 0.9987 -0.0500 -0.0001
vn 0.9709 -0.0508 0.2340
vn -0.4074 -0.9132 -0.0000
vn -0.3620 -0.8107 0.4602
vn -0.3620 -0.8115 0.4587
vn -0.3620 -0.8107 -0.4601
vn -0.4078 -0.9131 -0.0000
vn -0.0027 1.0000 -0.0000
vn 0.3073 0.9516 0.0076
vn -0.1913 0.9815 -0.0000
vn 0.0149 0.9999 -0.0000
vn 0.2644 0.9397 0.2171
vn 0.2644 0.9397 -0.2171
vn 0.2783 0.9605 -0.0000
vn 0.5147 0.8574 -0.0000
vn 0.4318 0.9018 -0.0175
vn 0.3537 0.9354 -0.0000
vn 0.1532 0.9880 -0.0174
vn -0.0210 0.8324 0.5537
vn -0.0263 0.9997 -0.0000
vn -0.4393 0.8983 -0.0000
vn -0.9117 0.2331 0.3383
vn -0.4120 0.8458 0.3390
vn -0.9117 0.2331 -0.3383
vn -0.8002 0.5820 0.1448
vn -0.9999 0.0168 -0.0000
vn -0.9690 -0.2469 -0.0000
vn -0.8955 -0.2911 0.3366
vn 0.9786 -0.2050 -0.0192
vn 0.7311 -0.6638 0.1581
vn 0.7605 -0.6484 0.0346
vn -0.3187 -0.9478 -0.0003
vn -0.8019 -0.5975 -0.0000
vn -0.9173 -0.3982 0.0003
vn -0.9773 -0.0233 0.2105
vn 0.5629 -0.8253 -0.0448
vn -0.4393 -0.8971 0.0476
vn 0.6361 -0.4320 0.6394
vn 0.4129 -0.4101 0.8133
vn 0.6597 -0.5026 0.5588
vn -0.1374 0.1497 0.9791
vn -0.2835 0.1618 0.9452
vn -0.1355 0.1119 0.9844
vn -0.2159 0.2470 0.9446
vn 0.3871 0.1186 -0.9144
vn 0.6739 -0.5455 -0.4983
vn 0.4581 -0.3580 -0.8136
vn -0.2152 0.2459 -0.9451
vn -0.2240 0.1708 -0.9595
vn -0.9156 0.0529 -0.3986
vn -0.9523 -0.1390 -0.2717
vn -0.1376 0.1497 -0.9791
vn 0.0371 -0.8401 0.5412
vn -0.1340 -0.9389 0.3171
vn 0.0227 -0.8153 0.5786
vn -0.6142 -0.7333 0.2916
vn -0.3654 -0.9108 0.1921
vn -0.4352 -0.6312 -0.6420
vn -0.9416 -0.3305 0.0641
vn -0.1472 0.0496 0.9879
vn 0.1591 -0.4431 0.8822
vn 0.9133 0.4070 -0.0127
vn 0.9131 0.4077 -0.0034
vn 0.9123 0.4092 -0.0143
vn 0.1306 -0.5871 -0.7989
vn 0.4800 -0.8767 0.0304
vn 0.1521 -0.5803 -0.8001
vn 0.3649 -0.8856 -0.2875
vn 0.0726 -0.2026 -0.9766
vn -0.8828 -0.3403 -0.3237
vn -0.4322 0.7487 -0.5027
vn -0.2379 0.3827 -0.8927
vn -0.5023 0.7919 -0.3474
vn 0.1217 -0.4905 0.8629
vn 0.8655 -0.4657 0.1843
vn 0.6954 -0.7183 -0.0241
vn 0.4220 -0.2123 0.8814
vn 0.9134 -0.2857 0.2900
vn -0.4673 -0.5548 0.6883
vn -0.9324 -0.0840 0.3516
vn -0.2001 -0.1212 0.9722
vn -0.9006 0.0939 0.4244
vn -0.2564 0.0235 0.9663
vn 0.7839 -0.2404 -0.5725
vn 0.0439 0.0187 -0.9989
vn -0.4795 0.3561 -0.8021
vn -0.7779 0.5530 -0.2984
vn 0.3755 -0.8084 0.4532
vn 0.4648 -0.7492 0.4718
vn 0.1925 -0.3208 0.9274
vn 0.7952 -0.2702 0.5427
vn -0.4794 0.7896 0.3831
vn -0.1377 0.2558 0.9569
vn -0.4904 0.7627 0.4217
vn -0.3746 0.3096 0.8740
vn 0.2623 0.2531 -0.9312
vn 0.6293 0.6620 -0.4072
vn 0.6206 0.6582 -0.4262
vn 0.7049 0.6088 -0.3640
vn 0.1342 0.2623 -0.9556
vn -0.6658 0.6650 -0.3383
vn -0.1430 0.1236 -0.9820
vn -0.5793 -0.7479 -0.3241
vn -0.5061 -0.5345 -0.6769
vn -0.3752 -0.4809 -0.7925
vn -0.3187 -0.5569 -0.7671
vn -0.4653 -0.8288 -0.3108
vn -0.1799 -0.5137 -0.8389
vn -0.3244 -0.9039 -0.2787
vn 0.2669 0.4594 0.8472
vn 0.6138 0.6961 0.3725
vn 0.2879 0.3060 0.9075
vn 0.6463 0.7130 0.2720
vn 0.6571 0.6470 0.3867
vn -0.5459 0.7543 0.3648
vn -0.0939 0.3182 0.9434
vn -0.5338 0.7406 0.4081
vn -0.5177 -0.7713 0.3702
vn -0.4015 -0.4499 0.7977
vn -0.6631 -0.6889 0.2928
vn -0.2556 -0.4194 0.8711
vn -0.0493 -0.3090 0.9498
vn -0.4692 -0.7857 0.4030
vn -0.1898 -0.3706 0.9092
vn -0.6256 0.6855 -0.3725
vn -0.1301 0.1499 -0.9801
vn -0.0812 -0.4951 -0.8650
vn -0.1820 -0.9282 -0.3244
vn -0.1459 0.3049 0.9411
vn -0.4548 0.7969 0.3976
vn -0.3082 -0.8797 0.3621
vn -0.1005 -0.3833 0.9181
vn 0.1309 -0.0473 -0.9903
vn -0.6937 -0.3045 -0.6528
vn -0.7361 0.5346 0.4152
vn 0.8464 -0.2648 -0.4621
vn 0.2832 -0.1045 -0.9533
vn 0.8470 -0.2554 -0.4662
vn -0.2698 0.0242 -0.9626
vn 0.5017 -0.1243 0.8561
vn 0.9272 -0.2686 0.2609
vn -0.5145 0.1375 0.8464
vn -0.9277 -0.0021 -0.3734
vn -0.4925 0.0515 -0.8688
vn -0.9343 0.0981 -0.3428
vn -0.7207 0.1992 -0.6640
vn -0.9017 0.2660 -0.3408
vn 0.5191 -0.2626 -0.8134
vn 0.4738 -0.2902 0.8315
vn 0.8772 -0.3959 0.2718
vn -0.8778 0.2905 0.3809
vn -0.4707 0.2125 0.8564
vn -0.6333 0.3200 -0.7047
vn -0.8304 0.4549 -0.3217
vn 0.6565 -0.5977 -0.4603
vn 0.3196 -0.0544 -0.9460
vn 0.4220 -0.4513 0.7863
vn 0.7047 -0.6460 0.2935
vn -0.8020 0.4462 0.3970
vn -0.3114 0.2784 0.9086
vn -0.4979 0.3519 -0.7926
vn -0.7461 0.5874 -0.3136
vn 0.8783 0.1079 -0.4659
vn 0.2414 0.0707 -0.9678
vn 0.9383 0.0908 0.3336
vn 0.3950 0.0554 0.9170
vn 0.9291 0.1933 0.3153
vn -0.7396 0.5632 0.3686
vn -0.3007 0.2691 0.9150
vn -0.4221 0.3020 -0.8547
vn -0.7432 0.5929 -0.3102
vn 0.8667 0.1928 -0.4600
vn 0.2442 0.1134 -0.9631
vn 0.3909 0.1273 0.9116
vn 0.8969 0.3609 0.2556
vn -0.7215 0.5923 0.3585
vn -0.3141 0.2513 0.9155
vn -0.4147 0.2864 -0.8637
vn -0.7475 0.5897 -0.3058
vn -0.1482 -0.0629 -0.9870
vn -0.9542 -0.1563 0.2550
vn 0.6715 -0.5791 -0.4622
vn 0.2911 0.3672 0.8834
vn -0.4814 0.8048 -0.3473
vn -0.1948 -0.9067 0.3741
vn 0.4534 -0.1089 0.8846
vn 0.8256 -0.3835 -0.4139
vn 0.5150 -0.1471 0.8445
vn 0.8472 0.3311 -0.4153
vn -0.7334 0.5914 0.3353
vn -0.3257 -0.9079 -0.2638
vn -0.6061 -0.1785 0.7751
vn -0.8901 -0.0764 0.4493
vn 0.0927 -0.8742 -0.4766
vn 0.0236 -0.4881 0.8725
vn 0.0237 -0.4888 -0.8721
vn 0.9115 0.4110 -0.0157
vn 0.9115 0.4113 -0.0059
vn 0.9108 0.4126 -0.0168
vn 0.9125 0.4091 -0.0045
vn 0.6590 -0.4305 -0.6168
vn 0.6298 -0.7757 0.0396
vn 0.0743 0.2564 0.9637
vn -0.1536 0.0222 0.9879
vn 0.2157 0.0520 0.9751
vn -0.8335 -0.4949 0.2458
vn -0.1523 0.1839 0.9711
vn 0.8195 -0.1430 -0.5550
vn 0.9694 -0.2290 0.0889
vn 0.8027 -0.2512 -0.5409
vn 0.0883 -0.3032 -0.9488
vn 0.0573 -0.3074 -0.9499
vn 0.0571 -0.3081 -0.9496
vn -0.4032 -0.1538 -0.9021
vn 0.9814 -0.0562 -0.1836
vn 0.9127 -0.2025 0.3549
vn 0.7912 -0.1546 0.5917
vn 0.3195 -0.9023 0.2895
vn -0.0084 -0.2272 0.9738
vn 0.1688 -0.1826 0.9686
vn 0.8854 -0.0114 0.4647
vn 0.6172 0.1649 0.7694
vn 0.8468 -0.1393 0.5134
vn 0.4854 -0.0244 0.8740
vn 0.9460 -0.0042 0.3242
vn -0.0195 -0.3769 -0.9261
vn -0.8364 -0.5301 -0.1395
vn -0.8262 -0.5518 -0.1137
vn -0.4687 -0.1466 -0.8711
vn -0.8205 -0.4926 -0.2899
vn 0.2778 -0.2227 -0.9345
vn 0.9880 -0.0233 -0.1528
vn 0.2172 -0.0333 -0.9756
vn -0.8189 -0.5359 0.2054
vn -0.1687 -0.2567 0.9517
vn 0.3106 -0.2105 -0.9270
vn 0.7911 -0.4666 -0.3954
vn 0.1569 0.0621 -0.9857
vn 0.2718 -0.1964 0.9421
vn 0.8017 -0.4769 0.3604
vn 0.7826 -0.5762 0.2356
vn -0.2457 0.1601 -0.9560
vn -0.7519 0.6105 -0.2490
vn -0.7826 0.5255 -0.3338
vn -0.0992 0.2696 0.9578
vn -0.7608 0.6191 0.1946
vn -0.2177 0.2994 0.9290
vn 0.3902 0.0643 -0.9185
vn 0.3628 0.0395 0.9310
vn 0.9744 0.1185 0.1909
vn -0.2554 0.2024 -0.9454
vn -0.7503 0.6194 -0.2310
vn -0.2377 0.2062 0.9492
vn 0.9777 -0.0083 -0.2098
vn 0.2673 0.0017 -0.9636
vn 0.9825 -0.0076 0.1863
vn -0.2213 0.1515 -0.9634
vn -0.7939 0.5616 -0.2332
vn -0.8064 0.5778 0.1261
vn -0.2112 0.1590 0.9644
vn 0.2737 0.0163 -0.9617
vn 0.2596 0.0098 0.9657
vn 0.9823 0.0494 0.1809
vn -0.2810 0.1659 -0.9453
vn -0.8375 0.5065 -0.2053
vn -0.2949 0.1835 0.9377
vn 0.9645 -0.0294 0.2623
vn 0.8888 0.1861 0.4189
vn 0.0430 -0.1519 -0.9875
vn 0.0012 -0.0359 -0.9994
vn 0.9809 -0.1522 0.1214
vn 0.3694 -0.1759 0.9125
vn -0.1556 -0.3431 -0.9263
vn 0.0228 -0.1222 0.9922
vn -0.7058 -0.6103 0.3597
vn -0.0163 0.0433 -0.9989
vn 0.7904 -0.4571 -0.4078
vn 0.0456 0.0103 0.9989
vn 0.3197 -0.0025 0.9475
vn -0.2711 0.3017 -0.9141
vn 0.0853 0.1067 0.9906
vn -0.6997 0.6646 0.2620
vn -0.0372 0.0149 -0.9992
vn 0.9176 -0.0525 -0.3940
vn 0.0362 -0.0157 0.9992
vn -0.8304 0.4304 0.3538
vn -0.0285 0.0096 -0.9995
vn 0.3754 -0.1537 0.9140
vn 0.0283 -0.0113 0.9995
vn -0.0246 0.0061 -0.9997
vn 0.9774 0.0479 -0.2059
vn 0.0246 -0.0077 0.9997
vn -0.8487 0.5244 0.0680
vn -0.5157 -0.5460 0.6602
vn -0.9053 -0.3145 0.2854
vn 0.5349 -0.1233 -0.8358
vn 0.8351 -0.5015 -0.2262
vn 0.4897 -0.2974 -0.8196
vn 0.9659 0.1856 -0.1807
vn 0.8355 -0.3478 -0.4255
vn 0.9346 -0.2130 0.2848
vn 0.3122 -0.0909 0.9457
vn 0.4001 -0.2417 0.8840
vn 0.9177 0.2863 0.2755
vn 0.8503 -0.3445 0.3978
vn -0.9114 0.1098 -0.3966
vn -0.1326 0.0840 -0.9876
vn -0.7825 0.5040 -0.3657
vn -0.1120 -0.1280 -0.9854
vn -0.2257 -0.0946 -0.9696
vn -0.1708 0.2237 0.9596
vn -0.9676 0.0311 0.2504
vn -0.8118 0.5184 0.2689
vn -0.1181 -0.0706 0.9905
vn -0.2019 -0.0940 0.9749
vn 0.6090 0.0770 -0.7894
vn 0.3361 -0.1161 0.9347
vn -0.6602 -0.4040 -0.6332
vn -0.7125 -0.5611 0.4213
vn 0.0024 -0.0709 -0.9975
vn -0.0040 -0.0716 -0.9974
vn 0.0271 -0.0637 0.9976
vn -0.0258 0.0044 -0.9997
vn 0.0307 -0.0218 0.9993
vn -0.0128 -0.0426 -0.9990
vn -0.0303 0.0138 -0.9994
vn -0.0205 -0.0232 -0.9995
vn 0.0369 -0.0420 0.9984
vn 0.1156 -0.5517 -0.8260
vn 0.9864 0.1644 -0.0000
vn -0.6377 -0.6515 -0.4109
vn -0.1622 -0.3475 -0.9236
vn -0.3090 -0.9290 -0.2035
vn -0.0176 -0.9847 -0.1734
vn 0.5929 0.5251 0.6105
vn 0.1160 0.3040 0.9456
vn 0.3260 0.9422 0.0775
vn 0.1205 -0.0465 0.9916
vn 0.9679 -0.2407 -0.0726
vn 0.7586 0.0327 -0.6507
vn 0.3703 -0.0255 -0.9286
vn 0.9562 0.0446 -0.2893
vn 0.2246 0.1882 -0.9561
vn 0.7912 0.4585 -0.4047
vn -0.0592 0.1091 -0.9923
vn -0.2690 0.8985 -0.3469
vn -0.0396 0.1604 -0.9863
vn 0.9806 0.1247 0.1513
vn 0.3903 -0.0197 0.9205
vn 0.1912 -0.0082 0.9815
vn 0.8528 0.4451 0.2731
vn -0.3811 0.9024 0.2010
vn -0.0688 0.1824 0.9808
vn -0.3250 0.9419 0.0842
vn -0.2869 -0.0615 0.9560
vn -0.9511 -0.1095 0.2888
vn -0.9196 -0.2588 0.2954
vn -0.6318 -0.7374 0.2389
vn -0.2453 -0.1958 0.9495
vn -0.5706 -0.7861 0.2375
vn -0.1295 -0.1813 0.9749
vn -0.3424 -0.1967 -0.9187
vn -0.9742 -0.1178 -0.1925
vn -0.1458 -0.0743 -0.9865
vn -0.6400 -0.7507 -0.1637
vn -0.8663 -0.1587 -0.4736
vn -0.3609 -0.2205 -0.9062
vn -0.5892 -0.7934 -0.1527
vn -0.3530 0.8642 -0.3585
vn -0.0290 0.0865 -0.9958
vn -0.4348 0.8999 0.0346
vn -0.0716 -0.1820 0.9807
vn -0.0788 -0.1997 -0.9767
vn -0.3586 -0.9286 -0.0949
vn -0.0925 0.1382 -0.9861
vn -0.1324 0.1622 0.9778
vn -0.6210 0.7836 -0.0171
vn -0.0912 -0.9656 0.2437
vn -0.0158 -0.1939 0.9809
vn -0.1041 -0.9917 -0.0752
vn -0.1111 -0.1320 -0.9850
vn -0.3418 -0.9133 -0.2216
vn -0.8757 -0.4288 -0.2219
vn 0.1035 0.2402 -0.9652
vn 0.3012 0.9091 -0.2878
vn 0.8270 0.3768 -0.4173
vn 0.1960 0.2867 -0.9378
vn 0.4724 0.7934 -0.3840
vn 0.4351 0.0091 0.9003
vn 0.9105 -0.0303 0.4124
vn 0.7969 0.6035 0.0251
vn -0.6370 -0.6901 0.3434
vn -0.2092 -0.2796 0.9371
vn -0.1166 -0.1255 0.9852
vn -0.0010 -0.1267 0.9919
vn -0.0214 -0.9661 0.2573
vn 0.0993 -0.2658 0.9589
vn -0.2042 -0.9670 0.1522
vn 0.3443 0.1872 -0.9200
vn -0.6300 -0.4368 -0.6420
vn 0.1087 -0.2384 0.9651
vn 0.0573 -0.2774 0.9591
vn -0.6521 -0.7314 -0.1995
vn 0.1060 -0.4571 0.8831
vn 0.1048 -0.5622 0.8203
vn -0.0707 0.0913 0.9933
vn -0.0538 0.9002 -0.4322
vn -0.1205 -0.3852 -0.9149
vn 0.0912 0.3782 0.9212
vn -0.1553 -0.9035 0.3994
vn -0.5513 0.7783 -0.3004
vn -0.0246 -0.2176 -0.9757
vn -0.1289 -0.1438 -0.9812
vn 0.1264 -0.8367 -0.5328
vn 0.0494 -0.3399 -0.9392
vn 0.9412 -0.2019 -0.2709
vn 0.8632 -0.4976 0.0856
vn 0.9216 -0.1601 0.3537
vn 0.8091 -0.1428 -0.5700
vn -0.7288 -0.6793 -0.0861
vn -0.7679 -0.6406 -0.0000
vn -0.7670 -0.6407 -0.0336
vn 0.0364 0.8136 0.5803
vn -0.0812 0.9967 -0.0000
vn -0.0207 0.9998 -0.0008
vn 0.0141 -0.0006 0.9999
vn 0.0315 0.0046 0.9995
vn -0.7288 -0.6793 0.0860
vn -0.5182 -0.8511 0.0838
vn 0.0141 -0.0006 -0.9999
vn 0.0364 0.8136 -0.5803
vn -0.0665 0.8170 -0.5728
vn -0.7541 -0.6563 -0.0248
vn -0.9382 -0.3460 -0.0000
vn -0.9476 -0.2938 0.1258
vn 0.8859 0.3801 0.2660
vn 0.9704 0.2415 -0.0000
vn 0.9198 0.3925 -0.0000
vn -0.7541 -0.6563 0.0248
vn -0.7655 -0.6434 -0.0000
vn 0.8859 0.3801 -0.2660
vn 0.9658 0.1825 -0.1841
vn -0.9888 -0.1491 -0.0000
vn -0.9761 -0.1714 0.1334
vn 0.9658 0.1825 0.1841
vn 0.9738 0.2274 -0.0000
vn -0.9476 -0.2938 -0.1258
vn 0.9753 0.1911 -0.1111
vn -0.9875 -0.0393 0.1527
vn 0.8840 0.4666 0.0282
vn 0.8597 0.5108 -0.0000
vn -0.9875 -0.0393 -0.1527
vn -0.9985 -0.0463 0.0283
vn 0.8841 0.4665 -0.0283
vn -0.9740 -0.1263 0.1879
vn 0.8305 0.5562 -0.0315
vn 0.8309 0.5564 -0.0000
vn -0.9740 -0.1263 -0.1879
vn -0.9919 -0.1267 -0.0000
vn 0.8305 0.5562 0.0314
vn 0.1298 0.9165 0.3783
vn 0.1625 0.5809 0.7976
vn 0.2360 0.6696 0.7043
vn -0.3642 0.5737 -0.7336
vn -0.1555 0.9476 -0.2791
vn -0.3455 -0.8101 -0.4736
vn -0.2468 -0.8453 -0.4739
vn -0.3334 -0.8019 -0.4957
vn 0.2049 -0.5457 0.8125
vn 0.1985 -0.4439 0.8738
vn -0.3642 0.5737 0.7336
vn -0.2005 0.9741 -0.1042
vn -0.4157 0.4586 0.7854
vn 0.1298 0.9165 -0.3783
vn 0.1687 0.5790 -0.7977
vn 0.2049 -0.5457 -0.8125
vn 0.2359 0.6696 -0.7043
vn -0.3455 -0.8101 0.4736
vn -0.2467 -0.8453 0.4739
vn -0.3525 -0.8092 0.4700
vn -0.4157 0.4586 -0.7854
vn -0.1461 -0.8704 -0.4702
vn 0.0555 -0.9067 -0.4180
vn -0.0291 -0.2591 0.9654
vn -0.2630 0.4445 0.8563
vn -0.3120 0.4838 -0.8177
vn 0.1985 -0.4439 -0.8738
vn -0.1461 -0.8704 0.4702
vn -0.4621 -0.8229 0.3305
vn -0.4737 -0.8386 0.2690
vn -0.4746 -0.8396 0.2642
vn 0.5368 -0.7698 -0.3454
vn 0.7654 -0.6087 -0.2087
vn 0.4947 -0.7889 -0.3645
vn -0.2940 -0.9415 0.1645
vn -0.2913 -0.9411 0.1718
vn -0.2908 -0.9410 0.1731
vn -0.2905 -0.9405 0.1764
vn -0.2817 -0.9383 0.2003
vn -0.2806 -0.9380 0.2035
vn -0.6683 0.5727 0.4748
vn -0.7480 0.5227 0.4090
vn -0.7641 0.5109 0.3940
vn 0.0171 -0.9997 -0.0149
vn 0.5368 -0.7698 0.3454
vn 0.7654 -0.6087 0.2087
vn 0.8022 -0.5695 0.1790
vn -0.4621 -0.8229 -0.3305
vn -0.4737 -0.8386 -0.2690
vn -0.4610 -0.8213 -0.3361
vn -0.2940 -0.9415 -0.1645
vn -0.2913 -0.9411 -0.1718
vn -0.2945 -0.9416 -0.1632
vn -0.2905 -0.9405 -0.1764
vn -0.2817 -0.9383 -0.2003
vn -0.2915 -0.9407 -0.1736
vn 0.0171 -0.9997 0.0149
vn -0.6683 0.5727 -0.4748
vn -0.7480 0.5227 -0.4090
vn -0.6570 0.5788 -0.4831
vn 0.8027 -0.5902 -0.0861
vn 0.8037 -0.5886 -0.0873
vn 0.8061 -0.5850 -0.0899
vn 0.8027 -0.5902 0.0861
vn 0.8037 -0.5886 0.0873
vn 0.8005 -0.5935 0.0836
vn -0.7751 0.5583 0.2957
vn -0.7786 0.5513 0.2997
vn -0.7691 0.5703 0.2887
vn -0.7752 0.5583 -0.2957
vn -0.7786 0.5513 -0.2997
vn -0.7847 0.5384 -0.3070
vn 0.9763 0.1947 0.0942
vn 0.1768 0.9761 0.1268
vn 0.3295 0.9441 -0.0000
vn 0.0098 0.0054 0.9999
vn -0.0032 -0.0037 1.0000
vn 0.9763 0.1947 -0.0942
vn 0.9787 0.2051 -0.0000
vn 0.0098 0.0054 -0.9999
vn 0.1768 0.9761 -0.1268
vn -0.3889 -0.8903 -0.2369
vn 0.1916 0.9456 0.2630
vn -0.0596 0.9982 0.0002
vn 0.1347 0.0233 0.9906
vn 0.1072 0.0247 0.9939
vn -0.3889 -0.8903 0.2369
vn -0.1809 -0.9835 -0.0000
vn 0.1347 0.0233 -0.9906
vn 0.0315 0.0046 -0.9995
vn 0.1916 0.9456 -0.2630
vn 0.9544 -0.2986 -0.0000
vn 0.9296 -0.3687 -0.0005
vn 0.9235 -0.3837 0.0022
vn 0.2605 -0.9655 -0.0000
vn 0.1011 -0.9890 -0.1080
vn 0.0645 -0.9931 -0.0982
vn 0.1092 0.0372 0.9933
vn 0.0468 0.0065 0.9989
vn 0.2244 0.9713 -0.0783
vn 0.1564 0.9877 -0.0000
vn 0.2244 0.9713 0.0783
vn 0.1011 -0.9890 0.1080
vn 0.3008 -0.9537 -0.0000
vn 0.9296 -0.3687 0.0005
vn 0.9595 -0.2817 -0.0000
vn 0.1093 0.0372 -0.9933
vn 0.1072 0.0247 -0.9939
vn -0.0032 -0.0037 -1.0000
vn 0.0465 0.0065 -0.9989
vn 0.6676 -0.4764 0.5721
vn 0.7153 -0.0304 0.6981
vn 0.6494 -0.5004 0.5726
vn 0.6441 0.0225 0.7646
vn 0.9012 0.0944 0.4229
vn 0.7699 0.5785 0.2694
vn 0.5398 0.5806 0.6095
vn 0.5533 0.4988 0.6672
vn 0.6361 0.4611 0.6187
vn 0.6611 0.2896 0.6921
vn -0.5914 0.0376 -0.8055
vn 0.3121 0.2459 -0.9177
vn -0.6120 -0.1380 -0.7787
vn -0.5186 -0.5421 -0.6612
vn -0.7646 0.0225 -0.6441
vn -0.7030 0.0231 -0.7108
vn -0.6088 0.2660 -0.7474
vn -0.2570 0.4855 -0.8356
vn -0.0674 0.2224 -0.9726
vn -0.6669 0.4988 -0.5535
vn -0.7513 0.1388 -0.6452
vn -0.6921 0.2896 -0.6611
vn -0.6445 0.6954 -0.3179
vn 0.6376 0.1081 0.7627
vn 0.5203 0.0174 0.8538
vn -0.8809 -0.1767 -0.4391
vn -0.5834 -0.1063 -0.8052
vn -0.9080 -0.0079 -0.4190
vn -0.7627 0.1081 -0.6376
vn 0.6976 0.0526 0.7145
vn -0.6006 0.7422 -0.2975
vn 0.6202 -0.2309 0.7497
vn -0.7408 -0.2419 -0.6267
vn -0.6526 -0.0365 -0.7568
vn 0.7568 -0.0365 0.6526
vn 0.6752 -0.2078 0.7078
vn -0.7108 -0.2066 -0.6724
vn -0.6667 -0.0098 -0.7452
vn 0.6383 -0.0720 0.7664
vn 0.5846 -0.1963 0.7872
vn -0.7664 -0.0720 -0.6383
vn 0.6019 -0.1270 0.7884
vn 0.7008 -0.2342 0.6738
vn -0.8299 -0.4497 -0.3303
vn -0.7884 -0.1270 -0.6019
vn 0.6207 -0.1177 0.7752
vn 0.7374 -0.2376 0.6323
vn -0.4070 -0.8241 -0.3939
vn -0.7752 -0.1177 -0.6207
vn 0.6320 -0.1200 0.7656
vn 0.8490 -0.2603 0.4598
vn -0.4511 -0.6459 -0.6159
vn -0.7656 -0.1200 -0.6320
vn 0.4479 -0.5887 0.6729
vn 0.7654 -0.6281 0.1403
vn -0.3682 -0.5240 -0.7680
vn -0.6729 -0.5887 -0.4479
vn -0.6251 -0.7322 0.2703
vn -0.0823 -0.9930 0.0844
vn -0.4269 -0.7935 0.4337
vn 0.6236 -0.3802 -0.6830
vn 0.5860 -0.5623 -0.5835
vn 0.6422 -0.4079 -0.6491
vn 0.5835 -0.5623 -0.5860
vn 0.5811 -0.5493 -0.6006
vn -0.5767 -0.0811 0.8129
vn -0.3552 0.0386 0.9340
vn 0.2103 -0.7969 -0.5664
vn 0.0729 -0.7851 -0.6151
vn 0.1621 0.9794 0.1201
vn 0.0096 0.9651 0.2617
vn 0.2229 0.9580 0.1801
vn 0.5770 0.8162 -0.0305
vn 0.9821 0.1615 -0.0965
vn 0.9293 0.2160 -0.2997
vn 0.4746 -0.8264 0.3030
vn 0.3819 -0.9091 0.1666
vn 0.4187 -0.8624 0.2846
vn 0.5561 0.8282 -0.0698
vn 0.6181 0.7820 0.0801
vn 0.5434 0.8393 -0.0136
vn -0.3907 -0.2758 0.8782
vn -0.4344 -0.6142 0.6588
vn 0.5181 0.8545 0.0381
vn 0.6027 0.7741 0.1935
vn -0.2163 -0.9698 0.1126
vn 0.4745 0.8699 0.1351
vn 0.5396 0.7841 0.3067
vn 0.3748 -0.7681 -0.5193
vn 0.3746 0.8771 0.3005
vn 0.4343 0.7761 0.4573
vn -0.2359 0.8113 0.5350
vn 0.0878 0.5223 0.8483
vn 0.3576 0.4837 0.7988
vn -0.3756 0.0337 0.9262
vn -0.3816 -0.0058 0.9243
vn -0.3259 -0.0390 0.9446
vn 0.7466 -0.2523 -0.6156
vn -0.2085 -0.2074 0.9558
vn 0.6851 -0.2107 -0.6973
vn -0.5175 -0.8555 -0.0171
vn -0.9558 -0.2074 0.2085
vn -0.3566 -0.8398 -0.4093
vn -0.3928 -0.8151 -0.4259
vn -0.0228 0.0730 -0.9971
vn 0.4211 -0.1580 -0.8931
vn 0.1594 0.0914 -0.9830
vn 0.0949 0.7207 -0.6867
vn -0.2014 0.9640 -0.1739
vn -0.2693 0.9630 -0.0012
vn -0.1067 0.9871 -0.1192
vn -0.0800 0.7820 -0.6181
vn 0.0698 0.8282 -0.5561
vn 0.0136 0.8393 -0.5434
vn 0.0231 0.8797 -0.4749
vn -0.1930 0.7740 -0.6030
vn -0.1164 0.8226 -0.5565
vn -0.3067 0.7841 -0.5396
vn -0.2789 0.8392 -0.4668
vn -0.4573 0.7761 -0.4343
vn -0.4058 0.8325 -0.3772
vn -0.5350 0.8113 0.2358
vn -0.8483 0.5223 -0.0878
vn -0.8610 0.5043 -0.0661
vn -0.9268 -0.0138 0.3753
vn -0.9262 0.0337 0.3756
vn -0.9446 -0.0390 0.3259
vn -0.8712 -0.2911 0.3952
vn -0.1344 -0.9865 0.0931
vn -0.6305 -0.6707 0.3907
vn -0.8062 -0.3567 0.4720
vn -0.8540 0.0176 -0.5199
vn -0.8291 -0.1607 0.5355
vn 0.7015 -0.2159 -0.6792
vn 0.5109 -0.8308 -0.2208
vn 0.0277 -0.8617 0.5067
vn -0.3536 -0.9173 -0.1832
vn 0.0556 -0.9921 -0.1122
vn 0.3458 -0.9375 0.0383
vn 0.0726 -0.9657 -0.2493
vn -0.1572 -0.8986 -0.4095
vn 0.0093 -0.9276 -0.3733
vn 0.1489 -0.9652 -0.2148
vn 0.7572 -0.5391 -0.3689
vn 0.3456 -0.9383 0.0070
vn 0.3689 -0.5391 -0.7571
vn 0.6217 -0.6878 -0.3747
vn 0.7062 -0.0500 -0.7063
vn 0.8520 -0.0508 -0.5211
vn -0.2881 -0.9132 0.2881
vn 0.0694 -0.8107 0.5814
vn 0.0684 -0.8115 0.5803
vn -0.5813 -0.8107 -0.0694
vn -0.2883 -0.9131 0.2884
vn -0.0019 1.0000 0.0019
vn 0.2227 0.9516 -0.2119
vn -0.1353 0.9815 0.1353
vn 0.0105 0.9999 -0.0105
vn 0.3405 0.9397 -0.0334
vn 0.0334 0.9397 -0.3405
vn 0.1968 0.9605 -0.1968
vn 0.3639 0.8574 -0.3639
vn 0.2930 0.9018 -0.3177
vn 0.2501 0.9354 -0.2501
vn 0.0961 0.9880 -0.1206
vn 0.3767 0.8325 0.4063
vn -0.0186 0.9997 0.0186
vn -0.3106 0.8983 0.3106
vn -0.4054 0.2332 0.8839
vn -0.0516 0.8458 0.5310
vn -0.8839 0.2332 0.4055
vn -0.4635 0.5820 0.6682
vn -0.7070 0.0168 0.7070
vn -0.6853 -0.2469 0.6852
vn -0.3952 -0.2911 0.8712
vn 0.6784 -0.2050 -0.7055
vn 0.6287 -0.6638 -0.4052
vn 0.5622 -0.6484 -0.5133
vn -0.2255 -0.9479 0.2252
vn -0.5670 -0.5975 0.5670
vn -0.6485 -0.3981 0.6488
vn -0.5423 -0.0234 0.8399
vn 0.3664 -0.8253 -0.4297
vn -0.2769 -0.8971 0.3443
vn 0.9019 -0.4320 0.0024
vn 0.8670 -0.4101 0.2832
vn 0.8616 -0.5026 -0.0713
vn 0.5953 0.1497 0.7895
vn 0.4679 0.1617 0.8689
vn 0.6003 0.1119 0.7919
vn 0.5155 0.2471 0.8205
vn -0.3729 0.1185 -0.9203
vn 0.1242 -0.5455 -0.8289
vn -0.2514 -0.3580 -0.8992
vn -0.8205 0.2459 -0.5161
vn -0.8369 0.1708 -0.5200
vn -0.9293 0.0529 0.3656
vn -0.8655 -0.1390 0.4812
vn -0.7896 0.1497 -0.5951
vn 0.4089 -0.8401 0.3564
vn 0.1295 -0.9389 0.3189
vn 0.4252 -0.8153 0.3931
vn -0.2281 -0.7333 0.6405
vn -0.1225 -0.9108 0.3942
vn -0.7617 -0.6312 -0.1462
vn -0.6205 -0.3305 0.7111
vn 0.5945 0.0497 0.8026
vn 0.7363 -0.4431 0.5113
vn 0.6369 0.4070 -0.6548
vn 0.6432 0.4077 -0.6481
vn 0.6350 0.4092 -0.6553
vn -0.4726 -0.5871 -0.6573
vn 0.3609 -0.8767 -0.3180
vn -0.4582 -0.5803 -0.6733
vn 0.0548 -0.8855 -0.4614
vn -0.6392 -0.2026 -0.7419
vn -0.8532 -0.3403 0.3954
vn -0.6611 0.7487 -0.0498
vn -0.7994 0.3827 -0.4631
vn -0.6008 0.7919 0.1095
vn 0.6962 -0.4905 0.5241
vn 0.7423 -0.4657 -0.4817
vn 0.4746 -0.7183 -0.5088
vn 0.9216 -0.2123 0.3249
vn 0.8509 -0.2857 -0.4408
vn 0.1562 -0.5548 0.8172
vn -0.4107 -0.0840 0.9079
vn 0.5460 -0.1212 0.8290
vn -0.3368 0.0939 0.9369
vn 0.5019 0.0235 0.8646
vn 0.1495 -0.2405 -0.9591
vn -0.6752 0.0187 -0.7374
vn -0.9062 0.3561 -0.2281
vn -0.7611 0.5529 0.3391
vn 0.5861 -0.8084 0.0549
vn 0.6623 -0.7492 0.0049
vn 0.7919 -0.3208 0.5197
vn 0.9461 -0.2702 -0.1786
vn -0.0681 0.7896 0.6098
vn 0.5792 0.2558 0.7740
vn -0.0486 0.7627 0.6450
vn 0.3531 0.3096 0.8829
vn -0.4730 0.2531 -0.8439
vn 0.1571 0.6619 -0.7329
vn 0.1375 0.6582 -0.7402
vn 0.2410 0.6088 -0.7559
vn -0.5809 0.2623 -0.7706
vn -0.7100 0.6650 0.2316
vn -0.7955 0.1237 -0.5932
vn -0.6388 -0.7479 0.1805
vn -0.8365 -0.5345 -0.1207
vn -0.8257 -0.4809 -0.2950
vn -0.7677 -0.5568 -0.3171
vn -0.5488 -0.8288 0.1092
vn -0.7204 -0.5137 -0.4660
vn -0.4264 -0.9040 0.0323
vn 0.7878 0.4594 0.4103
vn 0.6974 0.6960 -0.1706
vn 0.8453 0.3060 0.4381
vn 0.6493 0.7130 -0.2646
vn 0.7381 0.6470 -0.1912
vn -0.1281 0.7543 0.6439
vn 0.6006 0.3182 0.7335
vn -0.0889 0.7406 0.6660
vn -0.1043 -0.7713 0.6278
vn 0.2802 -0.4498 0.8480
vn -0.2618 -0.6889 0.6759
vn 0.4352 -0.4194 0.7967
vn 0.6367 -0.3089 0.7065
vn -0.0468 -0.7857 0.6168
vn 0.5086 -0.3706 0.7771
vn -0.7057 0.6855 0.1790
vn -0.7851 0.1500 -0.6010
vn -0.6691 -0.4952 -0.5542
vn -0.3581 -0.9282 -0.1007
vn 0.5623 0.3050 0.7686
vn -0.0405 0.7969 0.6027
vn 0.0381 -0.8797 0.4740
vn 0.5781 -0.3833 0.7203
vn -0.6077 -0.0473 -0.7928
vn -0.9521 -0.3045 0.0290
vn -0.2269 0.5345 0.8141
vn 0.2717 -0.2648 -0.9252
vn -0.4739 -0.1045 -0.8744
vn 0.2693 -0.2554 -0.9286
vn -0.8715 0.0239 -0.4898
vn 0.9601 -0.1243 0.2505
vn 0.8401 -0.2686 -0.4712
vn 0.2347 0.1375 0.9623
vn -0.9200 -0.0021 0.3919
vn -0.9626 0.0515 -0.2661
vn -0.9030 0.0981 0.4182
vn -0.9792 0.1991 0.0400
vn -0.8786 0.2660 0.3966
vn -0.2082 -0.2625 -0.9422
vn 0.9230 -0.2901 0.2529
vn 0.8124 -0.3959 -0.4281
vn -0.3513 0.2905 0.8900
vn 0.2728 0.2124 0.9383
vn -0.9461 0.3200 -0.0505
vn -0.8147 0.4549 0.3597
vn 0.1387 -0.5977 -0.7896
vn -0.4429 -0.0544 -0.8949
vn 0.8544 -0.4512 0.2576
vn 0.7058 -0.6460 -0.2907
vn -0.2863 0.4462 0.8479
vn 0.4224 0.2783 0.8626
vn -0.9125 0.3519 -0.2084
vn -0.7493 0.5874 0.3059
vn 0.2916 0.1079 -0.9504
vn -0.5136 0.0707 -0.8551
vn 0.8994 0.0908 -0.4276
vn 0.9277 0.0554 0.3691
vn 0.8799 0.1933 -0.4340
vn -0.2623 0.5632 0.7836
vn 0.4343 0.2691 0.8596
vn -0.9029 0.3020 -0.3059
vn -0.7449 0.5929 0.3061
vn 0.2875 0.1928 -0.9382
vn -0.5083 0.1134 -0.8537
vn 0.9210 0.1273 0.3681
vn 0.8149 0.3609 -0.4535
vn -0.2567 0.5923 0.7637
vn 0.4253 0.2513 0.8695
vn -0.9040 0.2864 -0.3175
vn -0.7448 0.5897 0.3123
vn -0.8026 -0.0629 -0.5932
vn -0.4944 -0.1563 0.8551
vn 0.1480 -0.5791 -0.8017
vn 0.8305 0.3672 0.4188
vn -0.5859 0.8048 0.0948
vn 0.1267 -0.9067 0.4023
vn 0.9461 -0.1089 0.3049
vn 0.2911 -0.3835 -0.8764
vn 0.9613 -0.1471 0.2330
vn 0.3054 0.3311 -0.8928
vn -0.2815 0.5914 0.7557
vn -0.4169 -0.9079 0.0437
vn 0.1196 -0.1785 0.9766
vn -0.3117 -0.0764 0.9471
vn -0.2715 -0.8742 -0.4026
vn 0.6336 -0.4881 0.6002
vn -0.5999 -0.4888 -0.6334
vn 0.6334 0.4110 -0.6557
vn 0.6404 0.4113 -0.6487
vn 0.6321 0.4126 -0.6559
vn 0.6420 0.4091 -0.6484
vn 0.0298 -0.4305 -0.9021
vn 0.4734 -0.7757 -0.4173
vn 0.7340 0.2564 0.6289
vn 0.5899 0.0222 0.8072
vn 0.8420 0.0520 0.5369
vn -0.4155 -0.4948 0.7632
vn 0.5789 0.1839 0.7944
vn 0.1870 -0.1430 -0.9719
vn 0.7483 -0.2290 -0.6226
vn 0.1851 -0.2513 -0.9501
vn -0.6085 -0.3032 -0.7334
vn -0.6311 -0.3074 -0.7122
vn -0.6311 -0.3078 -0.7120
vn -0.9230 -0.1538 -0.3528
vn 0.5641 -0.0562 -0.8238
vn 0.8963 -0.2025 -0.3944
vn 0.9779 -0.1546 -0.1410
vn 0.4306 -0.9023 -0.0213
vn 0.6826 -0.2272 0.6945
vn 0.8043 -0.1826 0.5655
vn 0.9547 -0.0114 -0.2975
vn 0.9804 0.1649 0.1076
vn 0.9617 -0.1394 -0.2359
vn 0.9612 -0.0244 0.2748
vn 0.8982 -0.0042 -0.4396
vn -0.6686 -0.3769 -0.6410
vn -0.6901 -0.5302 0.4927
vn -0.6646 -0.5518 0.5038
vn -0.9474 -0.1466 -0.2846
vn -0.7852 -0.4926 0.3752
vn -0.4643 -0.2227 -0.8572
vn 0.5905 -0.0233 -0.8067
vn -0.5362 -0.0333 -0.8434
vn -0.4337 -0.5359 0.7243
vn 0.5536 -0.2567 0.7922
vn -0.4358 -0.2105 -0.8751
vn 0.2798 -0.4666 -0.8391
vn -0.5860 0.0621 -0.8079
vn 0.8583 -0.1964 0.4740
vn 0.8217 -0.4769 -0.3120
vn 0.7200 -0.5763 -0.3867
vn -0.8497 0.1601 -0.5023
vn -0.7078 0.6105 0.3556
vn -0.7894 0.5255 0.3173
vn 0.6071 0.2696 0.7475
vn -0.4003 0.6191 0.6756
vn 0.5029 0.2994 0.8108
vn -0.3735 0.0643 -0.9254
vn 0.9149 0.0395 0.4018
vn 0.8240 0.1185 -0.5540
vn -0.8491 0.2024 -0.4880
vn -0.6939 0.6194 0.3671
vn 0.5031 0.2063 0.8392
vn 0.5429 -0.0083 -0.8397
vn -0.4924 0.0017 -0.8704
vn 0.8264 -0.0076 -0.5630
vn -0.8377 0.1515 -0.5247
vn -0.7263 0.5616 0.3964
vn -0.4809 0.5778 0.6594
vn 0.5326 0.1590 0.8313
vn -0.4865 0.0164 -0.8735
vn 0.8664 0.0098 0.4992
vn 0.8225 0.0494 -0.5666
vn -0.8671 0.1659 -0.4697
vn -0.7374 0.5065 0.4470
vn 0.4545 0.1835 0.8716
vn 0.8674 -0.0294 -0.4967
vn 0.9247 0.1860 -0.3322
vn -0.6678 -0.1519 -0.7286
vn -0.7058 -0.0359 -0.7075
vn 0.7794 -0.1522 -0.6077
vn 0.9064 -0.1759 0.3840
vn -0.7651 -0.3431 -0.5450
vn 0.7177 -0.1222 0.6855
vn -0.2448 -0.6102 0.7534
vn -0.7179 0.0434 -0.6948
vn 0.2705 -0.4571 -0.8473
vn 0.7385 0.0103 0.6741
vn 0.8961 -0.0025 0.4439
vn -0.8380 0.3017 -0.4547
vn 0.7608 0.1067 0.6402
vn -0.3095 0.6646 0.6801
vn -0.7327 0.0153 -0.6804
vn 0.3703 -0.0525 -0.9274
vn 0.7320 -0.0157 0.6811
vn -0.3370 0.4305 0.8373
vn -0.7268 0.0103 -0.6867
vn 0.9118 -0.1536 0.3809
vn 0.7268 -0.0113 0.6867
vn -0.7243 0.0068 -0.6894
vn 0.5455 0.0479 -0.8368
vn 0.7243 -0.0077 0.6894
vn -0.5520 0.5244 0.6483
vn 0.1022 -0.5460 0.8315
vn -0.4383 -0.3145 0.8420
vn -0.2128 -0.1233 -0.9693
vn 0.4305 -0.5015 -0.7504
vn -0.2333 -0.2974 -0.9258
vn 0.5552 0.1856 -0.8108
vn 0.2899 -0.3477 -0.8916
vn 0.8623 -0.2131 -0.4594
vn 0.8895 -0.0909 0.4479
vn 0.9080 -0.2416 0.3422
vn 0.8437 0.2863 -0.4541
vn 0.8826 -0.3444 -0.3199
vn -0.9249 0.1098 0.3640
vn -0.7921 0.0841 -0.6046
vn -0.8119 0.5040 0.2947
vn -0.7760 -0.1280 -0.6176
vn -0.8452 -0.0946 -0.5260
vn 0.5577 0.2236 0.7993
vn -0.5071 0.0311 0.8613
vn -0.3838 0.5184 0.7642
vn 0.6168 -0.0706 0.7839
vn 0.5466 -0.0940 0.8321
vn -0.1276 0.0770 -0.9888
vn 0.8985 -0.1162 0.4233
vn -0.9146 -0.4040 0.0192
vn -0.2059 -0.5611 0.8017
vn -0.7037 -0.0709 -0.7070
vn -0.7081 -0.0717 -0.7025
vn 0.7246 -0.0637 0.6863
vn -0.7251 0.0045 -0.6886
vn 0.7283 -0.0218 0.6849
vn -0.7155 -0.0426 -0.6973
vn -0.7281 0.0137 -0.6853
vn -0.7215 -0.0232 -0.6921
vn 0.7314 -0.0417 0.6807
vn -0.5024 -0.5517 -0.6658
vn 0.6975 0.1644 -0.6975
vn -0.7415 -0.6515 0.1603
vn -0.7677 -0.3476 -0.5384
vn -0.3624 -0.9290 0.0746
vn -0.1351 -0.9847 -0.1102
vn 0.8509 0.5252 0.0123
vn 0.7507 0.3041 0.5866
vn 0.2854 0.9422 -0.1757
vn 0.7864 -0.0465 0.6159
vn 0.6331 -0.2407 -0.7357
vn 0.0764 0.0327 -0.9965
vn -0.3947 -0.0255 -0.9184
vn 0.4715 0.0446 -0.8807
vn -0.5172 0.1882 -0.8349
vn 0.2732 0.4585 -0.8456
vn -0.7435 0.1091 -0.6598
vn -0.4355 0.8985 -0.0551
vn -0.7254 0.1605 -0.6694
vn 0.8004 0.1247 -0.5863
vn 0.9269 -0.0197 0.3748
vn 0.8293 -0.0081 0.5588
vn 0.7962 0.4451 -0.4098
vn -0.1273 0.9024 0.4116
vn 0.6449 0.1825 0.7422
vn -0.1703 0.9419 0.2894
vn 0.4731 -0.0615 0.8789
vn -0.4682 -0.1095 0.8768
vn -0.4414 -0.2589 0.8592
vn -0.2778 -0.7374 0.6156
vn 0.4979 -0.1958 0.8449
vn -0.2355 -0.7861 0.5715
vn 0.5977 -0.1813 0.7809
vn -0.8918 -0.1967 -0.4075
vn -0.8250 -0.1178 0.5527
vn -0.8007 -0.0743 -0.5945
vn -0.5684 -0.7507 0.3368
vn -0.9474 -0.1588 0.2777
vn -0.8959 -0.2205 -0.3856
vn -0.5246 -0.7934 0.3086
vn -0.5031 0.8642 -0.0039
vn -0.7247 0.0866 -0.6836
vn -0.2829 0.8999 0.3319
vn 0.6428 -0.1821 0.7441
vn -0.7463 -0.1997 -0.6349
vn -0.3208 -0.9286 0.1865
vn -0.7627 0.1382 -0.6319
vn 0.5978 0.1622 0.7851
vn -0.4512 0.7837 0.4270
vn 0.1079 -0.9655 0.2368
vn 0.6824 -0.1940 0.7048
vn -0.1268 -0.9917 0.0203
vn -0.7751 -0.1320 -0.6179
vn -0.3984 -0.9133 0.0849
vn -0.7761 -0.4288 0.4623
vn -0.6092 0.2402 -0.7558
vn 0.0095 0.9091 -0.4165
vn 0.2896 0.3768 -0.8798
vn -0.5245 0.2867 -0.8017
vn 0.0625 0.7933 -0.6056
vn 0.9443 0.0092 0.3289
vn 0.9354 -0.0302 -0.3522
vn 0.5813 0.6035 -0.5458
vn -0.2075 -0.6901 0.6933
vn 0.5146 -0.2795 0.8106
vn 0.6142 -0.1255 0.7791
vn 0.7007 -0.1267 0.7021
vn 0.1669 -0.9661 0.1971
vn 0.7482 -0.2658 0.6078
vn -0.0367 -0.9670 0.2520
vn -0.4071 0.1872 -0.8940
vn -0.8995 -0.4368 -0.0085
vn 0.7592 -0.2384 0.6056
vn 0.7186 -0.2774 0.6377
vn -0.6021 -0.7315 0.3200
vn 0.6994 -0.4571 0.5495
vn 0.6542 -0.5622 0.5060
vn 0.6524 0.0913 0.7524
vn -0.3436 0.9002 -0.2675
vn -0.7322 -0.3852 -0.5617
vn 0.7159 0.3782 0.5869
vn 0.1726 -0.9035 0.3923
vn -0.6023 0.7783 0.1774
vn -0.7073 -0.2177 -0.6726
vn -0.7849 -0.1438 -0.6026
vn -0.2874 -0.8367 -0.4661
vn -0.6291 -0.3399 -0.6990
vn 0.4740 -0.2020 -0.8571
vn 0.6709 -0.4976 -0.5498
vn 0.9017 -0.1602 -0.4016
vn 0.1691 -0.1428 -0.9752
vn -0.5762 -0.6793 0.4544
vn -0.5430 -0.6406 0.5430
vn -0.5661 -0.6407 0.5186
vn 0.4361 0.8136 0.3846
vn -0.0574 0.9967 0.0574
vn -0.0152 0.9998 0.0140
vn 0.7170 -0.0006 0.6970
vn 0.7290 0.0046 0.6845
vn -0.4545 -0.6793 0.5762
vn -0.3072 -0.8511 0.4257
vn -0.6971 -0.0006 -0.7170
vn -0.3846 0.8136 -0.4361
vn -0.4520 0.8170 -0.3580
vn -0.5508 -0.6563 0.5157
vn -0.6634 -0.3460 0.6634
vn -0.5811 -0.2938 0.7589
vn 0.8145 0.3801 -0.4383
vn 0.6862 0.2415 -0.6862
vn 0.6504 0.3925 -0.6504
vn -0.5157 -0.6563 0.5508
vn -0.5413 -0.6434 0.5413
vn 0.4383 0.3801 -0.8145
vn 0.5528 0.1825 -0.8131
vn -0.6992 -0.1490 0.6992
vn -0.5959 -0.1713 0.7846
vn 0.8131 0.1825 -0.5528
vn 0.6886 0.2274 -0.6886
vn -0.7589 -0.2938 0.5811
vn 0.6110 0.1911 -0.7682
vn -0.5903 -0.0393 0.8062
vn 0.6450 0.4666 -0.6052
vn 0.6079 0.5108 -0.6079
vn -0.8062 -0.0393 0.5903
vn -0.6860 -0.0463 0.7261
vn 0.6051 0.4666 -0.6451
vn -0.5559 -0.1263 0.8216
vn 0.5650 0.5562 -0.6095
vn 0.5875 0.5564 -0.5876
vn -0.8216 -0.1263 0.5559
vn -0.7014 -0.1267 0.7014
vn 0.6094 0.5562 -0.5650
vn 0.3593 0.9165 0.1757
vn 0.6789 0.5808 0.4492
vn 0.6649 0.6695 0.3311
vn -0.7763 0.5737 -0.2612
vn -0.3073 0.9476 -0.0873
vn -0.5792 -0.8101 -0.0905
vn -0.5096 -0.8453 -0.1606
vn -0.5863 -0.8019 -0.1147
vn 0.7194 -0.5457 0.4297
vn 0.7582 -0.4438 0.4776
vn 0.2612 0.5737 0.7763
vn -0.2155 0.9741 0.0682
vn 0.2614 0.4586 0.8493
vn -0.1757 0.9165 -0.3593
vn -0.4448 0.5789 -0.6834
vn -0.4297 -0.5457 -0.7194
vn -0.3312 0.6696 -0.6648
vn 0.0905 -0.8101 0.5792
vn 0.1606 -0.8453 0.5096
vn 0.0831 -0.8092 0.5816
vn -0.8493 0.4586 -0.2614
vn -0.4358 -0.8704 -0.2292
vn -0.2564 -0.9067 -0.3348
vn 0.6621 -0.2591 0.7032
vn 0.4195 0.4445 0.7915
vn -0.7988 0.4837 -0.3576
vn -0.4776 -0.4438 -0.7582
vn 0.2292 -0.8704 0.4358
vn -0.0931 -0.8229 0.5605
vn -0.1448 -0.8386 0.5252
vn -0.1488 -0.8396 0.5224
vn 0.1353 -0.7698 -0.6238
vn 0.3936 -0.6087 -0.6888
vn 0.0921 -0.7889 -0.6076
vn -0.0916 -0.9415 0.3242
vn -0.0845 -0.9411 0.3275
vn -0.0832 -0.9410 0.3281
vn -0.0806 -0.9405 0.3302
vn -0.0576 -0.9383 0.3409
vn -0.0545 -0.9380 0.3423
vn -0.1369 0.5727 0.8083
vn -0.2397 0.5227 0.8181
vn -0.2617 0.5109 0.8189
vn 0.0016 -0.9997 -0.0226
vn 0.6238 -0.7698 -0.1353
vn 0.6888 -0.6087 -0.3936
vn 0.6938 -0.5695 -0.4407
vn -0.5605 -0.8229 0.0931
vn -0.5252 -0.8386 0.1448
vn -0.5636 -0.8213 0.0883
vn -0.3242 -0.9415 0.0916
vn -0.3275 -0.9411 0.0845
vn -0.3236 -0.9416 0.0929
vn -0.3302 -0.9405 0.0806
vn -0.3409 -0.9383 0.0576
vn -0.3289 -0.9407 0.0834
vn 0.0226 -0.9997 -0.0016
vn -0.8083 0.5727 0.1368
vn -0.8181 0.5227 0.2397
vn -0.8062 0.5788 0.1230
vn 0.5067 -0.5902 -0.6285
vn 0.5066 -0.5886 -0.6300
vn 0.5064 -0.5850 -0.6335
vn 0.6285 -0.5902 -0.5067
vn 0.6300 -0.5886 -0.5066
vn 0.6252 -0.5935 -0.5069
vn -0.3390 0.5583 0.7572
vn -0.3386 0.5513 0.7625
vn -0.3397 0.5702 0.7480
vn -0.7572 0.5583 0.3390
vn -0.7625 0.5513 0.3386
vn -0.7720 0.5385 0.3378
vn 0.7570 0.1947 -0.6238
vn 0.2146 0.9761 -0.0354
vn 0.2331 0.9441 -0.2331
vn 0.7140 0.0054 0.7002
vn 0.7048 -0.0037 0.7094
vn 0.6238 0.1947 -0.7570
vn 0.6921 0.2051 -0.6921
vn -0.7001 0.0054 -0.7140
vn 0.0354 0.9761 -0.2146
vn -0.4425 -0.8903 0.1075
vn 0.3215 0.9456 0.0505
vn -0.0420 0.9982 0.0422
vn 0.7957 0.0233 0.6052
vn 0.7786 0.0248 0.6271
vn -0.1075 -0.8903 0.4425
vn -0.1279 -0.9835 0.1279
vn -0.6052 0.0233 -0.7957
vn -0.6845 0.0046 -0.7290
vn -0.0505 0.9456 -0.3215
vn 0.6749 -0.2985 -0.6749
vn 0.6570 -0.3687 -0.6576
vn 0.6545 -0.3837 -0.6515
vn 0.1842 -0.9655 -0.1842
vn -0.0049 -0.9890 -0.1478
vn -0.0238 -0.9931 -0.1150
vn 0.7797 0.0372 0.6251
vn 0.7392 0.0065 0.6734
vn 0.1033 0.9713 -0.2141
vn 0.1106 0.9877 -0.1106
vn 0.2141 0.9713 -0.1033
vn 0.1479 -0.9890 0.0049
vn 0.2127 -0.9537 -0.2127
vn 0.6576 -0.3687 -0.6570
vn 0.6785 -0.2817 -0.6785
vn -0.6251 0.0372 -0.7797
vn -0.6271 0.0247 -0.7786
vn -0.7093 -0.0037 -0.7049
vn -0.6737 0.0064 -0.7390
vn 0.8766 -0.4765 -0.0675
vn 0.9995 -0.0304 -0.0121
vn 0.8641 -0.5004 -0.0543
vn 0.9961 0.0225 0.0852
vn 0.9363 0.0944 -0.3383
vn 0.7349 0.5785 -0.3539
vn 0.8127 0.5806 0.0493
vn 0.8630 0.4988 0.0805
vn 0.8872 0.4612 -0.0123
vn 0.9569 0.2897 0.0219
vn -0.9878 0.0376 -0.1514
vn -0.4281 0.2459 -0.8696
vn -0.9834 -0.1380 -0.1179
vn -0.8343 -0.5421 -0.1009
vn -0.9961 0.0225 0.0852
vn -0.9997 0.0231 -0.0055
vn -0.9590 0.2660 -0.0981
vn -0.7726 0.4855 -0.4091
vn -0.7354 0.2224 -0.6401
vn -0.8630 0.4989 0.0802
vn -0.9875 0.1388 0.0750
vn -0.9569 0.2897 0.0219
vn -0.6806 0.6954 0.2309
vn 0.9902 0.1081 0.0884
vn 0.9716 0.0174 0.2359
vn -0.9334 -0.1766 0.3124
vn -0.9819 -0.1063 -0.1568
vn -0.9383 -0.0079 0.3458
vn -0.9902 0.1081 0.0884
vn 0.9985 0.0527 0.0121
vn -0.6350 0.7422 0.2142
vn 0.9687 -0.2309 0.0915
vn -0.9669 -0.2419 0.0807
vn -0.9966 -0.0365 -0.0736
vn 0.9966 -0.0365 -0.0736
vn 0.9779 -0.2078 0.0231
vn -0.9780 -0.2066 0.0272
vn -0.9984 -0.0098 -0.0555
vn 0.9933 -0.0720 0.0906
vn 0.9700 -0.1963 0.1433
vn -0.9933 -0.0720 0.0906
vn 0.9831 -0.1269 0.1318
vn 0.9720 -0.2342 -0.0190
vn -0.8204 -0.4497 0.3532
vn -0.9831 -0.1270 0.1320
vn 0.9870 -0.1177 0.1092
vn 0.9685 -0.2376 -0.0743
vn -0.5663 -0.8241 0.0093
vn -0.9870 -0.1177 0.1092
vn 0.9883 -0.1199 0.0945
vn 0.9255 -0.2603 -0.2752
vn -0.7545 -0.6459 -0.1165
vn -0.9883 -0.1199 0.0946
vn 0.7925 -0.5887 0.1591
vn 0.6404 -0.6281 -0.4420
vn -0.8034 -0.5240 -0.2827
vn -0.7925 -0.5887 0.1591
vn -0.2509 -0.7322 0.6332
vn 0.0015 -0.9930 0.1178
vn 0.0048 -0.7935 0.6086
vn -0.0421 -0.3802 -0.9240
vn 0.0017 -0.5623 -0.8269
vn -0.0049 -0.4078 -0.9130
vn -0.0017 -0.5623 -0.8269
vn -0.0138 -0.5493 -0.8355
vn 0.1670 -0.0811 0.9826
vn 0.4093 0.0385 0.9116
vn -0.2518 -0.7968 -0.5492
vn -0.3834 -0.7850 -0.4865
vn 0.1995 0.9794 -0.0297
vn 0.1918 0.9651 0.1782
vn 0.2850 0.9580 -0.0303
vn 0.3864 0.8162 -0.4296
vn 0.6263 0.1615 -0.7627
vn 0.4451 0.2160 -0.8690
vn 0.5498 -0.8264 -0.1214
vn 0.3879 -0.9091 -0.1523
vn 0.4973 -0.8624 -0.0948
vn 0.3438 0.8282 -0.4425
vn 0.4937 0.7820 -0.3805
vn 0.3746 0.8393 -0.3939
vn 0.3447 -0.2758 0.8973
vn 0.1587 -0.6142 0.7731
vn 0.3933 0.8545 -0.3394
vn 0.5630 0.7741 -0.2896
vn -0.0734 -0.9698 0.2325
vn 0.4310 0.8699 -0.2400
vn 0.5985 0.7841 -0.1645
vn -0.1022 -0.7680 -0.6322
vn 0.4773 0.8772 -0.0525
vn 0.6305 0.7761 0.0162
vn 0.2115 0.8113 0.5451
vn 0.6619 0.5223 0.5377
vn 0.8178 0.4837 0.3119
vn 0.3893 0.0337 0.9205
vn 0.3838 -0.0058 0.9234
vn 0.4375 -0.0390 0.8984
vn 0.0926 -0.2523 -0.9632
vn 0.5284 -0.2074 0.8233
vn -0.0086 -0.2107 -0.9775
vn -0.3780 -0.8555 0.3538
vn -0.5284 -0.2074 0.8233
vn -0.5415 -0.8399 -0.0372
vn -0.5789 -0.8151 -0.0234
vn -0.7212 0.0730 -0.6889
vn -0.3337 -0.1580 -0.9293
vn -0.5823 0.0914 -0.8078
vn -0.4185 0.7207 -0.5527
vn -0.2653 0.9640 0.0194
vn -0.1913 0.9630 0.1896
vn -0.1597 0.9871 -0.0088
vn -0.4937 0.7820 -0.3805
vn -0.3438 0.8282 -0.4426
vn -0.3746 0.8393 -0.3939
vn -0.3194 0.8797 -0.3521
vn -0.5629 0.7740 -0.2898
vn -0.4758 0.8226 -0.3112
vn -0.5985 0.7841 -0.1645
vn -0.5273 0.8392 -0.1329
vn -0.6305 0.7761 0.0162
vn -0.5536 0.8325 0.0203
vn -0.2115 0.8113 0.5451
vn -0.6619 0.5223 0.5377
vn -0.6556 0.5043 0.5621
vn -0.3899 -0.0138 0.9207
vn -0.3893 0.0337 0.9205
vn -0.4375 -0.0390 0.8984
vn -0.3366 -0.2911 0.8955
vn -0.0292 -0.9865 0.1609
vn -0.1696 -0.6707 0.7221
vn -0.2364 -0.3567 0.9038
vn -0.9715 0.0176 0.2363
vn -0.2076 -0.1608 0.9649
vn 0.0158 -0.2159 -0.9763
vn 0.2052 -0.8308 -0.5174
vn 0.3778 -0.8617 0.3387
vn -0.3796 -0.9173 0.1205
vn -0.0399 -0.9921 -0.1186
vn 0.2715 -0.9375 -0.2174
vn -0.1249 -0.9657 -0.2276
vn -0.4008 -0.8986 -0.1784
vn -0.2574 -0.9276 -0.2706
vn -0.0465 -0.9652 -0.2572
vn 0.2745 -0.5392 -0.7962
vn 0.2493 -0.9383 -0.2395
vn -0.2746 -0.5392 -0.7962
vn 0.1746 -0.6878 -0.7046
vn -0.0001 -0.0500 -0.9987
vn 0.2340 -0.0508 -0.9709
vn -0.0000 -0.9132 0.4074
vn 0.4602 -0.8107 0.3620
vn 0.4587 -0.8115 0.3620
vn -0.4601 -0.8107 0.3620
vn -0.0000 -0.9131 0.4078
vn -0.0000 1.0000 0.0027
vn 0.0076 0.9516 -0.3073
vn -0.0000 0.9815 0.1913
vn -0.0000 0.9999 -0.0149
vn 0.2171 0.9397 -0.2644
vn -0.2171 0.9397 -0.2644
vn -0.0000 0.9605 -0.2783
vn -0.0000 0.8574 -0.5147
vn -0.0175 0.9018 -0.4318
vn -0.0000 0.9354 -0.3537
vn -0.0174 0.9880 -0.1532
vn 0.5536 0.8325 0.0210
vn -0.0000 0.9997 0.0263
vn -0.0000 0.8983 0.4393
vn 0.3383 0.2332 0.9117
vn 0.3390 0.8458 0.4120
vn -0.3383 0.2332 0.9117
vn 0.1447 0.5820 0.8002
vn -0.0000 0.0168 0.9999
vn -0.0000 -0.2469 0.9690
vn 0.3366 -0.2911 0.8955
vn -0.0192 -0.2050 -0.9786
vn 0.1580 -0.6638 -0.7310
vn 0.0346 -0.6484 -0.7605
vn -0.0003 -0.9479 0.3187
vn -0.0000 -0.5975 0.8019
vn 0.0003 -0.3981 0.9173
vn 0.2104 -0.0234 0.9773
vn -0.0448 -0.8253 -0.5629
vn 0.0476 -0.8971 0.4393
vn 0.6394 -0.4320 -0.6361
vn 0.8133 -0.4101 -0.4128
vn 0.5588 -0.5026 -0.6597
vn 0.9792 0.1496 0.1373
vn 0.9452 0.1617 0.2836
vn 0.9844 0.1119 0.1355
vn 0.9447 0.2471 0.2157
vn -0.9144 0.1185 -0.3870
vn -0.4983 -0.5455 -0.6739
vn -0.8137 -0.3580 -0.4580
vn -0.9451 0.2459 0.2153
vn -0.9595 0.1708 0.2241
vn -0.3986 0.0529 0.9156
vn -0.2718 -0.1390 0.9523
vn -0.9791 0.1496 0.1375
vn 0.5411 -0.8401 -0.0370
vn 0.3171 -0.9389 0.1340
vn 0.5786 -0.8153 -0.0227
vn 0.2916 -0.7333 0.6142
vn 0.1922 -0.9108 0.3654
vn -0.6420 -0.6312 0.4352
vn 0.0640 -0.3305 0.9416
vn 0.9879 0.0496 0.1472
vn 0.8822 -0.4431 -0.1591
vn -0.0127 0.4070 -0.9133
vn -0.0034 0.4073 -0.9133
vn -0.0144 0.4096 -0.9121
vn -0.7989 -0.5871 -0.1306
vn 0.0304 -0.8767 -0.4800
vn -0.8001 -0.5803 -0.1521
vn -0.2875 -0.8855 -0.3650
vn -0.9766 -0.2025 -0.0726
vn -0.3237 -0.3403 0.8828
vn -0.5027 0.7487 0.4322
vn -0.8927 0.3827 0.2378
vn -0.3474 0.7919 0.5023
vn 0.8629 -0.4905 -0.1217
vn 0.1843 -0.4658 -0.8655
vn -0.0242 -0.7183 -0.6954
vn 0.8814 -0.2123 -0.4219
vn 0.2900 -0.2857 -0.9134
vn 0.6883 -0.5548 0.4674
vn 0.3516 -0.0840 0.9324
vn 0.9722 -0.1212 0.2002
vn 0.4244 0.0939 0.9006
vn 0.9663 0.0235 0.2564
vn -0.5724 -0.2405 -0.7839
vn -0.9989 0.0187 -0.0440
vn -0.8020 0.3561 0.4795
vn -0.2984 0.5529 0.7780
vn 0.4532 -0.8084 -0.3756
vn 0.4718 -0.7492 -0.4648
vn 0.9274 -0.3208 -0.1925
vn 0.5427 -0.2703 -0.7953
vn 0.3831 0.7896 0.4794
vn 0.9569 0.2558 0.1378
vn 0.4217 0.7627 0.4904
vn 0.8740 0.3095 0.3746
vn -0.9312 0.2531 -0.2622
vn -0.4072 0.6619 -0.6294
vn -0.4262 0.6582 -0.6206
vn -0.3641 0.6088 -0.7049
vn -0.9556 0.2622 -0.1340
vn -0.3383 0.6650 0.6658
vn -0.9819 0.1237 0.1431
vn -0.3241 -0.7479 0.5793
vn -0.6769 -0.5344 0.5061
vn -0.7925 -0.4808 0.3752
vn -0.7671 -0.5568 0.3186
vn -0.3108 -0.8288 0.4653
vn -0.8390 -0.5136 0.1799
vn -0.2787 -0.9040 0.3244
vn 0.8472 0.4594 -0.2669
vn 0.3725 0.6960 -0.6138
vn 0.9075 0.3059 -0.2879
vn 0.2720 0.7130 -0.6463
vn 0.3867 0.6470 -0.6571
vn 0.3648 0.7543 0.5459
vn 0.9433 0.3183 0.0940
vn 0.4080 0.7406 0.5338
vn 0.3702 -0.7713 0.5177
vn 0.7978 -0.4498 0.4015
vn 0.2928 -0.6888 0.6632
vn 0.8711 -0.4193 0.2556
vn 0.9498 -0.3089 0.0494
vn 0.4030 -0.7857 0.4692
vn 0.9092 -0.3706 0.1899
vn -0.3724 0.6855 0.6256
vn -0.9801 0.1500 0.1302
vn -0.8650 -0.4951 0.0812
vn -0.3244 -0.9282 0.1820
vn 0.9411 0.3050 0.1459
vn 0.3976 0.7969 0.4548
vn 0.3621 -0.8797 0.3082
vn 0.9181 -0.3833 0.1005
vn -0.9903 -0.0473 -0.1309
vn -0.6527 -0.3046 0.6937
vn 0.4152 0.5345 0.7362
vn -0.4621 -0.2648 -0.8464
vn -0.9533 -0.1045 -0.2832
vn -0.4662 -0.2554 -0.8470
vn -0.9626 0.0239 0.2700
vn 0.8561 -0.1243 -0.5017
vn 0.2609 -0.2686 -0.9272
vn 0.8464 0.1375 0.5144
vn -0.3734 -0.0021 0.9277
vn -0.8688 0.0515 0.4925
vn -0.3428 0.0981 0.9343
vn -0.6640 0.1992 0.7207
vn -0.3408 0.2660 0.9017
vn -0.8135 -0.2625 -0.5190
vn 0.8315 -0.2901 -0.4738
vn 0.2718 -0.3959 -0.8772
vn 0.3809 0.2905 0.8778
vn 0.8564 0.2124 0.4706
vn -0.7047 0.3200 0.6332
vn -0.3217 0.4549 0.8304
vn -0.4603 -0.5977 -0.6565
vn -0.9460 -0.0544 -0.3196
vn 0.7863 -0.4512 -0.4220
vn 0.2935 -0.6460 -0.7047
vn 0.3971 0.4462 0.8020
vn 0.9086 0.2784 0.3115
vn -0.7926 0.3519 0.4979
vn -0.3135 0.5874 0.7461
vn -0.4659 0.1079 -0.8783
vn -0.9678 0.0707 -0.2414
vn 0.3336 0.0908 -0.9383
vn 0.9170 0.0554 -0.3950
vn 0.3153 0.1933 -0.9291
vn 0.3686 0.5632 0.7396
vn 0.9150 0.2691 0.3007
vn -0.8547 0.3020 0.4221
vn -0.3102 0.5929 0.7432
vn -0.4601 0.1928 -0.8667
vn -0.9630 0.1134 -0.2443
vn 0.9115 0.1274 -0.3910
vn 0.2556 0.3609 -0.8969
vn 0.3585 0.5923 0.7215
vn 0.9155 0.2513 0.3141
vn -0.8637 0.2864 0.4147
vn -0.3058 0.5897 0.7475
vn -0.9869 -0.0629 0.1483
vn 0.2550 -0.1563 0.9542
vn -0.4622 -0.5790 -0.6716
vn 0.8834 0.3672 -0.2911
vn -0.3473 0.8048 0.4813
vn 0.3741 -0.9067 0.1948
vn 0.8846 -0.1090 -0.4533
vn -0.4139 -0.3835 -0.8256
vn 0.8445 -0.1471 -0.5149
vn -0.4153 0.3311 -0.8473
vn 0.3353 0.5914 0.7334
vn -0.2639 -0.9079 0.3257
vn 0.7751 -0.1785 0.6061
vn 0.4493 -0.0764 0.8901
vn -0.4766 -0.8742 -0.0927
vn 0.8724 -0.4882 -0.0236
vn -0.8720 -0.4889 -0.0237
vn -0.0157 0.4110 -0.9115
vn -0.0059 0.4113 -0.9115
vn -0.0168 0.4126 -0.9108
vn -0.0045 0.4091 -0.9125
vn -0.6167 -0.4305 -0.6590
vn 0.0396 -0.7757 -0.6298
vn 0.9637 0.2564 -0.0743
vn 0.9879 0.0222 0.1537
vn 0.9751 0.0520 -0.2157
vn 0.2459 -0.4949 0.8335
vn 0.9711 0.1838 0.1524
vn -0.5550 -0.1430 -0.8195
vn 0.0888 -0.2290 -0.9694
vn -0.5409 -0.2513 -0.8027
vn -0.9488 -0.3032 -0.0883
vn -0.9498 -0.3074 -0.0573
vn -0.9496 -0.3082 -0.0571
vn -0.9021 -0.1538 0.4032
vn -0.1835 -0.0562 -0.9814
vn 0.3549 -0.2025 -0.9127
vn 0.5917 -0.1546 -0.7912
vn 0.2895 -0.9023 -0.3195
vn 0.9738 -0.2273 0.0084
vn 0.9686 -0.1826 -0.1688
vn 0.4647 -0.0114 -0.8854
vn 0.7694 0.1648 -0.6171
vn 0.5135 -0.1393 -0.8467
vn 0.8740 -0.0245 -0.4854
vn 0.3243 -0.0042 -0.9459
vn -0.9260 -0.3769 0.0196
vn -0.1396 -0.5301 0.8363
vn -0.1138 -0.5518 0.8261
vn -0.8711 -0.1467 0.4686
vn -0.2900 -0.4926 0.8205
vn -0.9344 -0.2227 -0.2778
vn -0.1529 -0.0233 -0.9880
vn -0.9755 -0.0333 -0.2173
vn 0.2055 -0.5359 0.8189
vn 0.9516 -0.2567 0.1688
vn -0.9270 -0.2105 -0.3106
vn -0.3955 -0.4666 -0.7911
vn -0.9857 0.0621 -0.1569
vn 0.9421 -0.1964 -0.2718
vn 0.3605 -0.4769 -0.8017
vn 0.2357 -0.5763 -0.7825
vn -0.9560 0.1602 0.2457
vn -0.2491 0.6105 0.7519
vn -0.3339 0.5255 0.7825
vn 0.9578 0.2696 0.0994
vn 0.1947 0.6191 0.7608
vn 0.9290 0.2994 0.2177
vn -0.9185 0.0643 -0.3902
vn 0.9310 0.0395 -0.3627
vn 0.1910 0.1185 -0.9744
vn -0.9454 0.2024 0.2553
vn -0.2311 0.6194 0.7503
vn 0.9492 0.2062 0.2377
vn -0.2099 -0.0083 -0.9777
vn -0.9636 0.0016 -0.2673
vn 0.1864 -0.0076 -0.9825
vn -0.9633 0.1516 0.2214
vn -0.2333 0.5616 0.7938
vn 0.1262 0.5778 0.8063
vn 0.9644 0.1591 0.2113
vn -0.9617 0.0163 -0.2737
vn 0.9656 0.0099 -0.2597
vn 0.1810 0.0494 -0.9822
vn -0.9452 0.1659 0.2810
vn -0.2054 0.5065 0.8374
vn 0.9377 0.1836 0.2949
vn 0.2622 -0.0294 -0.9646
vn 0.4189 0.1860 -0.8888
vn -0.9875 -0.1519 -0.0430
vn -0.9994 -0.0356 -0.0010
vn 0.1214 -0.1523 -0.9809
vn 0.9125 -0.1758 -0.3694
vn -0.9263 -0.3430 0.1557
vn 0.9922 -0.1222 -0.0228
vn 0.3596 -0.6102 0.7059
vn -0.9989 0.0434 0.0163
vn -0.4078 -0.4572 -0.7904
vn 0.9989 0.0104 -0.0456
vn 0.9475 -0.0025 -0.3197
vn -0.9141 0.3017 0.2711
vn 0.9906 0.1067 -0.0853
vn 0.2620 0.6646 0.6998
vn -0.9992 0.0152 0.0371
vn -0.3940 -0.0524 -0.9176
vn 0.9992 -0.0157 -0.0360
vn 0.3538 0.4305 0.8304
vn -0.9995 0.0096 0.0285
vn 0.9141 -0.1536 -0.3754
vn 0.9995 -0.0113 -0.0283
vn -0.9997 0.0067 0.0246
vn -0.2060 0.0479 -0.9774
vn 0.9997 -0.0077 -0.0246
vn 0.0681 0.5244 0.8487
vn 0.6603 -0.5459 0.5157
vn 0.2854 -0.3145 0.9053
vn -0.8358 -0.1230 -0.5350
vn -0.2263 -0.5014 -0.8351
vn -0.8196 -0.2974 -0.4896
vn -0.1808 0.1855 -0.9659
vn -0.4255 -0.3477 -0.8355
vn 0.2849 -0.2131 -0.9346
vn 0.9457 -0.0908 -0.3122
vn 0.8841 -0.2416 -0.4001
vn 0.2755 0.2863 -0.9177
vn 0.3979 -0.3444 -0.8504
vn -0.3967 0.1098 0.9114
vn -0.9876 0.0841 0.1326
vn -0.3657 0.5040 0.7825
vn -0.9854 -0.1280 0.1121
vn -0.9696 -0.0946 0.2257
vn 0.9596 0.2236 0.1708
vn 0.2505 0.0311 0.9676
vn 0.2690 0.5183 0.8118
vn 0.9905 -0.0707 0.1182
vn 0.9749 -0.0940 0.2018
vn -0.7894 0.0770 -0.6090
vn 0.9347 -0.1160 -0.3361
vn -0.6331 -0.4040 0.6603
vn 0.4213 -0.5610 0.7126
vn -0.9975 -0.0709 -0.0023
vn -0.9974 -0.0717 0.0040
vn 0.9976 -0.0637 -0.0271
vn -0.9997 0.0045 0.0258
vn 0.9993 -0.0218 -0.0307
vn -0.9990 -0.0426 0.0128
vn -0.9994 0.0138 0.0303
vn -0.9995 -0.0232 0.0209
vn 0.9985 -0.0419 -0.0365
vn -0.8260 -0.5517 -0.1155
vn -0.0000 0.1644 -0.9864
vn -0.4110 -0.6515 0.6377
vn -0.9235 -0.3476 0.1622
vn -0.2035 -0.9290 0.3090
vn -0.1735 -0.9847 0.0177
vn 0.6104 0.5252 -0.5930
vn 0.9455 0.3041 -0.1161
vn 0.0776 0.9422 -0.3260
vn 0.9916 -0.0465 -0.1206
vn -0.0726 -0.2407 -0.9679
vn -0.6506 0.0328 -0.7587
vn -0.9286 -0.0255 -0.3703
vn -0.2894 0.0447 -0.9562
vn -0.9561 0.1881 -0.2246
vn -0.4048 0.4585 -0.7911
vn -0.9923 0.1091 0.0592
vn -0.3470 0.8985 0.2689
vn -0.9862 0.1605 0.0396
vn 0.1514 0.1247 -0.9806
vn 0.9204 -0.0197 -0.3904
vn 0.9815 -0.0081 -0.1913
vn 0.2732 0.4451 -0.8528
vn 0.2011 0.9024 0.3811
vn 0.9808 0.1825 0.0688
vn 0.0842 0.9419 0.3250
vn 0.9560 -0.0615 0.2869
vn 0.2889 -0.1095 0.9511
vn 0.2955 -0.2589 0.9196
vn 0.2390 -0.7374 0.6318
vn 0.9495 -0.1958 0.2453
vn 0.2376 -0.7861 0.5706
vn 0.9749 -0.1813 0.1295
vn -0.9187 -0.1967 0.3424
vn -0.1926 -0.1179 0.9742
vn -0.9865 -0.0743 0.1459
vn -0.1638 -0.7507 0.6400
vn -0.4735 -0.1588 0.8663
vn -0.9062 -0.2205 0.3609
vn -0.1528 -0.7934 0.5892
vn -0.3586 0.8642 0.3530
vn -0.9958 0.0866 0.0290
vn 0.0347 0.8999 0.4348
vn 0.9806 -0.1822 0.0717
vn -0.9767 -0.1998 0.0788
vn -0.0950 -0.9286 0.3587
vn -0.9861 0.1383 0.0925
vn 0.9778 0.1623 0.1325
vn -0.0170 0.7836 0.6210
vn 0.2438 -0.9655 0.0912
vn 0.9809 -0.1941 0.0159
vn -0.0753 -0.9917 0.1041
vn -0.9850 -0.1321 0.1111
vn -0.2217 -0.9133 0.3418
vn -0.2220 -0.4288 0.8757
vn -0.9652 0.2401 -0.1037
vn -0.2879 0.9091 -0.3012
vn -0.4174 0.3768 -0.8269
vn -0.9378 0.2867 -0.1960
vn -0.3840 0.7933 -0.4724
vn 0.9003 0.0092 -0.4351
vn 0.4124 -0.0302 -0.9105
vn 0.0252 0.6035 -0.7969
vn 0.3435 -0.6901 0.6370
vn 0.9371 -0.2794 0.2093
vn 0.9852 -0.1256 0.1167
vn 0.9919 -0.1268 0.0010
vn 0.2574 -0.9661 0.0214
vn 0.9589 -0.2659 -0.0992
vn 0.1523 -0.9670 0.2041
vn -0.9200 0.1872 -0.3442
vn -0.6421 -0.4368 0.6300
vn 0.9651 -0.2384 -0.1087
vn 0.9590 -0.2774 -0.0573
vn -0.1995 -0.7314 0.6521
vn 0.8831 -0.4571 -0.1060
vn 0.8203 -0.5622 -0.1048
vn 0.9933 0.0913 0.0707
vn -0.4322 0.9002 0.0539
vn -0.9149 -0.3852 0.1205
vn 0.9212 0.3782 -0.0911
vn 0.3994 -0.9035 0.1554
vn -0.3004 0.7783 0.5513
vn -0.9757 -0.2177 0.0246
vn -0.9811 -0.1439 0.1290
vn -0.5329 -0.8367 -0.1264
vn -0.9392 -0.3398 -0.0492
vn -0.2708 -0.2020 -0.9412
vn 0.0856 -0.4976 -0.8632
vn 0.3537 -0.1602 -0.9216
vn -0.5700 -0.1428 -0.8091
vn -0.0861 -0.6793 0.7288
vn -0.0000 -0.6406 0.7679
vn -0.0336 -0.6407 0.7670
vn 0.5803 0.8136 -0.0364
vn -0.0000 0.9967 0.0812
vn -0.0008 0.9998 0.0207
vn 0.9999 -0.0006 -0.0141
vn 0.9995 0.0046 -0.0315
vn 0.0861 -0.6793 0.7288
vn 0.0838 -0.8511 0.5182
vn -0.9999 -0.0006 -0.0141
vn -0.5803 0.8136 -0.0364
vn -0.5728 0.8170 0.0665
vn -0.0248 -0.6563 0.7541
vn -0.0000 -0.3461 0.9382
vn 0.1257 -0.2939 0.9475
vn 0.2660 0.3801 -0.8859
vn -0.0000 0.2415 -0.9704
vn -0.0000 0.3925 -0.9198
vn 0.0248 -0.6563 0.7541
vn -0.0000 -0.6434 0.7655
vn -0.2660 0.3801 -0.8859
vn -0.1841 0.1825 -0.9658
vn -0.0000 -0.1491 0.9888
vn 0.1334 -0.1714 0.9761
vn 0.1841 0.1825 -0.9658
vn -0.0000 0.2274 -0.9738
vn -0.1257 -0.2939 0.9475
vn -0.1111 0.1911 -0.9753
vn 0.1527 -0.0393 0.9875
vn 0.0282 0.4666 -0.8840
vn -0.0000 0.5110 -0.8596
vn -0.1527 -0.0393 0.9875
vn 0.0283 -0.0463 0.9985
vn -0.0283 0.4665 -0.8840
vn 0.1878 -0.1263 0.9740
vn -0.0315 0.5562 -0.8305
vn -0.0000 0.5564 -0.8309
vn -0.1878 -0.1263 0.9740
vn -0.0000 -0.1267 0.9919
vn 0.0314 0.5562 -0.8305
vn 0.3782 0.9166 -0.1298
vn 0.7977 0.5808 -0.1624
vn 0.7043 0.6695 -0.2360
vn -0.7336 0.5737 0.3642
vn -0.2790 0.9476 0.1556
vn -0.4736 -0.8101 0.3455
vn -0.4739 -0.8453 0.2467
vn -0.4957 -0.8019 0.3334
vn 0.8125 -0.5457 -0.2049
vn 0.8739 -0.4438 -0.1984
vn 0.7336 0.5737 0.3642
vn -0.1041 0.9741 0.2006
vn 0.7855 0.4585 0.4157
vn -0.3783 0.9166 -0.1298
vn -0.7978 0.5789 -0.1687
vn -0.8125 -0.5457 -0.2049
vn -0.7044 0.6695 -0.2359
vn 0.4736 -0.8101 0.3455
vn 0.4739 -0.8453 0.2467
vn 0.4700 -0.8092 0.3525
vn -0.7854 0.4586 0.4157
vn -0.4702 -0.8704 0.1461
vn -0.4180 -0.9067 -0.0555
vn 0.9654 -0.2591 0.0291
vn 0.8563 0.4445 0.2631
vn -0.8178 0.4837 0.3119
vn -0.8739 -0.4438 -0.1984
vn 0.4702 -0.8704 0.1461
vn 0.3305 -0.8229 0.4621
vn 0.2689 -0.8386 0.4738
vn 0.2642 -0.8396 0.4746
vn -0.3454 -0.7698 -0.5368
vn -0.2087 -0.6087 -0.7654
vn -0.3645 -0.7889 -0.4947
vn 0.1645 -0.9415 0.2940
vn 0.1718 -0.9411 0.2913
vn 0.1732 -0.9410 0.2908
vn 0.1764 -0.9405 0.2905
vn 0.2003 -0.9383 0.2817
vn 0.2035 -0.9380 0.2806
vn 0.4748 0.5727 0.6683
vn 0.4090 0.5227 0.7480
vn 0.3940 0.5109 0.7641
vn -0.0149 -0.9997 -0.0171
vn 0.3454 -0.7698 -0.5368
vn 0.2087 -0.6087 -0.7654
vn 0.1790 -0.5695 -0.8022
vn -0.3305 -0.8229 0.4621
vn -0.2689 -0.8386 0.4738
vn -0.3361 -0.8213 0.4610
vn -0.1645 -0.9415 0.2940
vn -0.1718 -0.9411 0.2913
vn -0.1632 -0.9416 0.2945
vn -0.1764 -0.9405 0.2905
vn -0.2003 -0.9383 0.2817
vn -0.1736 -0.9407 0.2915
vn 0.0149 -0.9997 -0.0171
vn -0.4748 0.5727 0.6683
vn -0.4090 0.5227 0.7480
vn -0.4831 0.5787 0.6570
vn -0.0861 -0.5902 -0.8027
vn -0.0873 -0.5886 -0.8037
vn -0.0899 -0.5850 -0.8061
vn 0.0861 -0.5902 -0.8027
vn 0.0873 -0.5886 -0.8037
vn 0.0836 -0.5935 -0.8005
vn 0.2957 0.5583 0.7751
vn 0.2997 0.5513 0.7786
vn 0.2887 0.5703 0.7691
vn -0.2957 0.5583 0.7751
vn -0.2998 0.5513 0.7786
vn -0.3070 0.5385 0.7847
vn 0.0942 0.1947 -0.9763
vn 0.1268 0.9761 -0.1768
vn -0.0000 0.9441 -0.3296
vn 0.9999 0.0054 -0.0098
vn 1.0000 -0.0037 0.0032
vn -0.0942 0.1947 -0.9763
vn -0.0000 0.2051 -0.9787
vn -0.9999 0.0054 -0.0098
vn -0.1268 0.9761 -0.1768
vn -0.2369 -0.8903 0.3889
vn 0.2630 0.9456 -0.1916
vn 0.0002 0.9982 0.0595
vn 0.9906 0.0233 -0.1347
vn 0.9939 0.0248 -0.1071
vn 0.2369 -0.8903 0.3889
vn -0.0000 -0.9835 0.1809
vn -0.9906 0.0234 -0.1347
vn -0.9995 0.0046 -0.0315
vn -0.2630 0.9456 -0.1916
vn -0.0000 -0.2985 -0.9544
vn -0.0005 -0.3687 -0.9296
vn 0.0022 -0.3836 -0.9235
vn -0.0000 -0.9655 -0.2605
vn -0.1080 -0.9890 -0.1011
vn -0.0982 -0.9931 -0.0645
vn 0.9932 0.0373 -0.1101
vn 0.9989 0.0066 -0.0468
vn -0.0783 0.9713 -0.2244
vn 0.0002 0.9876 -0.1570
vn 0.0783 0.9713 -0.2244
vn 0.1080 -0.9890 -0.1011
vn -0.0000 -0.9537 -0.3008
vn 0.0005 -0.3687 -0.9296
vn -0.0000 -0.2817 -0.9595
vn -0.9933 0.0373 -0.1098
vn -0.9939 0.0248 -0.1071
vn -1.0000 -0.0037 0.0032
vn -0.9989 0.0064 -0.0461
vn 0.6667 -0.0098 -0.7452
vn 0.8610 0.5043 -0.0661
vn -0.9212 0.2154 -0.3240
vn -0.8520 -0.0508 -0.5211
vn -0.0684 -0.8115 0.5803
vn 0.0516 0.8458 0.5310
vn -0.6480 0.4058 -0.6446
vn 0.6353 -0.2135 -0.7422
vn 0.4520 0.8170 -0.3580
vn 0.5661 -0.6407 0.5186
vn -0.6110 0.1911 -0.7682
vn 0.5959 -0.1714 0.7846
vn -0.0831 -0.8092 0.5816
vn 0.5863 -0.8019 -0.1147
vn -0.4195 0.4445 0.7915
vn -0.6621 -0.2591 0.7032
vn 0.2564 -0.9067 -0.3348
vn 0.5636 -0.8213 0.0883
vn -0.6938 -0.5695 -0.4407
vn 0.3236 -0.9416 0.0928
vn 0.3289 -0.9407 0.0834
vn 0.8062 0.5787 0.1230
vn -0.0921 -0.7889 -0.6075
vn 0.1488 -0.8396 0.5224
vn 0.0832 -0.9410 0.3281
vn 0.0545 -0.9380 0.3423
vn 0.2617 0.5108 0.8189
vn -0.6252 -0.5935 -0.5069
vn -0.5064 -0.5850 -0.6335
vn 0.7720 0.5385 0.3378
vn 0.3397 0.5702 0.7480
vn 0.0238 -0.9931 -0.1151
vn -0.6545 -0.3837 -0.6515
vn -0.0555 -0.0098 -0.9984
vn 0.5621 0.5043 -0.6556
vn -0.8805 0.2154 0.4223
vn -0.9709 -0.0508 0.2340
vn 0.3620 -0.8115 0.4587
vn 0.4120 0.8458 0.3390
vn -0.9140 0.4057 0.0024
vn -0.0756 -0.2135 -0.9740
vn 0.0665 0.8170 -0.5728
vn 0.7670 -0.6407 -0.0336
vn -0.9753 0.1911 -0.1111
vn 0.9761 -0.1714 0.1334
vn 0.3525 -0.8092 0.4700
vn 0.3334 -0.8019 -0.4957
vn 0.2631 0.4445 0.8563
vn 0.0291 -0.2591 0.9654
vn -0.0555 -0.9067 -0.4180
vn 0.4610 -0.8213 -0.3361
vn -0.8022 -0.5695 0.1790
vn 0.2945 -0.9416 -0.1632
vn 0.2915 -0.9407 -0.1736
vn 0.6570 0.5788 -0.4831
vn -0.4947 -0.7889 -0.3645
vn 0.4746 -0.8396 0.2642
vn 0.2908 -0.9410 0.1732
vn 0.2806 -0.9380 0.2035
vn 0.7641 0.5109 0.3940
vn -0.8005 -0.5935 0.0837
vn -0.8061 -0.5850 -0.0899
vn 0.7847 0.5385 -0.3070
vn 0.7691 0.5702 0.2887
vn -0.0645 -0.9931 -0.0982
vn -0.9235 -0.3837 0.0022
vn -0.7452 -0.0098 -0.6667
vn -0.0661 0.5042 -0.8610
vn -0.3240 0.2154 0.9212
vn -0.5211 -0.0508 0.8520
vn 0.5803 -0.8115 0.0684
vn 0.5310 0.8458 -0.0516
vn -0.6446 0.4057 0.6480
vn -0.7422 -0.2135 -0.6353
vn -0.3580 0.8170 -0.4520
vn 0.5186 -0.6407 -0.5661
vn -0.7682 0.1911 0.6110
vn 0.7846 -0.1714 -0.5959
vn 0.5816 -0.8092 0.0831
vn -0.1147 -0.8019 -0.5863
vn 0.7915 0.4445 0.4195
vn 0.7032 -0.2591 0.6621
vn -0.3348 -0.9067 -0.2564
vn 0.0883 -0.8213 -0.5636
vn -0.4407 -0.5695 0.6938
vn 0.0929 -0.9416 -0.3236
vn 0.0834 -0.9407 -0.3289
vn 0.1230 0.5787 -0.8062
vn -0.6076 -0.7889 0.0920
vn 0.5224 -0.8396 -0.1488
vn 0.3281 -0.9410 -0.0832
vn 0.3423 -0.9380 -0.0545
vn 0.8189 0.5109 -0.2617
vn -0.5069 -0.5935 0.6252
vn -0.6336 -0.5850 0.5064
vn 0.3378 0.5385 -0.7720
vn 0.7480 0.5703 -0.3397
vn -0.1151 -0.9931 -0.0238
vn -0.6514 -0.3837 0.6545
vn -0.9984 -0.0098 0.0556
vn -0.6556 0.5043 -0.5621
vn 0.4223 0.2154 0.8805
vn 0.2340 -0.0508 0.9709
vn 0.4587 -0.8115 -0.3620
vn 0.3390 0.8458 -0.4120
vn 0.0024 0.4057 0.9140
vn -0.9740 -0.2135 0.0756
vn -0.5728 0.8170 -0.0665
vn -0.0336 -0.6407 -0.7670
vn -0.1111 0.1911 0.9753
vn 0.1334 -0.1714 -0.9761
vn 0.4700 -0.8092 -0.3525
vn -0.4957 -0.8019 -0.3334
vn 0.8563 0.4445 -0.2630
vn 0.9654 -0.2591 -0.0291
vn -0.4180 -0.9067 0.0555
vn -0.3360 -0.8213 -0.4610
vn 0.1790 -0.5695 0.8022
vn -0.1632 -0.9416 -0.2945
vn -0.1736 -0.9407 -0.2915
vn -0.4830 0.5787 -0.6571
vn -0.3645 -0.7889 0.4947
vn 0.2642 -0.8396 -0.4746
vn 0.1732 -0.9410 -0.2908
vn 0.2035 -0.9380 -0.2806
vn 0.3940 0.5109 -0.7641
vn 0.0836 -0.5935 0.8005
vn -0.0899 -0.5850 0.8061
vn -0.3070 0.5385 -0.7847
vn 0.2887 0.5703 -0.7691
vn -0.0982 -0.9931 0.0645
vn 0.0022 -0.3837 0.9235
vn -0.6667 -0.0098 0.7452
vn -0.8610 0.5043 0.0661
vn 0.9212 0.2154 0.3240
vn 0.8520 -0.0508 0.5211
vn 0.0684 -0.8115 -0.5803
vn -0.0516 0.8458 -0.5310
vn 0.6480 0.4058 0.6446
vn -0.6353 -0.2135 0.7422
vn -0.4520 0.8170 0.3580
vn -0.5661 -0.6407 -0.5186
vn 0.6110 0.1911 0.7682
vn -0.5959 -0.1714 -0.7846
vn 0.0831 -0.8092 -0.5816
vn -0.5863 -0.8019 0.1147
vn 0.4195 0.4445 -0.7915
vn 0.6621 -0.2591 -0.7032
vn -0.2564 -0.9067 0.3348
vn -0.5636 -0.8213 -0.0883
vn 0.6938 -0.5696 0.4407
vn -0.3236 -0.9416 -0.0928
vn -0.3289 -0.9407 -0.0834
vn -0.8062 0.5788 -0.1230
vn 0.0921 -0.7889 0.6076
vn -0.1488 -0.8396 -0.5224
vn -0.0832 -0.9410 -0.3281
vn -0.0545 -0.9380 -0.3423
vn -0.2617 0.5108 -0.8189
vn 0.6252 -0.5935 0.5069
vn 0.5064 -0.5850 0.6336
vn -0.7720 0.5385 -0.3378
vn -0.3397 0.5702 -0.7480
vn -0.0238 -0.9931 0.1150
vn 0.6545 -0.3836 0.6515
vn 0.0555 -0.0098 0.9984
vn -0.5621 0.5042 0.6556
vn 0.8805 0.2154 -0.4223
vn 0.9709 -0.0508 -0.2340
vn -0.3620 -0.8115 -0.4588
vn -0.4120 0.8458 -0.3390
vn 0.9140 0.4057 -0.0024
vn 0.0756 -0.2135 0.9740
vn -0.0665 0.8170 0.5728
vn -0.7670 -0.6407 0.0336
vn 0.9753 0.1911 0.1111
vn -0.9761 -0.1714 -0.1334
vn -0.3525 -0.8092 -0.4700
vn -0.3334 -0.8019 0.4957
vn -0.2630 0.4445 -0.8563
vn -0.0291 -0.2591 -0.9654
vn 0.0555 -0.9067 0.4180
vn -0.4610 -0.8213 0.3361
vn 0.8022 -0.5695 -0.1790
vn -0.2945 -0.9416 0.1632
vn -0.2915 -0.9407 0.1736
vn -0.6571 0.5787 0.4830
vn 0.4947 -0.7889 0.3645
vn -0.4746 -0.8396 -0.2642
vn -0.2908 -0.9410 -0.1731
vn -0.2806 -0.9380 -0.2035
vn -0.7641 0.5109 -0.3940
vn 0.8005 -0.5935 -0.0836
vn 0.8061 -0.5850 0.0899
vn -0.7847 0.5384 0.3070
vn -0.7691 0.5703 -0.2887
vn 0.0645 -0.9931 0.0982
vn 0.9235 -0.3837 -0.0022
vn 0.7452 -0.0098 0.6667
vn 0.0661 0.5043 0.8610
vn 0.3240 0.2154 -0.9212
vn 0.5211 -0.0508 -0.8520
vn -0.5803 -0.8115 -0.0684
vn -0.5310 0.8458 0.0516
vn 0.6446 0.4057 -0.6480
vn 0.7422 -0.2135 0.6353
vn 0.3580 0.8170 0.4520
vn -0.5186 -0.6407 0.5661
vn 0.7682 0.1911 -0.6110
vn -0.7846 -0.1714 0.5959
vn -0.5816 -0.8092 -0.0831
vn 0.1147 -0.8019 0.5863
vn -0.7915 0.4445 -0.4195
vn -0.7032 -0.2591 -0.6621
vn 0.3348 -0.9067 0.2564
vn -0.0883 -0.8213 0.5636
vn 0.4407 -0.5695 -0.6938
vn -0.0929 -0.9416 0.3236
vn -0.0834 -0.9407 0.3289
vn -0.1230 0.5787 0.8062
vn 0.6076 -0.7889 -0.0921
vn -0.5224 -0.8396 0.1488
vn -0.3281 -0.9410 0.0832
vn -0.3423 -0.9380 0.0545
vn -0.8189 0.5109 0.2617
vn 0.5069 -0.5935 -0.6252
vn 0.6335 -0.5850 -0.5064
vn -0.3378 0.5384 0.7720
vn -0.7480 0.5702 0.3397
vn 0.1151 -0.9931 0.0238
vn 0.6515 -0.3837 -0.6545
vn 0.9984 -0.0098 -0.0555
vn 0.6556 0.5043 0.5621
vn -0.4223 0.2154 -0.8805
vn -0.2340 -0.0508 -0.9709
vn -0.4587 -0.8115 0.3620
vn -0.3390 0.8458 0.4120
vn -0.0024 0.4057 -0.9140
vn 0.9740 -0.2135 -0.0756
vn 0.5728 0.8170 0.0665
vn 0.0336 -0.6407 0.7670
vn 0.1111 0.1911 -0.9753
vn -0.1334 -0.1714 0.9761
vn -0.4700 -0.8092 0.3525
vn 0.4957 -0.8019 0.3334
vn -0.8563 0.4445 0.2631
vn -0.9654 -0.2591 0.0291
vn 0.4180 -0.9067 -0.0555
vn 0.3361 -0.8213 0.4610
vn -0.1790 -0.5695 -0.8022
vn 0.1632 -0.9416 0.2945
vn 0.1736 -0.9407 0.2915
vn 0.4831 0.5787 0.6570
vn 0.3645 -0.7889 -0.4947
vn -0.2642 -0.8396 0.4746
vn -0.1732 -0.9410 0.2908
vn -0.2035 -0.9380 0.2806
vn -0.3940 0.5109 0.7641
vn -0.0836 -0.5935 -0.8005
vn 0.0899 -0.5850 -0.8061
vn 0.3070 0.5385 0.7847
vn -0.2887 0.5703 0.7691
vn 0.0982 -0.9931 -0.0645
vn -0.0022 -0.3837 -0.9235
vt 0.063206 0.106828
vt 0.114697 0.121108
vt 0.116410 0.100344
vt 0.153581 0.117849
vt 0.018240 0.136684
vt 0.025178 0.156268
vt 0.047476 0.160584
vt 0.078076 0.155274
vt 0.116410 0.151062
vt 0.140619 0.156057
vt 0.292652 0.118213
vt 0.279527 0.098886
vt 0.280415 0.098581
vt 0.377247 0.098263
vt 0.414418 0.116457
vt 0.375535 0.119845
vt 0.295436 0.130879
vt 0.286015 0.156388
vt 0.277325 0.136586
vt 0.338913 0.155355
vt 0.323924 0.126060
vt 0.401456 0.156169
vt 0.377247 0.150977
vt 0.168942 0.168441
vt 0.196442 0.128479
vt 0.454563 0.094178
vt 0.439211 0.080344
vt 0.450861 0.080651
vt 0.429779 0.169040
vt 0.063086 0.127088
vt 0.308313 0.160874
vt 0.212795 0.146855
vt 0.473632 0.146605
vt 0.450804 0.174953
vt 0.189967 0.174130
vt 0.220317 0.151945
vt 0.481154 0.151895
vt 0.475321 0.181976
vt 0.241597 0.180495
vt 0.231893 0.150116
vt 0.502434 0.181568
vt 0.256455 0.174177
vt 0.234536 0.146317
vt 0.492731 0.149994
vt 0.517293 0.175002
vt 0.258298 0.146946
vt 0.240218 0.139608
vt 0.495373 0.146045
vt 0.519135 0.146699
vt 0.257200 0.133524
vt 0.240218 0.134889
vt 0.501055 0.139073
vt 0.518037 0.132749
vt 0.252465 0.127836
vt 0.243030 0.128974
vt 0.501055 0.134168
vt 0.513302 0.126838
vt 0.461549 0.101466
vt 0.420553 0.085160
vt 0.462652 0.100904
vt 0.240376 0.139539
vt 0.233103 0.147783
vt 0.240302 0.139550
vt 0.501213 0.139000
vt 0.493940 0.147569
vt 0.493930 0.147884
vt 0.199821 0.104394
vt 0.197243 0.109251
vt 0.504704 0.125449
vt 0.503867 0.128020
vt 0.115211 0.153606
vt 0.074557 0.158775
vt 0.042106 0.165291
vt 0.018459 0.159995
vt 0.017127 0.138617
vt 0.015652 0.137146
vt 0.063312 0.002366
vt 0.054316 0.002366
vt 0.063714 0.002366
vt 0.059421 0.100400
vt 0.060887 0.099028
vt 0.115211 0.091366
vt 0.504550 0.025319
vt 0.532607 0.030595
vt 0.504284 0.018211
vt 0.200085 0.125894
vt 0.217428 0.148443
vt 0.534586 0.040516
vt 0.553632 0.036284
vt 0.225405 0.154690
vt 0.556883 0.047498
vt 0.578148 0.043041
vt 0.229754 0.152446
vt 0.582883 0.055790
vt 0.605262 0.042649
vt 0.277620 0.183138
vt 0.274737 0.177616
vt 0.269586 0.180766
vt 0.263214 0.148555
vt 0.501140 0.139013
vt 0.501140 0.132994
vt 0.516659 0.123998
vt 0.416352 0.087182
vt 0.419942 0.089626
vt 0.276654 0.123096
vt 0.276259 0.103722
vt 0.281241 0.103685
vt 0.279296 0.160262
vt 0.302943 0.165767
vt 0.335394 0.158993
vt 0.376048 0.153622
vt 0.529091 0.014510
vt 0.501034 0.009027
vt 0.500768 0.001639
vt 0.531070 0.024822
vt 0.550116 0.020423
vt 0.553367 0.032079
vt 0.574633 0.027446
vt 0.579367 0.040697
vt 0.601746 0.027038
vt 0.602200 0.040196
vt 0.538457 0.184315
vt 0.535574 0.178576
vt 0.542002 0.181499
vt 0.524051 0.148372
vt 0.522659 0.131253
vt 0.486242 0.154748
vt 0.478265 0.148256
vt 0.460922 0.124819
vt 0.457279 0.127506
vt 0.460547 0.102690
vt 0.240302 0.133759
vt 0.243867 0.126500
vt 0.255822 0.125104
vt 0.420448 0.085933
vt 0.375818 0.087137
vt 0.058515 0.098861
vt 0.114980 0.089639
vt 0.057926 0.097861
vt 0.319625 0.097204
vt 0.318763 0.095683
vt 0.294481 0.105025
vt 0.293329 0.103774
vt 0.032491 0.105645
vt 0.014751 0.109826
vt 0.033644 0.106849
vt 0.275588 0.108119
vt 0.274228 0.106985
vt 0.007772 0.136492
vt 0.009243 0.136614
vt 0.268610 0.135834
vt 0.572715 0.056012
vt 0.547901 0.049262
vt 0.572000 0.058347
vt 0.540313 0.044223
vt 0.515500 0.037207
vt 0.512837 0.033442
vt 0.041023 0.166241
vt 0.301860 0.166753
vt 0.277947 0.161039
vt 0.073826 0.159502
vt 0.334664 0.159749
vt 0.114957 0.154145
vt 0.375794 0.154182
vt 0.140885 0.159736
vt 0.401722 0.159993
vt 0.401778 0.160796
vt 0.504605 0.026092
vt 0.501090 0.009830
vt 0.531468 0.026179
vt 0.534984 0.041822
vt 0.554003 0.033660
vt 0.557518 0.049020
vt 0.580257 0.042518
vt 0.583773 0.057542
vt 0.605716 0.055309
vt 0.603325 0.041984
vt 0.243176 0.191446
vt 0.260879 0.181973
vt 0.242051 0.189726
vt 0.504013 0.192950
vt 0.521716 0.183104
vt 0.523062 0.184637
vt 0.264681 0.148881
vt 0.525518 0.148710
vt 0.263275 0.131792
vt 0.261822 0.132084
vt 0.524112 0.130949
vt 0.240373 0.133526
vt 0.233093 0.148086
vt 0.490591 0.152415
vt 0.490539 0.152915
vt 0.226454 0.155256
vt 0.487292 0.155336
vt 0.218394 0.148775
vt 0.479231 0.148600
vt 0.200847 0.125353
vt 0.461684 0.124257
vt 0.200818 0.105531
vt 0.501211 0.132752
vt 0.244286 0.125995
vt 0.505123 0.124924
vt 0.257202 0.124552
vt 0.518039 0.123424
vt 0.158137 0.098837
vt 0.170270 0.092207
vt 0.167333 0.091004
vt 0.193441 0.104494
vt 0.168772 0.098415
vt 0.429609 0.096259
vt 0.430392 0.084853
vt 0.432933 0.086093
vt 0.454278 0.102577
vt 0.458080 0.107521
vt 0.456524 0.093927
vt 0.155457 0.089684
vt 0.159613 0.088465
vt 0.159098 0.092081
vt 0.200687 0.103472
vt 0.165233 0.091295
vt 0.195329 0.100570
vt 0.461648 0.103850
vt 0.187974 0.091931
vt 0.176461 0.088885
vt 0.169186 0.032016
vt 0.177266 0.047416
vt 0.167108 0.028206
vt 0.456513 0.004025
vt 0.475687 0.004025
vt 0.461493 0.004025
vt 0.171891 0.084077
vt 0.177516 0.083856
vt 0.215829 0.067665
vt 0.218655 0.070756
vt 0.195450 0.090601
vt 0.222086 0.074470
vt 0.224581 0.077099
vt 0.425849 0.088788
vt 0.433850 0.079107
vt 0.437999 0.078863
vt 0.444521 0.046256
vt 0.455861 0.098400
vt 0.455027 0.080016
vt 0.450462 0.079475
vt 0.456062 0.047196
vt 0.451447 0.046453
vt 0.216535 0.067040
vt 0.221356 0.067799
vt 0.230155 0.069174
vt 0.234390 0.069792
vt 0.216059 0.067875
vt 0.171574 0.086291
vt 0.218670 0.070627
vt 0.216884 0.067088
vt 0.194552 0.092282
vt 0.221843 0.074000
vt 0.224689 0.077107
vt 0.229677 0.068983
vt 0.194027 0.044998
vt 0.216336 0.065378
vt 0.190751 0.047861
vt 0.185191 0.042486
vt 0.187169 0.039483
vt 0.181231 0.040900
vt 0.198612 0.040348
vt 0.230163 0.065565
vt 0.196377 0.043046
vt 0.187231 0.038245
vt 0.188618 0.035296
vt 0.177060 0.032963
vt 0.175121 0.029400
vt 0.193642 0.045245
vt 0.216658 0.065379
vt 0.221434 0.065403
vt 0.185232 0.042392
vt 0.190892 0.047718
vt 0.181194 0.040964
vt 0.182967 0.044248
vt 0.198609 0.040288
vt 0.229887 0.066206
vt 0.234627 0.065524
vt 0.186802 0.039026
vt 0.195869 0.043525
vt 0.188598 0.035253
vt 0.177164 0.033475
vt 0.183124 0.044521
vt 0.175479 0.043990
vt 0.175267 0.043738
vt 0.177060 0.047056
vt 0.175034 0.029371
vt 0.169165 0.032397
vt 0.220975 0.064601
vt 0.234557 0.065579
vt 0.234477 0.069746
vt 0.444844 0.046921
vt 0.449612 0.047619
vt 0.451858 0.030315
vt 0.456548 0.031371
vt 0.448538 0.046191
vt 0.451599 0.030218
vt 0.456788 0.029880
vt 0.455021 0.080468
vt 0.451984 0.047734
vt 0.456059 0.047646
vt 0.457090 0.029400
vt 0.460836 0.030422
vt 0.458039 0.022933
vt 0.454821 0.030170
vt 0.452858 0.021809
vt 0.460839 0.030358
vt 0.459599 0.021833
vt 0.460381 0.022022
vt 0.464758 0.022008
vt 0.459055 0.016342
vt 0.464223 0.016455
vt 0.456834 0.022347
vt 0.458782 0.016254
vt 0.464761 0.021949
vt 0.464106 0.016266
vt 0.465078 0.016462
vt 0.469419 0.016450
vt 0.463196 0.008531
vt 0.461965 0.008531
vt 0.457860 0.008531
vt 0.469421 0.016396
vt 0.471951 0.008531
vt 0.472470 0.008531
vt 0.477002 0.008531
vt 0.458396 0.008531
vt 0.460074 0.004025
vt 0.455795 0.004025
vt 0.477006 0.008531
vt 0.475228 0.004025
vt 0.480890 0.004025
vt 0.190997 0.087983
vt 0.434452 0.079783
vt 0.185151 0.040604
vt 0.166969 0.028159
vt 0.221393 0.067754
vt 0.453187 0.021904
vt 0.462887 0.016249
vt 0.480897 0.004025
vt 0.195984 0.103315
vt 0.159716 0.087737
vt 0.376048 0.088933
vt 0.418975 0.096697
vt 0.201814 0.102884
vt 0.034599 0.131724
vt 0.056979 0.115572
vt 0.031815 0.119538
vt 0.058305 0.099951
vt 0.013270 0.105571
vt 0.014521 0.105404
vt 0.317816 0.114090
vt 0.270254 0.122561
vt 0.275339 0.105795
vt 0.270080 0.135961
vt 0.056381 0.100044
vt 0.054686 0.098839
vt 0.036141 0.103484
vt 0.074289 0.002366
vt 0.077170 0.002366
vt 0.015042 0.124174
vt 0.017481 0.123747
vt 0.019683 0.105000
vt 0.022325 0.105306
vt 0.021959 0.083384
vt 0.053677 0.092634
vt 0.050679 0.092543
vt 0.044688 0.081387
vt 0.018080 0.100223
vt 0.021384 0.083151
vt 0.023893 0.083234
vt 0.056539 0.097341
vt 0.044036 0.081950
vt 0.046670 0.021401
vt 0.053285 0.015844
vt 0.056396 0.017138
vt 0.046519 0.021310
vt 0.053248 0.015828
vt 0.044767 0.019757
vt 0.054709 0.023596
vt 0.061292 0.019176
vt 0.056810 0.024784
vt 0.055238 0.023825
vt 0.061630 0.019316
vt 0.059609 0.018002
vt 0.054435 0.012231
vt 0.054261 0.012209
vt 0.051764 0.012515
vt 0.064537 0.012688
vt 0.066552 0.013987
vt 0.065332 0.012618
vt 0.052280 0.008022
vt 0.054844 0.008062
vt 0.052186 0.008024
vt 0.070253 0.006513
vt 0.072444 0.007650
vt 0.073295 0.007634
vt 0.071364 0.006325
vt 0.054514 0.002366
vt 0.051843 0.002366
vt 0.073149 0.002366
vt 0.076149 0.002366
vt 0.009417 0.123721
vt 0.030971 0.098256
vt 0.030270 0.082478
vt 0.015514 0.101760
vt 0.024579 0.083294
vt 0.042274 0.082372
vt 0.033569 0.082758
vt 0.046336 0.081660
vt 0.049484 0.021720
vt 0.044823 0.019780
vt 0.050653 0.022206
vt 0.056103 0.017016
vt 0.059302 0.017911
vt 0.057176 0.017463
vt 0.057335 0.024970
vt 0.057551 0.013091
vt 0.051832 0.012522
vt 0.058985 0.013234
vt 0.067173 0.014048
vt 0.060114 0.007878
vt 0.054657 0.008052
vt 0.062079 0.007841
vt 0.061356 0.002366
vt 0.051955 0.002366
vt 0.057069 0.100636
vt 0.061742 0.002366
vt 0.018900 0.060533
vt 0.016641 0.059067
vt 0.019429 0.059364
vt 0.016183 0.061280
vt 0.016166 0.060137
vt 0.016576 0.059069
vt 0.018741 0.060497
vt 0.019242 0.059361
vt 0.016144 0.061286
vt 0.016107 0.060142
vt 0.030941 0.058696
vt 0.028504 0.057409
vt 0.031368 0.057587
vt 0.028286 0.059690
vt 0.028026 0.058562
vt 0.029124 0.057338
vt 0.031571 0.058634
vt 0.031991 0.057523
vt 0.028951 0.059620
vt 0.028655 0.058496
vt 0.018905 0.061760
vt 0.018778 0.061688
vt 0.031240 0.059833
vt 0.031894 0.059768
vt 0.021947 0.060630
vt 0.023311 0.060500
vt 0.021219 0.058461
vt 0.022698 0.058316
vt 0.021582 0.059546
vt 0.023005 0.059408
vt 0.325821 0.104778
vt 0.234248 0.044447
vt 0.230721 0.025850
vt 0.231133 0.028020
vt 0.323523 0.104086
vt 0.292870 0.083127
vt 0.293385 0.081082
vt 0.267421 0.081530
vt 0.276343 0.096393
vt 0.255265 0.088101
vt 0.254307 0.090045
vt 0.278657 0.095108
vt 0.251296 0.051744
vt 0.255482 0.085911
vt 0.252834 0.086488
vt 0.253922 0.051046
vt 0.246686 0.043426
vt 0.248068 0.040738
vt 0.241030 0.042358
vt 0.250414 0.052376
vt 0.254216 0.086875
vt 0.252827 0.052043
vt 0.246405 0.044156
vt 0.240615 0.044204
vt 0.241605 0.046097
vt 0.258329 0.045973
vt 0.263824 0.079377
vt 0.260843 0.044902
vt 0.249725 0.035526
vt 0.248111 0.037315
vt 0.240439 0.029878
vt 0.238993 0.031799
vt 0.258868 0.045578
vt 0.264316 0.079057
vt 0.261881 0.079590
vt 0.249862 0.035171
vt 0.261271 0.044595
vt 0.248244 0.036843
vt 0.240391 0.029211
vt 0.237850 0.045241
vt 0.236981 0.042866
vt 0.237970 0.046914
vt 0.235647 0.029475
vt 0.235387 0.028424
vt 0.236495 0.026390
vt 0.234663 0.046631
vt 0.235103 0.048954
vt 0.230894 0.026763
vt 0.231347 0.029148
vt 0.267116 0.083728
vt 0.265308 0.080835
vt 0.255812 0.086756
vt 0.255380 0.089356
vt 0.253582 0.088281
vt 0.256671 0.087238
vt 0.277759 0.095121
vt 0.254540 0.087620
vt 0.251817 0.087141
vt 0.252542 0.088936
vt 0.264806 0.081156
vt 0.261266 0.080033
vt 0.262884 0.082947
vt 0.266318 0.084144
vt 0.266907 0.081866
vt 0.290124 0.084012
vt 0.292705 0.081693
vt 0.279945 0.093157
vt 0.324032 0.106968
vt 0.294025 0.082684
vt 0.247668 0.041152
vt 0.241506 0.044722
vt 0.238772 0.030852
vt 0.236668 0.045180
vt 0.236554 0.027201
vt 0.234746 0.047069
vt 0.263556 0.082582
vt 0.274721 0.106489
vt 0.586558 0.096981
vt 0.582124 0.092735
vt 0.580808 0.091162
vt 0.587070 0.101926
vt 0.571182 0.106249
vt 0.589224 0.105000
vt 0.571220 0.103016
vt 0.554157 0.086804
vt 0.549722 0.082392
vt 0.556243 0.089278
vt 0.538818 0.093077
vt 0.548406 0.080757
vt 0.554668 0.091944
vt 0.538781 0.096437
vt 0.578620 0.089211
vt 0.577484 0.088031
vt 0.563324 0.090683
vt 0.564072 0.089328
vt 0.546218 0.078729
vt 0.545082 0.077502
vt 0.530922 0.080259
vt 0.531670 0.078850
vt 0.573567 0.070624
vt 0.572948 0.071304
vt 0.562505 0.071689
vt 0.563248 0.072242
vt 0.541166 0.059410
vt 0.540546 0.060117
vt 0.530103 0.060517
vt 0.530846 0.061092
vt 0.573330 0.066697
vt 0.556772 0.060454
vt 0.555255 0.058283
vt 0.540929 0.055329
vt 0.541734 0.053992
vt 0.524370 0.048840
vt 0.574135 0.065410
vt 0.545239 0.045639
vt 0.539598 0.046651
vt 0.522854 0.046584
vt 0.261667 0.182574
vt 0.267851 0.187941
vt 0.271177 0.181810
vt 0.266440 0.175445
vt 0.528688 0.189307
vt 0.532014 0.182935
vt 0.502888 0.191162
vt 0.522504 0.183729
vt 0.527277 0.176319
vt 0.281165 0.180429
vt 0.530423 0.181850
vt 0.507285 0.018219
vt 0.535608 0.030603
vt 0.556633 0.036292
vt 0.581149 0.043049
vt 0.608263 0.042657
vt 0.608717 0.051887
vt 0.503769 0.001647
vt 0.504035 0.005471
vt 0.532092 0.014518
vt 0.553117 0.020432
vt 0.577634 0.027455
vt 0.604748 0.027047
vt 0.507606 0.022670
vt 0.507551 0.021898
vt 0.504091 0.006274
vt 0.609842 0.053608
vt 0.606841 0.057029
vt 0.606326 0.038428
vt 0.605201 0.036640
vt 0.012231 0.152755
vt 0.017110 0.160743
vt 0.015891 0.159709
vt 0.015474 0.160140
vt 0.273068 0.152737
vt 0.272780 0.153314
vt 0.276728 0.159964
vt 0.591157 0.098926
vt 0.588644 0.099361
vt 0.594149 0.103811
vt 0.593923 0.104480
vt 0.558755 0.088826
vt 0.558841 0.089697
vt 0.561747 0.093903
vt 0.556823 0.095139
vt 0.011943 0.153310
vt 0.012736 0.155485
vt 0.593840 0.100168
vt 0.594094 0.100168
vt 0.595672 0.104216
vt 0.276312 0.160412
vt 0.275150 0.159781
vt 0.563045 0.094424
vt 0.563270 0.094324
vt 0.595446 0.104312
vt 0.014313 0.159533
vt 0.014088 0.159628
vt 0.561439 0.090117
vt 0.273573 0.155574
vt 0.273319 0.155574
vt 0.561692 0.090117
vt 0.214483 0.180887
vt 0.013391 0.108735
vt 0.140940 0.160509
vt 0.262225 0.183448
vt 0.229702 0.152926
vt 0.591242 0.099765
vt 0.561521 0.094599
vt 0.012482 0.155485
vt 0.274925 0.159881
s 1
usemtl m_carousel
f 14/1/1 18/2/2 16/3/3
f 23/4/4 16/3/3 18/2/2
f 300/5/5 12/6/6 28/7/7
f 18/2/2 10/8/8 8/9/9
f 22/10/10 18/2/2 8/9/9
f 282/11/11 474/12/12 473/13/13
f 15/14/14 26/15/15 20/16/16
f 30/17/17 11/18/18 13/19/19
f 20/16/16 9/20/20 19/21/21
f 20/16/16 21/22/22 7/23/23
f 23/4/4 6/24/24 4/25/25
f 232/26/26 220/27/27 233/28/28
f 26/15/15 5/29/29 21/22/22
f 17/30/30 28/7/7 10/8/8
f 27/31/31 19/21/21 9/20/20
f 6/24/24 32/32/32 4/25/25
f 5/29/29 31/33/33 34/34/34
f 33/35/35 36/36/36 32/32/32
f 34/34/34 35/37/37 38/38/38
f 36/36/36 41/39/39 40/40/40
f 35/37/37 42/41/41 38/38/38
f 40/40/40 45/42/42 44/43/43
f 39/44/44 46/45/45 42/41/41
f 44/43/43 49/46/46 48/47/47
f 43/48/48 50/49/49 46/45/45
f 48/47/47 53/50/50 52/51/51
f 47/52/52 54/53/53 50/49/49
f 52/51/51 57/54/54 56/55/55
f 51/56/56 58/57/57 54/53/53
f 152/58/58 60/59/59 59/60/60
f 103/61/61 105/62/62 104/63/63
f 103/64/61 107/65/64 106/66/65
f 4/25/25 139/67/66 2/68/67
f 123/69/68 58/57/57 55/70/69
f 84/71/70 22/10/10 8/9/9
f 84/71/70 10/8/8 81/72/71
f 78/73/72 12/6/6 75/74/73
f 75/74/73 299/75/74 298/76/75
f 366/77/76 360/78/76 297/79/76
f 14/1/1 16/3/3 305/80/77
f 305/80/77 16/3/3 306/81/78
f 61/82/79 306/81/78 16/3/3
f 532/83/80 533/84/81 534/85/82
f 81/72/71 28/7/7 78/73/72
f 117/86/83 32/32/32 114/87/84
f 531/88/85 536/89/86 533/84/81
f 114/87/84 36/36/36 111/90/87
f 535/91/88 538/92/89 536/89/86
f 111/90/87 40/40/40 108/93/90
f 537/94/91 540/95/92 538/92/89
f 105/62/62 40/40/40 44/43/43
f 523/96/93 526/97/94 524/98/95
f 104/63/63 44/43/43 48/47/47
f 45/42/96 96/99/97 49/46/98
f 102/100/99 51/56/56 47/52/52
f 96/99/97 53/50/100 49/46/98
f 120/101/101 55/70/69 51/56/56
f 126/102/102 54/53/103 58/57/57
f 15/14/14 146/103/104 145/104/105
f 283/105/106 407/106/107 281/107/108
f 77/108/109 13/19/19 11/18/18
f 80/109/110 11/18/18 27/31/31
f 83/110/111 27/31/31 9/20/20
f 86/111/112 9/20/20 7/23/23
f 21/22/22 86/111/112 7/23/23
f 541/112/113 543/113/114 544/114/115
f 542/115/116 546/116/117 545/117/118
f 545/117/118 548/118/119 547/119/120
f 547/119/120 550/120/121 549/121/122
f 527/122/123 530/123/124 528/124/125
f 98/125/126 46/45/127 50/49/128
f 98/125/126 54/53/103 101/126/129
f 43/48/48 102/100/99 47/52/52
f 39/44/44 107/65/64 43/48/48
f 113/127/130 39/44/44 35/37/37
f 116/128/131 35/37/37 31/33/33
f 119/129/132 31/33/33 3/130/133
f 154/131/134 119/129/132 3/130/133
f 104/63/63 52/51/51 122/132/135
f 122/132/135 56/55/55 125/133/136
f 125/133/136 57/54/54 128/134/137
f 53/50/100 128/134/137 57/54/54
f 147/135/138 62/136/139 60/59/59
f 307/137/140 62/138/139 64/139/141
f 62/136/139 65/140/142 64/141/141
f 64/141/141 68/142/143 67/143/144
f 67/144/144 69/145/145 66/146/146
f 67/143/144 71/147/147 70/148/148
f 69/145/145 73/149/149 72/150/150
f 71/147/147 73/151/149 70/148/148
f 509/152/151 512/153/152 510/154/153
f 509/155/151 514/156/154 511/157/155
f 75/74/73 79/158/156 78/73/72
f 77/108/109 79/159/156 76/160/157
f 78/73/72 82/161/158 81/72/71
f 80/109/110 82/162/158 79/159/156
f 81/72/71 85/163/159 84/71/70
f 83/110/111 85/164/159 82/162/158
f 85/163/159 87/165/160 84/71/70
f 85/164/159 89/166/161 88/167/162
f 551/168/163 531/88/85 532/83/80
f 551/169/163 542/115/116 552/170/164
f 552/171/164 535/91/88 531/88/85
f 552/170/164 545/117/118 553/172/165
f 553/173/165 537/94/91 535/91/88
f 553/172/165 547/119/120 554/174/166
f 554/175/166 539/176/167 537/94/91
f 554/174/166 549/121/122 555/177/168
f 91/178/169 93/179/170 90/180/171
f 91/181/169 95/182/172 94/183/173
f 93/179/170 97/184/174 96/99/97
f 95/182/172 97/185/174 94/183/173
f 96/99/97 100/186/175 99/187/176
f 98/125/126 100/188/175 97/185/174
f 103/64/61 120/101/101 102/100/99
f 103/61/61 122/132/135 121/189/177
f 106/190/65 108/93/90 105/62/62
f 106/66/65 110/191/178 109/192/179
f 108/93/90 112/193/180 111/90/87
f 110/191/178 112/194/180 109/192/179
f 111/90/87 115/195/181 114/87/84
f 113/127/130 115/196/181 112/194/180
f 114/87/84 118/197/182 117/86/83
f 116/128/131 118/198/182 115/196/181
f 118/197/182 140/199/183 117/86/83
f 121/200/177 123/69/68 120/101/101
f 121/189/177 125/133/136 124/201/184
f 124/202/184 126/102/102 123/69/68
f 124/201/184 128/134/137 127/203/185
f 99/187/176 127/203/185 128/134/137
f 101/126/129 127/204/185 100/188/175
f 24/205/186 163/206/187 162/207/188
f 23/4/189 130/208/190 129/209/191
f 2/68/67 130/208/190 4/25/192
f 131/210/193 222/211/194 221/212/195
f 3/130/196 132/213/197 1/214/198
f 1/214/198 132/213/197 231/215/199
f 132/213/197 232/26/26 231/215/199
f 26/15/200 132/213/197 3/130/196
f 135/216/201 134/217/202 61/82/79
f 135/216/201 16/3/3 136/218/203
f 141/219/204 133/220/205 142/221/206
f 153/222/207 152/58/58 118/198/182
f 130/208/190 167/223/208 129/209/191
f 129/209/191 167/223/208 163/206/187
f 167/223/208 164/224/209 163/206/187
f 199/225/210 196/226/211 198/227/212
f 269/228/76 274/229/76 268/230/76
f 133/220/213 138/231/214 137/232/215
f 137/232/215 158/233/216 157/234/217
f 142/221/206 143/235/218 139/67/66
f 143/235/219 160/236/220 159/237/221
f 148/238/222 149/239/223 145/104/224
f 150/240/225 226/241/226 149/239/223
f 151/242/227 156/243/228 155/244/229
f 155/244/229 229/245/230 228/246/231
f 157/234/217 204/247/232 205/248/233
f 159/237/221 208/249/234 209/250/235
f 164/224/209 165/251/236 161/252/237
f 166/253/238 213/254/239 165/251/236
f 169/255/240 170/256/241 167/223/208
f 171/257/242 217/258/243 170/256/241
f 173/259/244 207/260/245 172/261/246
f 173/259/244 175/262/247 174/263/248
f 175/262/249 188/264/250 174/263/248
f 177/265/251 211/266/252 176/267/253
f 177/265/251 179/268/254 178/269/255
f 178/269/255 191/270/256 190/271/257
f 180/272/258 214/273/259 215/274/260
f 180/272/258 182/275/261 181/276/262
f 182/275/263 193/277/264 192/278/265
f 184/279/266 218/280/267 219/281/268
f 184/279/266 186/282/269 185/283/270
f 187/284/271 194/285/272 186/282/269
f 189/286/273 197/287/274 188/264/250
f 190/271/257 199/225/275 198/227/276
f 192/278/265 200/288/277 201/289/278
f 195/290/279 203/291/280 194/285/272
f 204/247/232 206/292/281 205/248/233
f 208/249/234 210/293/282 209/250/235
f 213/254/239 215/274/260 214/273/259
f 216/294/283 218/280/267 217/258/243
f 220/27/27 225/295/284 224/296/285
f 224/296/285 237/297/286 236/298/287
f 227/299/288 238/300/289 226/241/226
f 229/245/230 240/301/290 228/246/231
f 230/302/291 235/303/292 234/304/293
f 234/304/293 243/305/294 242/306/295
f 237/297/286 244/307/296 236/298/287
f 239/308/297 246/309/298 238/300/289
f 241/310/299 248/311/300 240/301/290
f 242/306/295 251/312/301 250/313/302
f 244/307/296 253/314/303 252/315/304
f 247/316/305 254/317/306 246/309/298
f 249/318/307 256/319/308 248/311/300
f 250/313/302 259/320/309 258/321/310
f 253/314/311 260/322/312 252/315/304
f 254/317/313 263/323/314 262/324/315
f 257/325/316 264/326/317 256/319/308
f 258/321/310 267/327/318 266/328/319
f 261/329/320 268/230/321 260/322/312
f 262/324/315 270/330/322 271/331/323
f 265/332/324 273/333/325 264/326/317
f 266/328/319 274/229/326 275/334/327
f 144/335/328 133/220/213 137/232/215
f 138/231/214 162/207/188 161/252/237
f 169/255/329 139/67/66 143/235/218
f 222/211/194 149/239/223 223/336/330
f 150/240/225 151/242/227 155/244/229
f 156/243/228 231/215/199 230/302/291
f 144/335/328 157/234/217 160/236/220
f 138/231/214 165/251/236 158/233/216
f 166/253/238 167/223/208 170/256/241
f 171/257/242 143/235/219 159/237/221
f 176/267/253 174/263/248 179/268/254
f 181/276/262 175/262/247 172/261/246
f 180/272/258 186/282/269 183/337/331
f 177/265/251 187/284/271 184/279/266
f 179/268/254 188/264/250 191/270/256
f 175/262/249 192/278/265 189/286/273
f 186/282/269 193/277/264 183/337/331
f 187/284/271 190/271/257 195/290/279
f 191/270/256 197/287/274 199/225/275
f 189/286/273 201/289/278 196/226/332
f 194/285/272 200/288/277 193/277/264
f 195/290/279 198/227/276 202/338/333
f 205/248/233 211/266/252 208/249/234
f 204/247/232 214/273/259 207/260/245
f 210/293/282 216/294/283 209/250/235
f 212/339/334 218/280/267 215/274/260
f 160/236/220 205/248/233 208/249/234
f 158/233/216 213/254/239 204/247/232
f 170/256/241 212/339/334 166/253/238
f 171/257/242 209/250/235 216/294/283
f 206/292/281 176/267/253 211/266/252
f 207/260/245 181/276/262 172/261/246
f 215/274/260 185/283/270 180/272/258
f 219/281/268 177/265/251 184/279/266
f 225/295/284 149/239/223 226/241/226
f 155/244/229 227/299/288 150/240/225
f 156/243/228 234/304/293 229/245/230
f 233/28/28 224/296/285 235/303/292
f 226/241/226 237/297/286 225/295/284
f 228/246/231 239/308/297 227/299/288
f 229/245/230 242/306/295 241/310/299
f 235/303/292 236/298/287 243/305/294
f 238/300/289 245/340/335 237/297/286
f 240/301/290 247/316/305 239/308/297
f 241/310/299 250/313/302 249/318/307
f 243/305/294 244/307/296 251/312/301
f 245/340/335 254/317/306 253/314/303
f 248/311/300 255/341/336 247/316/305
f 250/313/302 257/325/316 249/318/307
f 251/312/301 252/315/304 259/320/309
f 253/314/311 262/324/315 261/329/320
f 256/319/308 263/323/314 255/341/336
f 257/325/316 266/328/319 265/332/324
f 259/320/309 260/322/312 267/327/318
f 262/324/315 269/228/337 261/329/320
f 264/326/317 270/330/322 263/323/314
f 265/332/324 275/334/327 272/342/338
f 267/327/318 268/230/321 274/229/326
f 134/217/202 136/218/203 133/220/205
f 139/67/66 140/199/183 142/221/206
f 145/104/105 147/135/138 148/238/339
f 151/242/227 152/58/58 153/222/207
f 161/252/237 163/206/187 164/224/209
f 130/208/190 169/255/340 167/223/208
f 221/212/195 223/336/330 220/27/27
f 230/302/291 232/26/26 233/28/28
f 163/206/187 23/4/189 129/209/191
f 139/67/66 168/343/341 2/68/67
f 117/86/83 139/67/66 4/25/25
f 1/214/198 154/131/134 3/130/133
f 153/222/207 118/198/182 119/129/132
f 118/197/182 141/219/204 140/199/183
f 141/219/204 60/344/59 134/217/202
f 147/135/138 151/242/227 148/238/339
f 134/217/202 62/138/139 61/82/79
f 63/345/342 147/135/138 146/103/104
f 136/218/203 16/3/3 24/205/343
f 15/14/14 145/104/105 25/346/344
f 202/338/345 200/288/346 203/291/347
f 198/227/212 201/289/348 202/338/345
f 271/331/76 273/333/76 272/342/76
f 275/334/76 271/331/76 272/342/76
f 131/210/193 232/26/26 132/213/197
f 231/215/199 154/131/134 1/214/198
f 151/242/227 153/222/207 154/131/134
f 142/221/206 140/199/183 141/219/204
f 59/347/60 141/219/204 118/197/182
f 118/198/182 152/58/58 59/60/60
f 26/15/200 25/346/349 131/210/193
f 25/346/349 145/104/224 222/211/194
f 162/207/188 136/218/350 24/205/186
f 29/348/351 278/349/352 276/350/353
f 323/351/354 278/349/352 17/30/355
f 69/145/356 313/352/357 312/353/358
f 66/146/359 69/145/360 312/353/361
f 30/17/17 283/105/106 282/11/11
f 30/17/17 284/354/362 19/21/21
f 13/19/19 285/355/363 283/105/106
f 406/356/364 285/355/363 74/357/365
f 308/358/366 67/144/144 66/146/146
f 276/350/353 321/359/367 277/360/368
f 366/77/76 365/361/76 364/362/76
f 300/5/5 302/363/369 298/76/75
f 301/364/370 303/365/371 302/363/369
f 304/366/372 317/367/373 303/365/371
f 308/358/374 309/368/375 305/80/376
f 310/369/377 319/370/378 309/368/375
f 311/371/379 316/372/380 315/373/381
f 324/374/382 325/375/383 321/359/367
f 327/376/384 335/377/385 290/378/386
f 330/379/387 336/380/388 329/381/389
f 332/382/390 338/383/391 331/384/392
f 333/385/393 341/386/394 340/387/395
f 335/377/385 342/388/396 290/378/386
f 336/380/388 345/389/397 344/390/398
f 338/383/391 347/391/399 346/392/400
f 341/386/394 348/393/401 340/387/395
f 342/388/396 351/394/402 350/395/403
f 345/389/397 352/396/404 344/390/398
f 346/392/400 355/397/405 354/398/406
f 348/393/401 357/399/407 356/400/408
f 351/394/402 359/401/409 350/395/403
f 352/396/404 360/78/410 361/402/411
f 354/398/406 363/403/412 362/404/413
f 357/399/407 365/361/414 356/400/408
f 276/350/353 304/366/372 301/364/370
f 301/364/370 29/348/351 276/350/353
f 298/76/75 279/405/415 72/150/416
f 310/369/377 66/146/359 280/406/417
f 324/374/382 305/80/376 309/368/375
f 280/406/417 315/373/381 286/407/418
f 314/408/419 317/367/373 316/372/380
f 277/360/368 318/409/420 304/366/372
f 280/406/417 320/410/421 310/369/377
f 277/360/368 325/375/383 287/411/422
f 326/412/423 309/368/375 319/370/378
f 288/413/424 327/376/384 290/378/386
f 328/414/425 336/380/388 335/377/385
f 289/415/426 337/416/427 330/379/387
f 332/382/390 290/378/386 339/417/428
f 333/385/393 291/418/429 289/415/426
f 334/419/430 338/383/391 341/386/394
f 290/378/386 342/388/396 292/420/431
f 335/377/385 344/390/398 343/421/432
f 337/416/427 293/422/433 345/389/397
f 339/417/428 292/420/431 347/391/399
f 340/387/395 293/422/433 291/418/429
f 341/386/394 346/392/400 349/423/434
f 292/420/431 350/395/403 294/424/435
f 343/421/432 352/396/404 351/394/402
f 293/422/433 353/425/436 345/389/397
f 347/391/399 294/424/435 355/397/405
f 348/393/401 295/426/437 293/422/433
f 349/423/434 354/398/406 357/399/407
f 294/424/435 359/401/409 296/427/438
f 351/394/402 361/402/411 358/428/439
f 295/426/437 360/78/410 353/425/436
f 355/397/405 296/427/438 363/403/412
f 356/400/408 297/79/440 295/426/437
f 357/399/407 362/404/413 364/362/441
f 302/363/369 303/365/371 279/405/415
f 314/408/419 313/352/357 303/365/371
f 313/352/357 279/405/415 303/365/371
f 298/76/75 299/75/74 300/5/5
f 306/81/78 308/358/366 305/80/77
f 312/353/358 314/408/419 311/371/379
f 321/359/367 323/351/354 324/374/382
f 28/7/7 29/348/351 300/5/5
f 72/150/416 75/74/73 298/76/75
f 321/359/367 278/349/352 322/429/442
f 14/1/443 324/374/382 323/351/354
f 62/138/139 306/81/78 61/82/79
f 308/358/366 64/139/141 67/144/144
f 66/146/359 311/371/379 280/406/417
f 362/404/76 366/77/76 364/362/76
f 367/430/76 361/402/76 366/77/76
f 363/403/76 367/430/76 362/404/76
f 359/401/76 367/430/76 296/427/76
f 369/431/444 371/432/445 370/433/446
f 369/431/444 373/434/447 372/435/448
f 376/436/449 378/437/450 377/438/451
f 374/439/452 378/437/450 375/440/453
f 381/441/454 383/442/455 382/443/456
f 381/441/454 385/444/457 384/445/458
f 388/446/459 390/447/460 389/448/461
f 386/449/462 390/447/460 387/450/463
f 316/372/380 368/451/464 315/373/381
f 317/367/373 379/452/465 374/439/452
f 320/410/421 380/453/466 319/370/378
f 325/375/383 391/454/467 386/449/462
f 370/433/446 328/414/425 327/376/384
f 377/438/451 329/381/389 376/436/449
f 382/443/456 332/382/390 331/384/392
f 389/448/461 333/385/393 388/446/459
f 286/407/418 368/451/468 392/455/469
f 316/372/380 374/439/452 373/434/447
f 318/409/420 397/456/470 379/452/465
f 286/407/418 385/444/457 320/410/421
f 287/411/422 386/449/462 397/456/470
f 319/370/378 391/454/467 326/412/423
f 394/457/471 327/376/384 288/413/424
f 371/432/445 329/381/389 328/414/425
f 395/458/472 330/379/387 377/438/451
f 383/442/455 288/413/424 332/382/390
f 388/446/459 289/415/426 395/458/472
f 389/448/461 331/384/392 334/419/430
f 369/431/473 392/455/469 368/451/468
f 370/433/474 393/459/475 369/431/473
f 372/435/448 376/436/449 371/432/445
f 373/434/447 375/440/453 372/435/448
f 377/438/451 396/460/476 395/458/472
f 378/437/450 397/456/470 396/460/476
f 380/453/466 390/447/460 391/454/467
f 382/443/456 390/447/460 381/441/454
f 384/445/458 394/457/471 383/442/455
f 384/445/458 392/455/469 393/459/475
f 387/450/463 397/456/470 386/449/462
f 387/450/463 395/458/472 396/460/476
f 399/461/477 65/140/142 63/345/342
f 20/16/16 399/461/477 15/14/14
f 440/462/478 447/463/478 446/464/478
f 398/465/479 402/466/480 401/467/481
f 402/466/480 449/468/482 401/467/481
f 403/469/483 464/470/484 465/471/485
f 404/472/486 407/106/107 406/356/487
f 408/473/488 456/474/489 457/475/490
f 409/476/491 411/477/492 410/478/493
f 411/477/494 424/479/495 410/478/493
f 413/480/496 463/481/497 412/482/498
f 412/482/498 414/483/499 413/480/496
f 414/483/500 427/484/501 426/485/502
f 417/486/503 469/487/504 416/488/505
f 417/486/503 419/489/506 418/490/507
f 418/490/507 429/491/508 428/492/509
f 420/493/510 452/494/511 453/495/512
f 420/493/510 422/496/513 421/497/514
f 423/498/515 430/499/516 422/496/513
f 424/479/495 433/500/517 432/501/518
f 427/484/501 434/502/519 426/485/502
f 429/491/508 436/503/520 428/492/509
f 430/499/516 439/504/521 438/505/522
f 433/500/517 440/462/523 432/501/518
f 434/502/519 442/506/524 443/507/525
f 436/503/520 444/508/526 445/509/527
f 439/504/521 447/463/528 438/505/522
f 448/510/529 451/511/530 449/468/482
f 451/511/531 453/495/512 452/494/511
f 454/512/532 457/475/490 456/474/489
f 454/512/532 458/513/533 455/514/534
f 459/515/535 475/516/536 458/513/533
f 461/517/537 462/518/538 460/519/539
f 461/517/537 465/471/485 464/470/484
f 467/520/540 468/521/541 466/522/542
f 467/520/540 471/523/543 470/524/544
f 470/524/544 476/525/545 478/526/546
f 284/354/362 472/527/547 402/466/480
f 474/12/12 403/469/483 475/516/536
f 400/528/548 284/354/362 402/466/480
f 68/142/549 477/529/550 476/525/545
f 398/465/479 401/467/481 65/140/551
f 401/467/481 478/526/546 65/140/551
f 65/140/551 478/526/546 477/529/550
f 68/142/549 406/356/552 71/147/553
f 408/473/488 414/483/499 411/477/492
f 417/486/503 415/530/554 412/482/498
f 421/497/514 419/489/506 416/488/505
f 420/493/510 410/478/493 423/498/515
f 414/483/500 425/531/555 411/477/494
f 418/490/507 427/484/501 415/530/554
f 422/496/513 429/491/508 419/489/506
f 423/498/515 424/479/495 431/532/556
f 426/485/502 433/500/517 425/531/555
f 428/492/509 435/533/557 427/484/501
f 430/499/516 437/534/558 429/491/508
f 431/532/556 432/501/518 439/504/521
f 434/502/519 441/535/559 433/500/517
f 435/533/557 445/509/527 442/506/524
f 438/505/522 444/508/526 437/534/558
f 432/501/518 446/464/560 439/504/521
f 458/513/533 403/469/483 465/471/485
f 404/472/486 471/523/543 464/470/484
f 478/526/546 449/468/482 470/524/544
f 472/527/547 448/510/529 402/466/480
f 457/475/490 413/480/496 408/473/488
f 468/521/541 412/482/498 463/481/497
f 452/494/511 416/488/505 469/487/504
f 453/495/512 409/476/491 420/493/510
f 459/515/535 450/536/561 448/510/529
f 456/474/489 450/536/561 454/512/532
f 455/514/534 462/518/538 457/475/490
f 455/514/534 465/471/485 460/519/539
f 463/481/497 466/522/542 468/521/541
f 464/470/484 466/522/542 461/517/537
f 469/487/504 451/511/531 452/494/511
f 470/524/544 451/511/530 467/520/540
f 398/465/562 399/461/477 400/528/563
f 405/537/564 406/356/565 407/106/107
f 473/13/13 475/516/536 472/527/547
f 476/525/545 477/529/550 478/526/546
f 281/107/108 282/11/11 283/105/106
f 283/105/106 405/537/564 407/106/107
f 281/107/108 407/106/107 474/12/12
f 473/13/13 284/354/362 282/11/11
f 399/461/477 19/21/21 400/528/563
f 399/461/477 63/345/342 15/14/14
f 441/535/478 444/508/478 447/463/478
f 443/507/478 445/509/478 444/508/478
f 17/30/355 14/1/443 323/351/354
f 74/357/365 71/147/566 406/356/364
f 313/352/357 72/150/567 279/405/415
f 68/142/549 476/525/545 404/472/486
f 480/538/568 485/539/569 486/540/570
f 482/541/571 487/542/572 481/543/573
f 480/538/574 488/544/575 482/541/576
f 483/545/577 485/546/569 479/547/578
f 483/545/579 490/548/580 489/549/580
f 484/550/581 487/551/572 490/548/582
f 486/540/583 491/552/584 492/553/585
f 488/544/586 493/554/587 487/542/588
f 488/544/575 492/553/575 494/555/575
f 489/549/589 491/556/584 485/546/590
f 490/548/580 495/557/580 489/549/580
f 490/548/591 493/558/587 496/559/592
f 492/553/585 497/560/593 498/561/594
f 494/555/595 499/562/596 493/554/587
f 494/555/575 498/561/575 500/563/575
f 495/557/597 497/564/593 491/556/584
f 496/559/580 501/565/580 495/557/580
f 496/559/592 499/566/596 502/567/598
f 497/560/593 504/568/599 498/561/594
f 499/562/596 506/569/600 505/570/601
f 500/563/575 504/568/575 506/569/575
f 497/564/593 507/571/602 503/572/603
f 502/567/580 507/571/580 501/565/580
f 499/566/596 508/573/604 502/567/598
f 503/574/603 510/154/605 504/568/599
f 505/570/601 512/153/606 511/575/607
f 506/569/575 510/154/575 512/153/575
f 503/572/603 513/576/608 509/155/609
f 508/573/580 513/576/580 507/571/580
f 505/577/601 514/156/610 508/573/604
f 90/180/611 516/578/612 41/39/613
f 93/179/614 515/579/615 90/180/611
f 45/42/616 517/580/617 93/179/618
f 45/42/619 516/578/612 518/581/620
f 95/182/621 519/582/622 520/583/623
f 92/584/624 521/585/625 519/582/622
f 46/45/626 521/585/625 42/41/627
f 46/45/628 520/583/629 522/586/630
f 515/579/615 524/98/95 516/578/612
f 517/580/631 523/96/93 515/579/615
f 517/580/617 526/97/632 525/587/633
f 518/581/620 524/98/95 526/97/634
f 520/583/623 527/122/123 528/124/635
f 519/582/622 529/588/636 527/122/123
f 522/586/637 529/588/636 521/585/625
f 520/583/629 530/123/638 522/586/630
f 22/589/639 533/84/640 6/590/641
f 22/589/642 532/83/643 534/85/644
f 6/590/645 536/89/646 33/591/647
f 33/591/648 538/92/649 37/592/650
f 41/593/651 539/176/652 90/594/653
f 37/592/654 540/95/654 41/593/654
f 21/595/655 543/113/656 89/596/657
f 21/595/658 541/112/659 544/114/660
f 5/597/661 546/116/662 541/112/663
f 34/598/664 548/118/665 546/116/666
f 38/599/667 550/120/667 548/118/667
f 42/600/668 549/121/669 550/120/670
f 88/601/671 532/83/672 87/602/673
f 88/603/674 543/113/675 551/169/676
f 91/604/677 539/176/678 555/605/679
f 91/606/680 549/121/681 92/607/682
f 73/149/149 559/608/683 72/150/150
f 76/609/157 565/610/684 562/611/685
f 75/74/575 559/608/686 565/610/687
f 73/151/149 568/612/688 556/613/689
f 77/108/580 568/612/690 74/357/580
f 76/160/157 571/614/691 77/108/109
f 561/615/692 479/616/578 480/538/568
f 567/617/693 481/543/573 564/618/694
f 561/615/695 482/541/576 567/617/696
f 570/619/697 479/547/578 558/620/698
f 570/619/699 484/550/700 483/545/579
f 573/621/701 481/622/573 484/550/581
f 556/623/702 560/624/703 559/608/704
f 557/625/705 561/615/706 560/626/707
f 560/624/708 565/610/687 559/608/686
f 560/626/708 567/617/696 566/627/709
f 562/628/685 572/629/710 571/614/691
f 563/630/711 573/621/701 572/631/710
f 563/632/711 567/617/693 564/618/694
f 562/611/685 566/633/712 563/634/711
f 557/635/705 570/619/713 558/620/714
f 556/613/702 569/636/715 557/637/716
f 569/638/717 573/621/718 570/619/699
f 569/636/717 571/614/719 572/629/720
f 587/1/721 591/2/722 589/3/723
f 596/4/724 589/3/723 591/2/722
f 873/5/725 585/6/726 601/7/727
f 591/2/722 583/8/728 581/9/729
f 595/10/730 591/2/722 581/9/729
f 855/11/731 1047/12/732 1046/13/733
f 588/14/734 599/15/735 593/16/736
f 603/17/737 584/18/738 586/19/739
f 593/16/736 582/20/740 592/21/741
f 593/16/736 594/22/742 580/23/743
f 596/4/724 579/24/744 577/25/745
f 805/26/746 793/27/747 806/28/748
f 599/15/735 578/29/749 594/22/742
f 590/30/750 601/7/727 583/8/728
f 600/31/751 592/21/741 582/20/740
f 579/24/744 605/32/752 577/25/745
f 578/29/749 604/33/753 607/34/754
f 606/35/755 609/36/756 605/32/752
f 607/34/754 608/37/757 611/38/758
f 609/36/756 614/39/759 613/40/760
f 608/37/757 615/41/761 611/38/758
f 613/40/760 618/42/762 617/43/763
f 612/44/764 619/45/765 615/41/761
f 617/43/763 622/46/766 621/47/767
f 616/48/768 623/49/769 619/45/765
f 621/47/767 626/50/770 625/51/771
f 620/52/772 627/53/773 623/49/769
f 625/51/771 630/54/774 629/55/775
f 624/56/776 631/57/777 627/53/773
f 725/58/778 633/59/779 632/60/780
f 676/61/781 678/62/782 677/63/783
f 676/64/781 680/65/784 679/66/785
f 577/25/745 712/67/786 575/68/787
f 696/69/788 631/57/777 628/70/789
f 657/71/790 595/10/730 581/9/729
f 657/71/790 583/8/728 654/72/791
f 651/73/792 585/6/726 648/74/793
f 648/74/793 872/75/794 871/76/795
f 939/77/76 933/78/76 870/79/76
f 587/1/721 589/3/723 878/80/796
f 878/80/796 589/3/723 879/81/797
f 634/82/798 879/81/797 589/3/723
f 1105/83/799 1106/84/800 1107/85/801
f 654/72/791 601/7/727 651/73/792
f 690/86/802 605/32/752 687/87/803
f 1104/88/804 1109/89/805 1106/84/800
f 687/87/803 609/36/756 684/90/806
f 1108/91/807 1111/92/808 1109/89/805
f 684/90/806 613/40/760 681/93/809
f 1110/94/810 1113/95/811 1111/92/808
f 678/62/782 613/40/760 617/43/763
f 1096/96/812 1099/97/813 1097/98/814
f 677/63/783 617/43/763 621/47/767
f 618/42/815 669/99/816 622/46/817
f 675/100/818 624/56/776 620/52/772
f 669/99/816 626/50/819 622/46/817
f 693/101/820 628/70/789 624/56/776
f 699/102/821 627/53/822 631/57/777
f 588/14/734 719/103/823 718/104/824
f 856/105/825 980/106/826 854/107/827
f 650/108/828 586/19/739 584/18/738
f 653/109/829 584/18/738 600/31/751
f 656/110/830 600/31/751 582/20/740
f 659/111/831 582/20/740 580/23/743
f 594/22/742 659/111/831 580/23/743
f 1114/112/832 1116/113/833 1117/114/834
f 1115/115/835 1119/116/836 1118/117/837
f 1118/117/837 1121/118/838 1120/119/839
f 1120/119/839 1123/120/840 1122/121/841
f 1100/122/842 1103/123/843 1101/124/844
f 671/125/845 619/45/846 623/49/847
f 671/125/845 627/53/822 674/126/848
f 616/48/768 675/100/818 620/52/772
f 612/44/764 680/65/784 616/48/768
f 686/127/849 612/44/764 608/37/757
f 689/128/850 608/37/757 604/33/753
f 692/129/851 604/33/753 576/130/852
f 727/131/853 692/129/851 576/130/852
f 677/63/783 625/51/771 695/132/854
f 695/132/854 629/55/775 698/133/855
f 698/133/855 630/54/774 701/134/856
f 626/50/819 701/134/856 630/54/774
f 720/135/857 635/136/858 633/59/779
f 880/137/859 635/138/858 637/139/860
f 635/136/858 638/140/861 637/141/860
f 637/141/860 641/142/862 640/143/863
f 640/144/863 642/145/864 639/146/865
f 640/143/863 644/147/866 643/148/867
f 642/145/864 646/149/868 645/150/869
f 644/147/866 646/151/868 643/148/867
f 1082/152/870 1085/153/871 1083/154/872
f 1082/155/870 1087/156/873 1084/157/874
f 648/74/793 652/158/875 651/73/792
f 650/108/828 652/159/875 649/160/876
f 651/73/792 655/161/877 654/72/791
f 653/109/829 655/162/877 652/159/875
f 654/72/791 658/163/878 657/71/790
f 656/110/830 658/164/878 655/162/877
f 658/163/878 660/165/879 657/71/790
f 658/164/878 662/166/880 661/167/881
f 1124/168/882 1104/88/804 1105/83/799
f 1124/169/882 1115/115/835 1125/170/883
f 1125/171/883 1108/91/807 1104/88/804
f 1125/170/883 1118/117/837 1126/172/884
f 1126/173/884 1110/94/810 1108/91/807
f 1126/172/884 1120/119/839 1127/174/885
f 1127/175/885 1112/176/886 1110/94/810
f 1127/174/885 1122/121/841 1128/177/887
f 664/178/888 666/179/889 663/180/890
f 664/181/888 668/182/891 667/183/892
f 666/179/889 670/184/893 669/99/816
f 668/182/891 670/185/893 667/183/892
f 669/99/816 673/186/894 672/187/895
f 671/125/845 673/188/894 670/185/893
f 676/64/781 693/101/820 675/100/818
f 676/61/781 695/132/854 694/189/896
f 679/190/785 681/93/809 678/62/782
f 679/66/785 683/191/897 682/192/898
f 681/93/809 685/193/899 684/90/806
f 683/191/897 685/194/899 682/192/898
f 684/90/806 688/195/900 687/87/803
f 686/127/849 688/196/900 685/194/899
f 687/87/803 691/197/901 690/86/802
f 689/128/850 691/198/901 688/196/900
f 691/197/901 713/199/902 690/86/802
f 694/200/896 696/69/788 693/101/820
f 694/189/896 698/133/855 697/201/903
f 697/202/903 699/102/821 696/69/788
f 697/201/903 701/134/856 700/203/904
f 672/187/895 700/203/904 701/134/856
f 674/126/848 700/204/904 673/188/894
f 597/205/905 736/206/906 735/207/907
f 596/4/908 703/208/909 702/209/910
f 575/68/787 703/208/909 577/25/911
f 704/210/912 795/211/913 794/212/914
f 576/130/915 705/213/916 574/214/917
f 574/214/917 705/213/916 804/215/918
f 705/213/916 805/26/746 804/215/918
f 599/15/919 705/213/916 576/130/915
f 708/216/920 707/217/921 634/82/798
f 708/216/920 589/3/723 709/218/922
f 714/219/923 706/220/924 715/221/925
f 726/222/926 725/58/778 691/198/901
f 703/208/909 740/223/927 702/209/910
f 702/209/910 740/223/927 736/206/906
f 740/223/927 737/224/928 736/206/906
f 772/225/929 769/226/930 771/227/931
f 842/228/76 847/229/76 841/230/76
f 706/220/932 711/231/933 710/232/934
f 710/232/934 731/233/935 730/234/936
f 715/221/925 716/235/937 712/67/786
f 716/235/938 733/236/939 732/237/940
f 721/238/941 722/239/942 718/104/943
f 723/240/944 799/241/945 722/239/942
f 724/242/946 729/243/947 728/244/948
f 728/244/948 802/245/949 801/246/950
f 730/234/936 777/247/951 778/248/952
f 732/237/940 781/249/953 782/250/954
f 737/224/928 738/251/955 734/252/956
f 739/253/957 786/254/958 738/251/955
f 742/255/959 743/256/960 740/223/927
f 744/257/961 790/258/962 743/256/960
f 746/259/963 780/260/964 745/261/965
f 746/259/963 748/262/966 747/263/967
f 748/262/968 761/264/969 747/263/967
f 750/265/970 784/266/971 749/267/972
f 750/265/970 752/268/973 751/269/974
f 751/269/974 764/270/975 763/271/976
f 753/272/977 787/273/978 788/274/979
f 753/272/977 755/275/980 754/276/981
f 755/275/982 766/277/983 765/278/984
f 757/279/985 791/280/986 792/281/987
f 757/279/985 759/282/988 758/283/989
f 760/284/990 767/285/991 759/282/988
f 762/286/992 770/287/993 761/264/969
f 763/271/976 772/225/994 771/227/995
f 765/278/984 773/288/996 774/289/997
f 768/290/998 776/291/999 767/285/991
f 777/247/951 779/292/1000 778/248/952
f 781/249/953 783/293/1001 782/250/954
f 786/254/958 788/274/979 787/273/978
f 789/294/1002 791/280/986 790/258/962
f 793/27/747 798/295/1003 797/296/1004
f 797/296/1004 810/297/1005 809/298/1006
f 800/299/1007 811/300/1008 799/241/945
f 802/245/949 813/301/1009 801/246/950
f 803/302/1010 808/303/1011 807/304/1012
f 807/304/1012 816/305/1013 815/306/1014
f 810/297/1005 817/307/1015 809/298/1006
f 812/308/1016 819/309/1017 811/300/1008
f 814/310/1018 821/311/1019 813/301/1009
f 815/306/1014 824/312/1020 823/313/1021
f 817/307/1015 826/314/1022 825/315/1023
f 820/316/1024 827/317/1025 819/309/1017
f 822/318/1026 829/319/1027 821/311/1019
f 823/313/1021 832/320/1028 831/321/1029
f 826/314/1030 833/322/1031 825/315/1023
f 827/317/1032 836/323/1033 835/324/1034
f 830/325/1035 837/326/1036 829/319/1027
f 831/321/1029 840/327/1037 839/328/1038
f 834/329/1039 841/230/1040 833/322/1031
f 835/324/1034 843/330/1041 844/331/1042
f 838/332/1043 846/333/1044 837/326/1036
f 839/328/1038 847/229/1045 848/334/1046
f 717/335/1047 706/220/932 710/232/934
f 711/231/933 735/207/907 734/252/956
f 742/255/1048 712/67/786 716/235/937
f 795/211/913 722/239/942 796/336/1049
f 723/240/944 724/242/946 728/244/948
f 729/243/947 804/215/918 803/302/1010
f 717/335/1047 730/234/936 733/236/939
f 711/231/933 738/251/955 731/233/935
f 739/253/957 740/223/927 743/256/960
f 744/257/961 716/235/938 732/237/940
f 749/267/972 747/263/967 752/268/973
f 754/276/981 748/262/966 745/261/965
f 753/272/977 759/282/988 756/337/1050
f 750/265/970 760/284/990 757/279/985
f 752/268/973 761/264/969 764/270/975
f 748/262/968 765/278/984 762/286/992
f 759/282/988 766/277/983 756/337/1050
f 760/284/990 763/271/976 768/290/998
f 764/270/975 770/287/993 772/225/994
f 762/286/992 774/289/997 769/226/1051
f 767/285/991 773/288/996 766/277/983
f 768/290/998 771/227/995 775/338/1052
f 778/248/952 784/266/971 781/249/953
f 777/247/951 787/273/978 780/260/964
f 783/293/1001 789/294/1002 782/250/954
f 785/339/1053 791/280/986 788/274/979
f 733/236/939 778/248/952 781/249/953
f 731/233/935 786/254/958 777/247/951
f 743/256/960 785/339/1053 739/253/957
f 744/257/961 782/250/954 789/294/1002
f 779/292/1000 749/267/972 784/266/971
f 780/260/964 754/276/981 745/261/965
f 788/274/979 758/283/989 753/272/977
f 792/281/987 750/265/970 757/279/985
f 798/295/1003 722/239/942 799/241/945
f 728/244/948 800/299/1007 723/240/944
f 729/243/947 807/304/1012 802/245/949
f 806/28/748 797/296/1004 808/303/1011
f 799/241/945 810/297/1005 798/295/1003
f 801/246/950 812/308/1016 800/299/1007
f 802/245/949 815/306/1014 814/310/1018
f 808/303/1011 809/298/1006 816/305/1013
f 811/300/1008 818/340/1054 810/297/1005
f 813/301/1009 820/316/1024 812/308/1016
f 814/310/1018 823/313/1021 822/318/1026
f 816/305/1013 817/307/1015 824/312/1020
f 818/340/1054 827/317/1025 826/314/1022
f 821/311/1019 828/341/1055 820/316/1024
f 823/313/1021 830/325/1035 822/318/1026
f 824/312/1020 825/315/1023 832/320/1028
f 826/314/1030 835/324/1034 834/329/1039
f 829/319/1027 836/323/1033 828/341/1055
f 830/325/1035 839/328/1038 838/332/1043
f 832/320/1028 833/322/1031 840/327/1037
f 835/324/1034 842/228/1056 834/329/1039
f 837/326/1036 843/330/1041 836/323/1033
f 838/332/1043 848/334/1046 845/342/1057
f 840/327/1037 841/230/1040 847/229/1045
f 707/217/921 709/218/922 706/220/924
f 712/67/786 713/199/902 715/221/925
f 718/104/824 720/135/857 721/238/1058
f 724/242/946 725/58/778 726/222/926
f 734/252/956 736/206/906 737/224/928
f 703/208/909 742/255/1059 740/223/927
f 794/212/914 796/336/1049 793/27/747
f 803/302/1010 805/26/746 806/28/748
f 736/206/906 596/4/908 702/209/910
f 712/67/786 741/343/1060 575/68/787
f 690/86/802 712/67/786 577/25/745
f 574/214/917 727/131/853 576/130/852
f 726/222/926 691/198/901 692/129/851
f 691/197/901 714/219/923 713/199/902
f 714/219/923 633/344/779 707/217/921
f 720/135/857 724/242/946 721/238/1058
f 707/217/921 635/138/858 634/82/798
f 636/345/1061 720/135/857 719/103/823
f 709/218/922 589/3/723 597/205/1062
f 588/14/734 718/104/824 598/346/1063
f 775/338/1064 773/288/1065 776/291/1066
f 771/227/931 774/289/1067 775/338/1064
f 844/331/76 846/333/76 845/342/76
f 848/334/76 844/331/76 845/342/76
f 704/210/912 805/26/746 705/213/916
f 804/215/918 727/131/853 574/214/917
f 724/242/946 726/222/926 727/131/853
f 715/221/925 713/199/902 714/219/923
f 632/347/780 714/219/923 691/197/901
f 691/198/901 725/58/778 632/60/780
f 599/15/919 598/346/1068 704/210/912
f 598/346/1068 718/104/943 795/211/913
f 735/207/907 709/218/1069 597/205/905
f 602/348/1070 851/349/1071 849/350/1072
f 896/351/1073 851/349/1071 590/30/1074
f 642/145/1075 886/352/1076 885/353/1077
f 639/146/1078 642/145/1079 885/353/1080
f 603/17/737 856/105/825 855/11/731
f 603/17/737 857/354/1081 592/21/741
f 586/19/739 858/355/1082 856/105/825
f 979/356/1083 858/355/1082 647/357/1084
f 881/358/1085 640/144/863 639/146/865
f 849/350/1072 894/359/1086 850/360/1087
f 939/77/76 938/361/76 937/362/76
f 873/5/725 875/363/1088 871/76/795
f 874/364/1089 876/365/1090 875/363/1088
f 877/366/1091 890/367/1092 876/365/1090
f 881/358/1093 882/368/1094 878/80/1095
f 883/369/1096 892/370/1097 882/368/1094
f 884/371/1098 889/372/1099 888/373/1100
f 897/374/1101 898/375/1102 894/359/1086
f 900/376/1103 908/377/1104 863/378/1105
f 903/379/1106 909/380/1107 902/381/1108
f 905/382/1109 911/383/1110 904/384/1111
f 906/385/1112 914/386/1113 913/387/1114
f 908/377/1104 915/388/1115 863/378/1105
f 909/380/1107 918/389/1116 917/390/1117
f 911/383/1110 920/391/1118 919/392/1119
f 914/386/1113 921/393/1120 913/387/1114
f 915/388/1115 924/394/1121 923/395/1122
f 918/389/1116 925/396/1123 917/390/1117
f 919/392/1119 928/397/1124 927/398/1125
f 921/393/1120 930/399/1126 929/400/1127
f 924/394/1121 932/401/1128 923/395/1122
f 925/396/1123 933/78/1129 934/402/1130
f 927/398/1125 936/403/1131 935/404/1132
f 930/399/1126 938/361/1133 929/400/1127
f 849/350/1072 877/366/1091 874/364/1089
f 874/364/1089 602/348/1070 849/350/1072
f 871/76/795 852/405/1134 645/150/1135
f 883/369/1096 639/146/1078 853/406/1136
f 897/374/1101 878/80/1095 882/368/1094
f 853/406/1136 888/373/1100 859/407/1137
f 887/408/1138 890/367/1092 889/372/1099
f 850/360/1087 891/409/1139 877/366/1091
f 853/406/1136 893/410/1140 883/369/1096
f 850/360/1087 898/375/1102 860/411/1141
f 899/412/1142 882/368/1094 892/370/1097
f 861/413/1143 900/376/1103 863/378/1105
f 901/414/1144 909/380/1107 908/377/1104
f 862/415/1145 910/416/1146 903/379/1106
f 905/382/1109 863/378/1105 912/417/1147
f 906/385/1112 864/418/1148 862/415/1145
f 907/419/1149 911/383/1110 914/386/1113
f 863/378/1105 915/388/1115 865/420/1150
f 908/377/1104 917/390/1117 916/421/1151
f 910/416/1146 866/422/1152 918/389/1116
f 912/417/1147 865/420/1150 920/391/1118
f 913/387/1114 866/422/1152 864/418/1148
f 914/386/1113 919/392/1119 922/423/1153
f 865/420/1150 923/395/1122 867/424/1154
f 916/421/1151 925/396/1123 924/394/1121
f 866/422/1152 926/425/1155 918/389/1116
f 920/391/1118 867/424/1154 928/397/1124
f 921/393/1120 868/426/1156 866/422/1152
f 922/423/1153 927/398/1125 930/399/1126
f 867/424/1154 932/401/1128 869/427/1157
f 924/394/1121 934/402/1130 931/428/1158
f 868/426/1156 933/78/1129 926/425/1155
f 928/397/1124 869/427/1157 936/403/1131
f 929/400/1127 870/79/1159 868/426/1156
f 930/399/1126 935/404/1132 937/362/1160
f 875/363/1088 876/365/1090 852/405/1134
f 887/408/1138 886/352/1076 876/365/1090
f 886/352/1076 852/405/1134 876/365/1090
f 871/76/795 872/75/794 873/5/725
f 879/81/797 881/358/1085 878/80/796
f 885/353/1077 887/408/1138 884/371/1098
f 894/359/1086 896/351/1073 897/374/1101
f 601/7/727 602/348/1070 873/5/725
f 645/150/1135 648/74/793 871/76/795
f 894/359/1086 851/349/1071 895/429/1161
f 587/1/1162 897/374/1101 896/351/1073
f 635/138/858 879/81/797 634/82/798
f 881/358/1085 637/139/860 640/144/863
f 639/146/1078 884/371/1098 853/406/1136
f 935/404/76 939/77/76 937/362/76
f 940/430/76 934/402/76 939/77/76
f 936/403/76 940/430/76 935/404/76
f 932/401/76 940/430/76 869/427/76
f 942/431/1163 944/432/1164 943/433/1165
f 942/431/1163 946/434/1166 945/435/1167
f 949/436/1168 951/437/1169 950/438/1170
f 947/439/1171 951/437/1169 948/440/1172
f 954/441/1173 956/442/1174 955/443/1175
f 954/441/1173 958/444/1176 957/445/1177
f 961/446/1178 963/447/1179 962/448/1180
f 959/449/1181 963/447/1179 960/450/1182
f 889/372/1099 941/451/1183 888/373/1100
f 890/367/1092 952/452/1184 947/439/1171
f 893/410/1140 953/453/1185 892/370/1097
f 898/375/1102 964/454/1186 959/449/1181
f 943/433/1165 901/414/1144 900/376/1103
f 950/438/1170 902/381/1108 949/436/1168
f 955/443/1175 905/382/1109 904/384/1111
f 962/448/1180 906/385/1112 961/446/1178
f 859/407/1137 941/451/1187 965/455/1188
f 889/372/1099 947/439/1171 946/434/1166
f 891/409/1139 970/456/1189 952/452/1184
f 859/407/1137 958/444/1176 893/410/1140
f 860/411/1141 959/449/1181 970/456/1189
f 892/370/1097 964/454/1186 899/412/1142
f 967/457/1190 900/376/1103 861/413/1143
f 944/432/1164 902/381/1108 901/414/1144
f 968/458/1191 903/379/1106 950/438/1170
f 956/442/1174 861/413/1143 905/382/1109
f 961/446/1178 862/415/1145 968/458/1191
f 962/448/1180 904/384/1111 907/419/1149
f 942/431/1192 965/455/1188 941/451/1187
f 943/433/1193 966/459/1194 942/431/1192
f 945/435/1167 949/436/1168 944/432/1164
f 946/434/1166 948/440/1172 945/435/1167
f 950/438/1170 969/460/1195 968/458/1191
f 951/437/1169 970/456/1189 969/460/1195
f 953/453/1185 963/447/1179 964/454/1186
f 955/443/1175 963/447/1179 954/441/1173
f 957/445/1177 967/457/1190 956/442/1174
f 957/445/1177 965/455/1188 966/459/1194
f 960/450/1182 970/456/1189 959/449/1181
f 960/450/1182 968/458/1191 969/460/1195
f 972/461/1196 638/140/861 636/345/1061
f 593/16/736 972/461/1196 588/14/734
f 1013/462/1197 1020/463/1197 1019/464/1197
f 971/465/1198 975/466/1199 974/467/1200
f 975/466/1199 1022/468/1201 974/467/1200
f 976/469/1202 1037/470/1203 1038/471/1204
f 977/472/1205 980/106/826 979/356/1206
f 981/473/1207 1029/474/1208 1030/475/1209
f 982/476/1210 984/477/1211 983/478/1212
f 984/477/1213 997/479/1214 983/478/1212
f 986/480/1215 1036/481/1216 985/482/1217
f 985/482/1217 987/483/1218 986/480/1215
f 987/483/1219 1000/484/1220 999/485/1221
f 990/486/1222 1042/487/1223 989/488/1224
f 990/486/1222 992/489/1225 991/490/1226
f 991/490/1226 1002/491/1227 1001/492/1228
f 993/493/1229 1025/494/1230 1026/495/1231
f 993/493/1229 995/496/1232 994/497/1233
f 996/498/1234 1003/499/1235 995/496/1232
f 997/479/1214 1006/500/1236 1005/501/1237
f 1000/484/1220 1007/502/1238 999/485/1221
f 1002/491/1227 1009/503/1239 1001/492/1228
f 1003/499/1235 1012/504/1240 1011/505/1241
f 1006/500/1236 1013/462/1242 1005/501/1237
f 1007/502/1238 1015/506/1243 1016/507/1244
f 1009/503/1239 1017/508/1245 1018/509/1246
f 1012/504/1240 1020/463/1247 1011/505/1241
f 1021/510/1248 1024/511/1249 1022/468/1201
f 1024/511/1250 1026/495/1231 1025/494/1230
f 1027/512/1251 1030/475/1209 1029/474/1208
f 1027/512/1251 1031/513/1252 1028/514/1253
f 1032/515/1254 1048/516/1255 1031/513/1252
f 1034/517/1256 1035/518/1257 1033/519/1258
f 1034/517/1256 1038/471/1204 1037/470/1203
f 1040/520/1259 1041/521/1260 1039/522/1261
f 1040/520/1259 1044/523/1262 1043/524/1263
f 1043/524/1263 1049/525/1264 1051/526/1265
f 857/354/1081 1045/527/1266 975/466/1199
f 1047/12/732 976/469/1202 1048/516/1255
f 973/528/1267 857/354/1081 975/466/1199
f 641/142/1268 1050/529/1269 1049/525/1264
f 971/465/1198 974/467/1200 638/140/1270
f 974/467/1200 1051/526/1265 638/140/1270
f 638/140/1270 1051/526/1265 1050/529/1269
f 641/142/1268 979/356/1271 644/147/1272
f 981/473/1207 987/483/1218 984/477/1211
f 990/486/1222 988/530/1273 985/482/1217
f 994/497/1233 992/489/1225 989/488/1224
f 993/493/1229 983/478/1212 996/498/1234
f 987/483/1219 998/531/1274 984/477/1213
f 991/490/1226 1000/484/1220 988/530/1273
f 995/496/1232 1002/491/1227 992/489/1225
f 996/498/1234 997/479/1214 1004/532/1275
f 999/485/1221 1006/500/1236 998/531/1274
f 1001/492/1228 1008/533/1276 1000/484/1220
f 1003/499/1235 1010/534/1277 1002/491/1227
f 1004/532/1275 1005/501/1237 1012/504/1240
f 1007/502/1238 1014/535/1278 1006/500/1236
f 1008/533/1276 1018/509/1246 1015/506/1243
f 1011/505/1241 1017/508/1245 1010/534/1277
f 1005/501/1237 1019/464/1279 1012/504/1240
f 1031/513/1252 976/469/1202 1038/471/1204
f 977/472/1205 1044/523/1262 1037/470/1203
f 1051/526/1265 1022/468/1201 1043/524/1263
f 1045/527/1266 1021/510/1248 975/466/1199
f 1030/475/1209 986/480/1215 981/473/1207
f 1041/521/1260 985/482/1217 1036/481/1216
f 1025/494/1230 989/488/1224 1042/487/1223
f 1026/495/1231 982/476/1210 993/493/1229
f 1032/515/1254 1023/536/1280 1021/510/1248
f 1029/474/1208 1023/536/1280 1027/512/1251
f 1028/514/1253 1035/518/1257 1030/475/1209
f 1028/514/1253 1038/471/1204 1033/519/1258
f 1036/481/1216 1039/522/1261 1041/521/1260
f 1037/470/1203 1039/522/1261 1034/517/1256
f 1042/487/1223 1024/511/1250 1025/494/1230
f 1043/524/1263 1024/511/1249 1040/520/1259
f 971/465/1281 972/461/1196 973/528/1282
f 978/537/1283 979/356/1284 980/106/826
f 1046/13/733 1048/516/1255 1045/527/1266
f 1049/525/1264 1050/529/1269 1051/526/1265
f 854/107/827 855/11/731 856/105/825
f 856/105/825 978/537/1283 980/106/826
f 854/107/827 980/106/826 1047/12/732
f 1046/13/733 857/354/1081 855/11/731
f 972/461/1196 592/21/741 973/528/1282
f 972/461/1196 636/345/1061 588/14/734
f 1014/535/1197 1017/508/1197 1020/463/1197
f 1016/507/1197 1018/509/1197 1017/508/1197
f 590/30/1074 587/1/1162 896/351/1073
f 647/357/1084 644/147/1285 979/356/1083
f 886/352/1076 645/150/1286 852/405/1134
f 641/142/1268 1049/525/1264 977/472/1205
f 1053/538/1287 1058/539/1288 1059/540/1289
f 1055/541/1290 1060/542/1291 1054/543/1292
f 1053/538/1293 1061/544/1294 1055/541/1295
f 1056/545/1296 1058/546/1288 1052/547/1297
f 1056/545/1298 1063/548/1299 1062/549/1299
f 1057/550/1300 1060/551/1291 1063/548/1301
f 1059/540/1302 1064/552/1303 1065/553/1304
f 1061/544/1305 1066/554/1306 1060/542/1307
f 1061/544/1294 1065/553/1294 1067/555/1294
f 1062/549/1308 1064/556/1303 1058/546/1309
f 1063/548/1299 1068/557/1299 1062/549/1299
f 1063/548/1310 1066/558/1306 1069/559/1311
f 1065/553/1304 1070/560/1312 1071/561/1313
f 1067/555/1314 1072/562/1315 1066/554/1306
f 1067/555/1294 1071/561/1294 1073/563/1294
f 1068/557/1316 1070/564/1312 1064/556/1303
f 1069/559/1299 1074/565/1299 1068/557/1299
f 1069/559/1311 1072/566/1315 1075/567/1317
f 1070/560/1312 1077/568/1318 1071/561/1313
f 1072/562/1315 1079/569/1319 1078/570/1320
f 1073/563/1294 1077/568/1294 1079/569/1294
f 1070/564/1312 1080/571/1321 1076/572/1322
f 1075/567/1299 1080/571/1299 1074/565/1299
f 1072/566/1315 1081/573/1323 1075/567/1317
f 1076/574/1322 1083/154/1324 1077/568/1318
f 1078/570/1320 1085/153/1325 1084/575/1326
f 1079/569/1294 1083/154/1294 1085/153/1294
f 1076/572/1322 1086/576/1327 1082/155/1328
f 1081/573/1299 1086/576/1299 1080/571/1299
f 1078/577/1320 1087/156/1329 1081/573/1323
f 663/180/1330 1089/578/1331 614/39/1332
f 666/179/1333 1088/579/1334 663/180/1330
f 618/42/1335 1090/580/1336 666/179/1337
f 618/42/1338 1089/578/1331 1091/581/1339
f 668/182/1340 1092/582/1341 1093/583/1342
f 665/584/1343 1094/585/1344 1092/582/1341
f 619/45/1345 1094/585/1344 615/41/1346
f 619/45/1347 1093/583/1348 1095/586/1349
f 1088/579/1334 1097/98/814 1089/578/1331
f 1090/580/1350 1096/96/812 1088/579/1334
f 1090/580/1336 1099/97/1351 1098/587/1352
f 1091/581/1339 1097/98/814 1099/97/1353
f 1093/583/1342 1100/122/842 1101/124/1354
f 1092/582/1341 1102/588/1355 1100/122/842
f 1095/586/1356 1102/588/1355 1094/585/1344
f 1093/583/1348 1103/123/1357 1095/586/1349
f 595/589/1358 1106/84/1359 579/590/1360
f 595/589/1361 1105/83/1362 1107/85/1363
f 579/590/1364 1109/89/1365 606/591/1366
f 606/591/1367 1111/92/1368 610/592/1369
f 614/593/1370 1112/176/1371 663/594/1372
f 610/592/1373 1113/95/1373 614/593/1373
f 594/595/1374 1116/113/1375 662/596/1376
f 594/595/1377 1114/112/1378 1117/114/1379
f 578/597/1380 1119/116/1381 1114/112/1382
f 607/598/1383 1121/118/1384 1119/116/1385
f 611/599/1386 1123/120/1386 1121/118/1386
f 615/600/1387 1122/121/1388 1123/120/1389
f 661/601/1390 1105/83/1391 660/602/1392
f 661/603/1393 1116/113/1394 1124/169/1395
f 664/604/1396 1112/176/1397 1128/605/1398
f 664/606/1399 1122/121/1400 665/607/1401
f 646/149/868 1132/608/1402 645/150/869
f 649/609/876 1138/610/1403 1135/611/1404
f 648/74/1294 1132/608/1405 1138/610/1406
f 646/151/868 1141/612/1407 1129/613/1408
f 650/108/1299 1141/612/1409 647/357/1299
f 649/160/876 1144/614/1410 650/108/828
f 1134/615/1411 1052/616/1297 1053/538/1287
f 1140/617/1412 1054/543/1292 1137/618/1413
f 1134/615/1414 1055/541/1295 1140/617/1415
f 1143/619/1416 1052/547/1297 1131/620/1417
f 1143/619/1418 1057/550/1419 1056/545/1298
f 1146/621/1420 1054/622/1292 1057/550/1300
f 1129/623/1421 1133/624/1422 1132/608/1423
f 1130/625/1424 1134/615/1425 1133/626/1426
f 1133/624/1427 1138/610/1406 1132/608/1405
f 1133/626/1427 1140/617/1415 1139/627/1428
f 1135/628/1404 1145/629/1429 1144/614/1410
f 1136/630/1430 1146/621/1420 1145/631/1429
f 1136/632/1430 1140/617/1412 1137/618/1413
f 1135/611/1404 1139/633/1431 1136/634/1430
f 1130/635/1424 1143/619/1432 1131/620/1433
f 1129/613/1421 1142/636/1434 1130/637/1435
f 1142/638/1436 1146/621/1437 1143/619/1418
f 1142/636/1436 1144/614/1438 1145/629/1439
f 1160/1/1440 1164/2/1441 1162/3/1442
f 1169/4/1443 1162/3/1442 1164/2/1441
f 1446/5/1444 1158/6/1445 1174/7/1446
f 1164/2/1441 1156/8/1447 1154/9/1448
f 1168/10/1449 1164/2/1441 1154/9/1448
f 1428/11/1450 1620/12/1451 1619/13/1452
f 1161/14/1453 1172/15/1454 1166/16/1455
f 1176/17/1456 1157/18/1457 1159/19/1458
f 1166/16/1455 1155/20/1459 1165/21/1460
f 1166/16/1455 1167/22/1461 1153/23/1462
f 1169/4/1443 1152/24/1463 1150/25/1464
f 1378/26/1465 1366/27/1466 1379/28/1467
f 1172/15/1454 1151/29/1468 1167/22/1461
f 1163/30/1469 1174/7/1446 1156/8/1447
f 1173/31/1470 1165/21/1460 1155/20/1459
f 1152/24/1463 1178/32/1471 1150/25/1464
f 1151/29/1468 1177/33/1472 1180/34/1473
f 1179/35/1474 1182/36/1475 1178/32/1471
f 1180/34/1473 1181/37/1476 1184/38/1477
f 1182/36/1475 1187/39/1478 1186/40/1479
f 1181/37/1476 1188/41/1480 1184/38/1477
f 1186/40/1479 1191/42/1481 1190/43/1482
f 1185/44/1483 1192/45/1484 1188/41/1480
f 1190/43/1482 1195/46/1485 1194/47/1486
f 1189/48/1487 1196/49/1488 1192/45/1484
f 1194/47/1486 1199/50/1489 1198/51/1490
f 1193/52/1491 1200/53/1492 1196/49/1488
f 1198/51/1490 1203/54/1493 1202/55/1494
f 1197/56/1495 1204/57/1496 1200/53/1492
f 1298/58/1497 1206/59/1498 1205/60/1499
f 1249/61/1500 1251/62/1501 1250/63/1502
f 1249/64/1500 1253/65/1503 1252/66/1504
f 1150/25/1464 1285/67/1505 1148/68/1506
f 1269/69/1507 1204/57/1496 1201/70/1508
f 1230/71/1509 1168/10/1449 1154/9/1448
f 1230/71/1509 1156/8/1447 1227/72/1510
f 1224/73/1511 1158/6/1445 1221/74/1512
f 1221/74/1512 1445/75/1513 1444/76/1514
f 1512/77/76 1506/78/76 1443/79/76
f 1160/1/1440 1162/3/1442 1451/80/1515
f 1451/80/1515 1162/3/1442 1452/81/1516
f 1207/82/1517 1452/81/1516 1162/3/1442
f 1678/83/1518 1679/84/1519 1680/85/1520
f 1227/72/1510 1174/7/1446 1224/73/1511
f 1263/86/1521 1178/32/1471 1260/87/1522
f 1677/88/1523 1682/89/1524 1679/84/1519
f 1260/87/1522 1182/36/1475 1257/90/1525
f 1681/91/1526 1684/92/1527 1682/89/1524
f 1257/90/1525 1186/40/1479 1254/93/1528
f 1683/94/1529 1686/95/1530 1684/92/1527
f 1251/62/1501 1186/40/1479 1190/43/1482
f 1669/96/1531 1672/97/1532 1670/98/1533
f 1250/63/1502 1190/43/1482 1194/47/1486
f 1191/42/1534 1242/99/1535 1195/46/1536
f 1248/100/1537 1197/56/1495 1193/52/1491
f 1242/99/1535 1199/50/1538 1195/46/1536
f 1266/101/1539 1201/70/1508 1197/56/1495
f 1272/102/1540 1200/53/1541 1204/57/1496
f 1161/14/1453 1292/103/1542 1291/104/1543
f 1429/105/1544 1553/106/1545 1427/107/1546
f 1223/108/1547 1159/19/1458 1157/18/1457
f 1226/109/1548 1157/18/1457 1173/31/1470
f 1229/110/1549 1173/31/1470 1155/20/1459
f 1232/111/1550 1155/20/1459 1153/23/1462
f 1167/22/1461 1232/111/1550 1153/23/1462
f 1687/112/1551 1689/113/1552 1690/114/1553
f 1688/115/1554 1692/116/1555 1691/117/1556
f 1691/117/1556 1694/118/1557 1693/119/1558
f 1693/119/1558 1696/120/1559 1695/121/1560
f 1673/122/1561 1676/123/1562 1674/124/1563
f 1244/125/1564 1192/45/1565 1196/49/1566
f 1244/125/1564 1200/53/1541 1247/126/1567
f 1189/48/1487 1248/100/1537 1193/52/1491
f 1185/44/1483 1253/65/1503 1189/48/1487
f 1259/127/1568 1185/44/1483 1181/37/1476
f 1262/128/1569 1181/37/1476 1177/33/1472
f 1265/129/1570 1177/33/1472 1149/130/1571
f 1300/131/1572 1265/129/1570 1149/130/1571
f 1250/63/1502 1198/51/1490 1268/132/1573
f 1268/132/1573 1202/55/1494 1271/133/1574
f 1271/133/1574 1203/54/1493 1274/134/1575
f 1199/50/1538 1274/134/1575 1203/54/1493
f 1293/135/1576 1208/136/1577 1206/59/1498
f 1453/137/1578 1208/138/1577 1210/139/1579
f 1208/136/1577 1211/140/1580 1210/141/1579
f 1210/141/1579 1214/142/1581 1213/143/1582
f 1213/144/1582 1215/145/1583 1212/146/1584
f 1213/143/1582 1217/147/1585 1216/148/1586
f 1215/145/1583 1219/149/1587 1218/150/1588
f 1217/147/1585 1219/151/1587 1216/148/1586
f 1655/152/1589 1658/153/1590 1656/154/1591
f 1655/155/1589 1660/156/1592 1657/157/1593
f 1221/74/1512 1225/158/1594 1224/73/1511
f 1223/108/1547 1225/159/1594 1222/160/1595
f 1224/73/1511 1228/161/1596 1227/72/1510
f 1226/109/1548 1228/162/1596 1225/159/1594
f 1227/72/1510 1231/163/1597 1230/71/1509
f 1229/110/1549 1231/164/1597 1228/162/1596
f 1231/163/1597 1233/165/1598 1230/71/1509
f 1231/164/1597 1235/166/1599 1234/167/1600
f 1697/168/1601 1677/88/1523 1678/83/1518
f 1697/169/1601 1688/115/1554 1698/170/1602
f 1698/171/1602 1681/91/1526 1677/88/1523
f 1698/170/1602 1691/117/1556 1699/172/1603
f 1699/173/1603 1683/94/1529 1681/91/1526
f 1699/172/1603 1693/119/1558 1700/174/1604
f 1700/175/1604 1685/176/1605 1683/94/1529
f 1700/174/1604 1695/121/1560 1701/177/1606
f 1237/178/1607 1239/179/1608 1236/180/1609
f 1237/181/1607 1241/182/1610 1240/183/1611
f 1239/179/1608 1243/184/1612 1242/99/1535
f 1241/182/1610 1243/185/1612 1240/183/1611
f 1242/99/1535 1246/186/1613 1245/187/1614
f 1244/125/1564 1246/188/1613 1243/185/1612
f 1249/64/1500 1266/101/1539 1248/100/1537
f 1249/61/1500 1268/132/1573 1267/189/1615
f 1252/190/1504 1254/93/1528 1251/62/1501
f 1252/66/1504 1256/191/1616 1255/192/1617
f 1254/93/1528 1258/193/1618 1257/90/1525
f 1256/191/1616 1258/194/1618 1255/192/1617
f 1257/90/1525 1261/195/1619 1260/87/1522
f 1259/127/1568 1261/196/1619 1258/194/1618
f 1260/87/1522 1264/197/1620 1263/86/1521
f 1262/128/1569 1264/198/1620 1261/196/1619
f 1264/197/1620 1286/199/1621 1263/86/1521
f 1267/200/1615 1269/69/1507 1266/101/1539
f 1267/189/1615 1271/133/1574 1270/201/1622
f 1270/202/1622 1272/102/1540 1269/69/1507
f 1270/201/1622 1274/134/1575 1273/203/1623
f 1245/187/1614 1273/203/1623 1274/134/1575
f 1247/126/1567 1273/204/1623 1246/188/1613
f 1170/205/1624 1309/206/1625 1308/207/1626
f 1169/4/1627 1276/208/1628 1275/209/1629
f 1148/68/1506 1276/208/1628 1150/25/1630
f 1277/210/1631 1368/211/1632 1367/212/1633
f 1149/130/1634 1278/213/1635 1147/214/1636
f 1147/214/1636 1278/213/1635 1377/215/1637
f 1278/213/1635 1378/26/1465 1377/215/1637
f 1172/15/1638 1278/213/1635 1149/130/1634
f 1281/216/1639 1280/217/1640 1207/82/1517
f 1281/216/1639 1162/3/1442 1282/218/1641
f 1287/219/1642 1279/220/1643 1288/221/1644
f 1299/222/1645 1298/58/1497 1264/198/1620
f 1276/208/1628 1313/223/1646 1275/209/1629
f 1275/209/1629 1313/223/1646 1309/206/1625
f 1313/223/1646 1310/224/1647 1309/206/1625
f 1345/225/1648 1342/226/1649 1344/227/1650
f 1415/228/76 1420/229/76 1414/230/76
f 1279/220/1651 1284/231/1652 1283/232/1653
f 1283/232/1653 1304/233/1654 1303/234/1655
f 1288/221/1644 1289/235/1656 1285/67/1505
f 1289/235/1657 1306/236/1658 1305/237/1659
f 1294/238/1660 1295/239/1661 1291/104/1662
f 1296/240/1663 1372/241/1664 1295/239/1661
f 1297/242/1665 1302/243/1666 1301/244/1667
f 1301/244/1667 1375/245/1668 1374/246/1669
f 1303/234/1655 1350/247/1670 1351/248/1671
f 1305/237/1659 1354/249/1672 1355/250/1673
f 1310/224/1647 1311/251/1674 1307/252/1675
f 1312/253/1676 1359/254/1677 1311/251/1674
f 1315/255/1678 1316/256/1679 1313/223/1646
f 1317/257/1680 1363/258/1681 1316/256/1679
f 1319/259/1682 1353/260/1683 1318/261/1684
f 1319/259/1682 1321/262/1685 1320/263/1686
f 1321/262/1687 1334/264/1688 1320/263/1686
f 1323/265/1689 1357/266/1690 1322/267/1691
f 1323/265/1689 1325/268/1692 1324/269/1693
f 1324/269/1693 1337/270/1694 1336/271/1695
f 1326/272/1696 1360/273/1697 1361/274/1698
f 1326/272/1696 1328/275/1699 1327/276/1700
f 1328/275/1701 1339/277/1702 1338/278/1703
f 1330/279/1704 1364/280/1705 1365/281/1706
f 1330/279/1704 1332/282/1707 1331/283/1708
f 1333/284/1709 1340/285/1710 1332/282/1707
f 1335/286/1711 1343/287/1712 1334/264/1688
f 1336/271/1695 1345/225/1713 1344/227/1714
f 1338/278/1703 1346/288/1715 1347/289/1716
f 1341/290/1717 1349/291/1718 1340/285/1710
f 1350/247/1670 1352/292/1719 1351/248/1671
f 1354/249/1672 1356/293/1720 1355/250/1673
f 1359/254/1677 1361/274/1698 1360/273/1697
f 1362/294/1721 1364/280/1705 1363/258/1681
f 1366/27/1466 1371/295/1722 1370/296/1723
f 1370/296/1723 1383/297/1724 1382/298/1725
f 1373/299/1726 1384/300/1727 1372/241/1664
f 1375/245/1668 1386/301/1728 1374/246/1669
f 1376/302/1729 1381/303/1730 1380/304/1731
f 1380/304/1731 1389/305/1732 1388/306/1733
f 1383/297/1724 1390/307/1734 1382/298/1725
f 1385/308/1735 1392/309/1736 1384/300/1727
f 1387/310/1737 1394/311/1738 1386/301/1728
f 1388/306/1733 1397/312/1739 1396/313/1740
f 1390/307/1734 1399/314/1741 1398/315/1742
f 1393/316/1743 1400/317/1744 1392/309/1736
f 1395/318/1745 1402/319/1746 1394/311/1738
f 1396/313/1740 1405/320/1747 1404/321/1748
f 1399/314/1749 1406/322/1750 1398/315/1742
f 1400/317/1751 1409/323/1752 1408/324/1753
f 1403/325/1754 1410/326/1755 1402/319/1746
f 1404/321/1748 1413/327/1756 1412/328/1757
f 1407/329/1758 1414/230/1759 1406/322/1750
f 1408/324/1753 1416/330/1760 1417/331/1761
f 1411/332/1762 1419/333/1763 1410/326/1755
f 1412/328/1757 1420/229/1764 1421/334/1765
f 1290/335/1766 1279/220/1651 1283/232/1653
f 1284/231/1652 1308/207/1626 1307/252/1675
f 1315/255/1767 1285/67/1505 1289/235/1656
f 1368/211/1632 1295/239/1661 1369/336/1768
f 1296/240/1663 1297/242/1665 1301/244/1667
f 1302/243/1666 1377/215/1637 1376/302/1729
f 1290/335/1766 1303/234/1655 1306/236/1658
f 1284/231/1652 1311/251/1674 1304/233/1654
f 1312/253/1676 1313/223/1646 1316/256/1679
f 1317/257/1680 1289/235/1657 1305/237/1659
f 1322/267/1691 1320/263/1686 1325/268/1692
f 1327/276/1700 1321/262/1685 1318/261/1684
f 1326/272/1696 1332/282/1707 1329/337/1769
f 1323/265/1689 1333/284/1709 1330/279/1704
f 1325/268/1692 1334/264/1688 1337/270/1694
f 1321/262/1687 1338/278/1703 1335/286/1711
f 1332/282/1707 1339/277/1702 1329/337/1769
f 1333/284/1709 1336/271/1695 1341/290/1717
f 1337/270/1694 1343/287/1712 1345/225/1713
f 1335/286/1711 1347/289/1716 1342/226/1770
f 1340/285/1710 1346/288/1715 1339/277/1702
f 1341/290/1717 1344/227/1714 1348/338/1771
f 1351/248/1671 1357/266/1690 1354/249/1672
f 1350/247/1670 1360/273/1697 1353/260/1683
f 1356/293/1720 1362/294/1721 1355/250/1673
f 1358/339/1772 1364/280/1705 1361/274/1698
f 1306/236/1658 1351/248/1671 1354/249/1672
f 1304/233/1654 1359/254/1677 1350/247/1670
f 1316/256/1679 1358/339/1772 1312/253/1676
f 1317/257/1680 1355/250/1673 1362/294/1721
f 1352/292/1719 1322/267/1691 1357/266/1690
f 1353/260/1683 1327/276/1700 1318/261/1684
f 1361/274/1698 1331/283/1708 1326/272/1696
f 1365/281/1706 1323/265/1689 1330/279/1704
f 1371/295/1722 1295/239/1661 1372/241/1664
f 1301/244/1667 1373/299/1726 1296/240/1663
f 1302/243/1666 1380/304/1731 1375/245/1668
f 1379/28/1467 1370/296/1723 1381/303/1730
f 1372/241/1664 1383/297/1724 1371/295/1722
f 1374/246/1669 1385/308/1735 1373/299/1726
f 1375/245/1668 1388/306/1733 1387/310/1737
f 1381/303/1730 1382/298/1725 1389/305/1732
f 1384/300/1727 1391/340/1773 1383/297/1724
f 1386/301/1728 1393/316/1743 1385/308/1735
f 1387/310/1737 1396/313/1740 1395/318/1745
f 1389/305/1732 1390/307/1734 1397/312/1739
f 1391/340/1773 1400/317/1744 1399/314/1741
f 1394/311/1738 1401/341/1774 1393/316/1743
f 1396/313/1740 1403/325/1754 1395/318/1745
f 1397/312/1739 1398/315/1742 1405/320/1747
f 1399/314/1749 1408/324/1753 1407/329/1758
f 1402/319/1746 1409/323/1752 1401/341/1774
f 1403/325/1754 1412/328/1757 1411/332/1762
f 1405/320/1747 1406/322/1750 1413/327/1756
f 1408/324/1753 1415/228/1775 1407/329/1758
f 1410/326/1755 1416/330/1760 1409/323/1752
f 1411/332/1762 1421/334/1765 1418/342/1776
f 1413/327/1756 1414/230/1759 1420/229/1764
f 1280/217/1640 1282/218/1641 1279/220/1643
f 1285/67/1505 1286/199/1621 1288/221/1644
f 1291/104/1543 1293/135/1576 1294/238/1777
f 1297/242/1665 1298/58/1497 1299/222/1645
f 1307/252/1675 1309/206/1625 1310/224/1647
f 1276/208/1628 1315/255/1778 1313/223/1646
f 1367/212/1633 1369/336/1768 1366/27/1466
f 1376/302/1729 1378/26/1465 1379/28/1467
f 1309/206/1625 1169/4/1627 1275/209/1629
f 1285/67/1505 1314/343/1779 1148/68/1506
f 1263/86/1521 1285/67/1505 1150/25/1464
f 1147/214/1636 1300/131/1572 1149/130/1571
f 1299/222/1645 1264/198/1620 1265/129/1570
f 1264/197/1620 1287/219/1642 1286/199/1621
f 1287/219/1642 1206/344/1498 1280/217/1640
f 1293/135/1576 1297/242/1665 1294/238/1777
f 1280/217/1640 1208/138/1577 1207/82/1517
f 1209/345/1780 1293/135/1576 1292/103/1542
f 1282/218/1641 1162/3/1442 1170/205/1781
f 1161/14/1453 1291/104/1543 1171/346/1782
f 1348/338/1783 1346/288/1784 1349/291/1785
f 1344/227/1650 1347/289/1786 1348/338/1783
f 1417/331/76 1419/333/76 1418/342/76
f 1421/334/76 1417/331/76 1418/342/76
f 1277/210/1631 1378/26/1465 1278/213/1635
f 1377/215/1637 1300/131/1572 1147/214/1636
f 1297/242/1665 1299/222/1645 1300/131/1572
f 1288/221/1644 1286/199/1621 1287/219/1642
f 1205/347/1499 1287/219/1642 1264/197/1620
f 1264/198/1620 1298/58/1497 1205/60/1499
f 1172/15/1638 1171/346/1787 1277/210/1631
f 1171/346/1787 1291/104/1662 1368/211/1632
f 1308/207/1626 1282/218/1788 1170/205/1624
f 1175/348/1789 1424/349/1790 1422/350/1791
f 1469/351/1792 1424/349/1790 1163/30/1793
f 1215/145/1794 1459/352/1795 1458/353/1796
f 1212/146/1797 1215/145/1798 1458/353/1799
f 1176/17/1456 1429/105/1544 1428/11/1450
f 1176/17/1456 1430/354/1800 1165/21/1460
f 1159/19/1458 1431/355/1801 1429/105/1544
f 1552/356/1802 1431/355/1801 1220/357/1803
f 1454/358/1804 1213/144/1582 1212/146/1584
f 1422/350/1791 1467/359/1805 1423/360/1806
f 1512/77/76 1511/361/76 1510/362/76
f 1446/5/1444 1448/363/1807 1444/76/1514
f 1447/364/1808 1449/365/1809 1448/363/1807
f 1450/366/1810 1463/367/1811 1449/365/1809
f 1454/358/1812 1455/368/1813 1451/80/1814
f 1456/369/1815 1465/370/1816 1455/368/1813
f 1457/371/1817 1462/372/1818 1461/373/1819
f 1470/374/1820 1471/375/1821 1467/359/1805
f 1473/376/1822 1481/377/1823 1436/378/1824
f 1476/379/1825 1482/380/1826 1475/381/1827
f 1478/382/1828 1484/383/1829 1477/384/1830
f 1479/385/1831 1487/386/1832 1486/387/1833
f 1481/377/1823 1488/388/1834 1436/378/1824
f 1482/380/1826 1491/389/1835 1490/390/1836
f 1484/383/1829 1493/391/1837 1492/392/1838
f 1487/386/1832 1494/393/1839 1486/387/1833
f 1488/388/1834 1497/394/1840 1496/395/1841
f 1491/389/1835 1498/396/1842 1490/390/1836
f 1492/392/1838 1501/397/1843 1500/398/1844
f 1494/393/1839 1503/399/1845 1502/400/1846
f 1497/394/1840 1505/401/1847 1496/395/1841
f 1498/396/1842 1506/78/1848 1507/402/1849
f 1500/398/1844 1509/403/1850 1508/404/1851
f 1503/399/1845 1511/361/1852 1502/400/1846
f 1422/350/1791 1450/366/1810 1447/364/1808
f 1447/364/1808 1175/348/1789 1422/350/1791
f 1444/76/1514 1425/405/1853 1218/150/1854
f 1456/369/1815 1212/146/1797 1426/406/1855
f 1470/374/1820 1451/80/1814 1455/368/1813
f 1426/406/1855 1461/373/1819 1432/407/1856
f 1460/408/1857 1463/367/1811 1462/372/1818
f 1423/360/1806 1464/409/1858 1450/366/1810
f 1426/406/1855 1466/410/1859 1456/369/1815
f 1423/360/1806 1471/375/1821 1433/411/1860
f 1472/412/1861 1455/368/1813 1465/370/1816
f 1434/413/1862 1473/376/1822 1436/378/1824
f 1474/414/1863 1482/380/1826 1481/377/1823
f 1435/415/1864 1483/416/1865 1476/379/1825
f 1478/382/1828 1436/378/1824 1485/417/1866
f 1479/385/1831 1437/418/1867 1435/415/1864
f 1480/419/1868 1484/383/1829 1487/386/1832
f 1436/378/1824 1488/388/1834 1438/420/1869
f 1481/377/1823 1490/390/1836 1489/421/1870
f 1483/416/1865 1439/422/1871 1491/389/1835
f 1485/417/1866 1438/420/1869 1493/391/1837
f 1486/387/1833 1439/422/1871 1437/418/1867
f 1487/386/1832 1492/392/1838 1495/423/1872
f 1438/420/1869 1496/395/1841 1440/424/1873
f 1489/421/1870 1498/396/1842 1497/394/1840
f 1439/422/1871 1499/425/1874 1491/389/1835
f 1493/391/1837 1440/424/1873 1501/397/1843
f 1494/393/1839 1441/426/1875 1439/422/1871
f 1495/423/1872 1500/398/1844 1503/399/1845
f 1440/424/1873 1505/401/1847 1442/427/1876
f 1497/394/1840 1507/402/1849 1504/428/1877
f 1441/426/1875 1506/78/1848 1499/425/1874
f 1501/397/1843 1442/427/1876 1509/403/1850
f 1502/400/1846 1443/79/1878 1441/426/1875
f 1503/399/1845 1508/404/1851 1510/362/1879
f 1448/363/1807 1449/365/1809 1425/405/1853
f 1460/408/1857 1459/352/1795 1449/365/1809
f 1459/352/1795 1425/405/1853 1449/365/1809
f 1444/76/1514 1445/75/1513 1446/5/1444
f 1452/81/1516 1454/358/1804 1451/80/1515
f 1458/353/1796 1460/408/1857 1457/371/1817
f 1467/359/1805 1469/351/1792 1470/374/1820
f 1174/7/1446 1175/348/1789 1446/5/1444
f 1218/150/1854 1221/74/1512 1444/76/1514
f 1467/359/1805 1424/349/1790 1468/429/1880
f 1160/1/1881 1470/374/1820 1469/351/1792
f 1208/138/1577 1452/81/1516 1207/82/1517
f 1454/358/1804 1210/139/1579 1213/144/1582
f 1212/146/1797 1457/371/1817 1426/406/1855
f 1508/404/76 1512/77/76 1510/362/76
f 1513/430/76 1507/402/76 1512/77/76
f 1509/403/76 1513/430/76 1508/404/76
f 1505/401/76 1513/430/76 1442/427/76
f 1515/431/1882 1517/432/1883 1516/433/1884
f 1515/431/1882 1519/434/1885 1518/435/1886
f 1522/436/1887 1524/437/1888 1523/438/1889
f 1520/439/1890 1524/437/1888 1521/440/1891
f 1527/441/1892 1529/442/1893 1528/443/1894
f 1527/441/1892 1531/444/1895 1530/445/1896
f 1534/446/1897 1536/447/1898 1535/448/1899
f 1532/449/1900 1536/447/1898 1533/450/1901
f 1462/372/1818 1514/451/1902 1461/373/1819
f 1463/367/1811 1525/452/1903 1520/439/1890
f 1466/410/1859 1526/453/1904 1465/370/1816
f 1471/375/1821 1537/454/1905 1532/449/1900
f 1516/433/1884 1474/414/1863 1473/376/1822
f 1523/438/1889 1475/381/1827 1522/436/1887
f 1528/443/1894 1478/382/1828 1477/384/1830
f 1535/448/1899 1479/385/1831 1534/446/1897
f 1432/407/1856 1514/451/1906 1538/455/1907
f 1462/372/1818 1520/439/1890 1519/434/1885
f 1464/409/1858 1543/456/1908 1525/452/1903
f 1432/407/1856 1531/444/1895 1466/410/1859
f 1433/411/1860 1532/449/1900 1543/456/1908
f 1465/370/1816 1537/454/1905 1472/412/1861
f 1540/457/1909 1473/376/1822 1434/413/1862
f 1517/432/1883 1475/381/1827 1474/414/1863
f 1541/458/1910 1476/379/1825 1523/438/1889
f 1529/442/1893 1434/413/1862 1478/382/1828
f 1534/446/1897 1435/415/1864 1541/458/1910
f 1535/448/1899 1477/384/1830 1480/419/1868
f 1515/431/1911 1538/455/1907 1514/451/1906
f 1516/433/1912 1539/459/1913 1515/431/1911
f 1518/435/1886 1522/436/1887 1517/432/1883
f 1519/434/1885 1521/440/1891 1518/435/1886
f 1523/438/1889 1542/460/1914 1541/458/1910
f 1524/437/1888 1543/456/1908 1542/460/1914
f 1526/453/1904 1536/447/1898 1537/454/1905
f 1528/443/1894 1536/447/1898 1527/441/1892
f 1530/445/1896 1540/457/1909 1529/442/1893
f 1530/445/1896 1538/455/1907 1539/459/1913
f 1533/450/1901 1543/456/1908 1532/449/1900
f 1533/450/1901 1541/458/1910 1542/460/1914
f 1545/461/1915 1211/140/1580 1209/345/1780
f 1166/16/1455 1545/461/1915 1161/14/1453
f 1586/462/1916 1593/463/1916 1592/464/1916
f 1544/465/1917 1548/466/1918 1547/467/1919
f 1548/466/1918 1595/468/1920 1547/467/1919
f 1549/469/1921 1610/470/1922 1611/471/1923
f 1550/472/1924 1553/106/1545 1552/356/1925
f 1554/473/1926 1602/474/1927 1603/475/1928
f 1555/476/1929 1557/477/1930 1556/478/1931
f 1557/477/1932 1570/479/1933 1556/478/1931
f 1559/480/1934 1609/481/1935 1558/482/1936
f 1558/482/1936 1560/483/1937 1559/480/1934
f 1560/483/1938 1573/484/1939 1572/485/1940
f 1563/486/1941 1615/487/1942 1562/488/1943
f 1563/486/1941 1565/489/1944 1564/490/1945
f 1564/490/1945 1575/491/1946 1574/492/1947
f 1566/493/1948 1598/494/1949 1599/495/1950
f 1566/493/1948 1568/496/1951 1567/497/1952
f 1569/498/1953 1576/499/1954 1568/496/1951
f 1570/479/1933 1579/500/1955 1578/501/1956
f 1573/484/1939 1580/502/1957 1572/485/1940
f 1575/491/1946 1582/503/1958 1574/492/1947
f 1576/499/1954 1585/504/1959 1584/505/1960
f 1579/500/1955 1586/462/1961 1578/501/1956
f 1580/502/1957 1588/506/1962 1589/507/1963
f 1582/503/1958 1590/508/1964 1591/509/1965
f 1585/504/1959 1593/463/1966 1584/505/1960
f 1594/510/1967 1597/511/1968 1595/468/1920
f 1597/511/1969 1599/495/1950 1598/494/1949
f 1600/512/1970 1603/475/1928 1602/474/1927
f 1600/512/1970 1604/513/1971 1601/514/1972
f 1605/515/1973 1621/516/1974 1604/513/1971
f 1607/517/1975 1608/518/1976 1606/519/1977
f 1607/517/1975 1611/471/1923 1610/470/1922
f 1613/520/1978 1614/521/1979 1612/522/1980
f 1613/520/1978 1617/523/1981 1616/524/1982
f 1616/524/1982 1622/525/1983 1624/526/1984
f 1430/354/1800 1618/527/1985 1548/466/1918
f 1620/12/1451 1549/469/1921 1621/516/1974
f 1546/528/1986 1430/354/1800 1548/466/1918
f 1214/142/1987 1623/529/1988 1622/525/1983
f 1544/465/1917 1547/467/1919 1211/140/1989
f 1547/467/1919 1624/526/1984 1211/140/1989
f 1211/140/1989 1624/526/1984 1623/529/1988
f 1214/142/1987 1552/356/1990 1217/147/1991
f 1554/473/1926 1560/483/1937 1557/477/1930
f 1563/486/1941 1561/530/1992 1558/482/1936
f 1567/497/1952 1565/489/1944 1562/488/1943
f 1566/493/1948 1556/478/1931 1569/498/1953
f 1560/483/1938 1571/531/1993 1557/477/1932
f 1564/490/1945 1573/484/1939 1561/530/1992
f 1568/496/1951 1575/491/1946 1565/489/1944
f 1569/498/1953 1570/479/1933 1577/532/1994
f 1572/485/1940 1579/500/1955 1571/531/1993
f 1574/492/1947 1581/533/1995 1573/484/1939
f 1576/499/1954 1583/534/1996 1575/491/1946
f 1577/532/1994 1578/501/1956 1585/504/1959
f 1580/502/1957 1587/535/1997 1579/500/1955
f 1581/533/1995 1591/509/1965 1588/506/1962
f 1584/505/1960 1590/508/1964 1583/534/1996
f 1578/501/1956 1592/464/1998 1585/504/1959
f 1604/513/1971 1549/469/1921 1611/471/1923
f 1550/472/1924 1617/523/1981 1610/470/1922
f 1624/526/1984 1595/468/1920 1616/524/1982
f 1618/527/1985 1594/510/1967 1548/466/1918
f 1603/475/1928 1559/480/1934 1554/473/1926
f 1614/521/1979 1558/482/1936 1609/481/1935
f 1598/494/1949 1562/488/1943 1615/487/1942
f 1599/495/1950 1555/476/1929 1566/493/1948
f 1605/515/1973 1596/536/1999 1594/510/1967
f 1602/474/1927 1596/536/1999 1600/512/1970
f 1601/514/1972 1608/518/1976 1603/475/1928
f 1601/514/1972 1611/471/1923 1606/519/1977
f 1609/481/1935 1612/522/1980 1614/521/1979
f 1610/470/1922 1612/522/1980 1607/517/1975
f 1615/487/1942 1597/511/1969 1598/494/1949
f 1616/524/1982 1597/511/1968 1613/520/1978
f 1544/465/2000 1545/461/1915 1546/528/2001
f 1551/537/2002 1552/356/2003 1553/106/1545
f 1619/13/1452 1621/516/1974 1618/527/1985
f 1622/525/1983 1623/529/1988 1624/526/1984
f 1427/107/1546 1428/11/1450 1429/105/1544
f 1429/105/1544 1551/537/2002 1553/106/1545
f 1427/107/1546 1553/106/1545 1620/12/1451
f 1619/13/1452 1430/354/1800 1428/11/1450
f 1545/461/1915 1165/21/1460 1546/528/2001
f 1545/461/1915 1209/345/1780 1161/14/1453
f 1587/535/1916 1590/508/1916 1593/463/1916
f 1589/507/1916 1591/509/1916 1590/508/1916
f 1163/30/1793 1160/1/1881 1469/351/1792
f 1220/357/1803 1217/147/2004 1552/356/1802
f 1459/352/1795 1218/150/2005 1425/405/1853
f 1214/142/1987 1622/525/1983 1550/472/1924
f 1626/538/2006 1631/539/2007 1632/540/2008
f 1628/541/2009 1633/542/2010 1627/543/2011
f 1626/538/2012 1634/544/2013 1628/541/2014
f 1629/545/2015 1631/546/2007 1625/547/2016
f 1629/545/2017 1636/548/2018 1635/549/2018
f 1630/550/2019 1633/551/2010 1636/548/2020
f 1632/540/2021 1637/552/2022 1638/553/2023
f 1634/544/2024 1639/554/2025 1633/542/2026
f 1634/544/2013 1638/553/2013 1640/555/2013
f 1635/549/2027 1637/556/2022 1631/546/2028
f 1636/548/2018 1641/557/2018 1635/549/2018
f 1636/548/2029 1639/558/2025 1642/559/2030
f 1638/553/2023 1643/560/2031 1644/561/2032
f 1640/555/2033 1645/562/2034 1639/554/2025
f 1640/555/2013 1644/561/2013 1646/563/2013
f 1641/557/2035 1643/564/2031 1637/556/2022
f 1642/559/2018 1647/565/2018 1641/557/2018
f 1642/559/2030 1645/566/2034 1648/567/2036
f 1643/560/2031 1650/568/2037 1644/561/2032
f 1645/562/2034 1652/569/2038 1651/570/2039
f 1646/563/2013 1650/568/2013 1652/569/2013
f 1643/564/2031 1653/571/2040 1649/572/2041
f 1648/567/2018 1653/571/2018 1647/565/2018
f 1645/566/2034 1654/573/2042 1648/567/2036
f 1649/574/2041 1656/154/2043 1650/568/2037
f 1651/570/2039 1658/153/2044 1657/575/2045
f 1652/569/2013 1656/154/2013 1658/153/2013
f 1649/572/2041 1659/576/2046 1655/155/2047
f 1654/573/2018 1659/576/2018 1653/571/2018
f 1651/577/2039 1660/156/2048 1654/573/2042
f 1236/180/2049 1662/578/2050 1187/39/2051
f 1239/179/2052 1661/579/2053 1236/180/2049
f 1191/42/2054 1663/580/2055 1239/179/2056
f 1191/42/2057 1662/578/2050 1664/581/2058
f 1241/182/2059 1665/582/2060 1666/583/2061
f 1238/584/2062 1667/585/2063 1665/582/2060
f 1192/45/2064 1667/585/2063 1188/41/2065
f 1192/45/2066 1666/583/2067 1668/586/2068
f 1661/579/2053 1670/98/1533 1662/578/2050
f 1663/580/2069 1669/96/1531 1661/579/2053
f 1663/580/2055 1672/97/2070 1671/587/2071
f 1664/581/2058 1670/98/1533 1672/97/2072
f 1666/583/2061 1673/122/1561 1674/124/2073
f 1665/582/2060 1675/588/2074 1673/122/1561
f 1668/586/2075 1675/588/2074 1667/585/2063
f 1666/583/2067 1676/123/2076 1668/586/2068
f 1168/589/2077 1679/84/2078 1152/590/2079
f 1168/589/2080 1678/83/2081 1680/85/2082
f 1152/590/2083 1682/89/2084 1179/591/2085
f 1179/591/2086 1684/92/2087 1183/592/2088
f 1187/593/2089 1685/176/2090 1236/594/2091
f 1183/592/2092 1686/95/2092 1187/593/2092
f 1167/595/2093 1689/113/2094 1235/596/2095
f 1167/595/2096 1687/112/2097 1690/114/2098
f 1151/597/2099 1692/116/2100 1687/112/2101
f 1180/598/2102 1694/118/2103 1692/116/2104
f 1184/599/2105 1696/120/2105 1694/118/2105
f 1188/600/2106 1695/121/2107 1696/120/2108
f 1234/601/2109 1678/83/2110 1233/602/2111
f 1234/603/2112 1689/113/2113 1697/169/2114
f 1237/604/2115 1685/176/2116 1701/605/2117
f 1237/606/2118 1695/121/2119 1238/607/2120
f 1219/149/1587 1705/608/2121 1218/150/1588
f 1222/609/1595 1711/610/2122 1708/611/2123
f 1221/74/2013 1705/608/2124 1711/610/2125
f 1219/151/1587 1714/612/2126 1702/613/2127
f 1223/108/2018 1714/612/2128 1220/357/2018
f 1222/160/1595 1717/614/2129 1223/108/1547
f 1707/615/2130 1625/616/2016 1626/538/2006
f 1713/617/2131 1627/543/2011 1710/618/2132
f 1707/615/2133 1628/541/2014 1713/617/2134
f 1716/619/2135 1625/547/2016 1704/620/2136
f 1716/619/2137 1630/550/2138 1629/545/2017
f 1719/621/2139 1627/622/2011 1630/550/2019
f 1702/623/2140 1706/624/2141 1705/608/2142
f 1703/625/2143 1707/615/2144 1706/626/2145
f 1706/624/2146 1711/610/2125 1705/608/2124
f 1706/626/2146 1713/617/2134 1712/627/2147
f 1708/628/2123 1718/629/2148 1717/614/2129
f 1709/630/2149 1719/621/2139 1718/631/2148
f 1709/632/2149 1713/617/2131 1710/618/2132
f 1708/611/2123 1712/633/2150 1709/634/2149
f 1703/635/2143 1716/619/2151 1704/620/2152
f 1702/613/2140 1715/636/2153 1703/637/2154
f 1715/638/2155 1719/621/2156 1716/619/2137
f 1715/636/2155 1717/614/2157 1718/629/2158
f 1733/1/2159 1737/2/2160 1735/3/2161
f 1742/4/2162 1735/3/2161 1737/2/2160
f 2019/5/2163 1731/6/2164 1747/7/2165
f 1737/2/2160 1729/8/2166 1727/9/2167
f 1741/10/2168 1737/2/2160 1727/9/2167
f 2001/11/2169 2193/12/2170 2192/13/2171
f 1734/14/2172 1745/15/2173 1739/16/2174
f 1749/17/2175 1730/18/2176 1732/19/2177
f 1739/16/2174 1728/20/2178 1738/21/2179
f 1739/16/2174 1740/22/2180 1726/23/2181
f 1742/4/2162 1725/24/2182 1723/25/2183
f 1951/26/2184 1939/27/2185 1952/28/2186
f 1745/15/2173 1724/29/2187 1740/22/2180
f 1736/30/2188 1747/7/2165 1729/8/2166
f 1746/31/2189 1738/21/2179 1728/20/2178
f 1725/24/2182 1751/32/2190 1723/25/2183
f 1724/29/2187 1750/33/2191 1753/34/2192
f 1752/35/2193 1755/36/2194 1751/32/2190
f 1753/34/2192 1754/37/2195 1757/38/2196
f 1755/36/2194 1760/39/2197 1759/40/2198
f 1754/37/2195 1761/41/2199 1757/38/2196
f 1759/40/2198 1764/42/2200 1763/43/2201
f 1758/44/2202 1765/45/2203 1761/41/2199
f 1763/43/2201 1768/46/2204 1767/47/2205
f 1762/48/2206 1769/49/2207 1765/45/2203
f 1767/47/2205 1772/50/2208 1771/51/2209
f 1766/52/2210 1773/53/2211 1769/49/2207
f 1771/51/2209 1776/54/2212 1775/55/2213
f 1770/56/2214 1777/57/2215 1773/53/2211
f 1871/58/2216 1779/59/2217 1778/60/2218
f 1822/61/2219 1824/62/2220 1823/63/2221
f 1822/64/2219 1826/65/2222 1825/66/2223
f 1723/25/2183 1858/67/2224 1721/68/2225
f 1842/69/2226 1777/57/2215 1774/70/2227
f 1803/71/2228 1741/10/2168 1727/9/2167
f 1803/71/2228 1729/8/2166 1800/72/2229
f 1797/73/2230 1731/6/2164 1794/74/2231
f 1794/74/2231 2018/75/2232 2017/76/2233
f 2085/77/76 2079/78/76 2016/79/76
f 1733/1/2159 1735/3/2161 2024/80/2234
f 2024/80/2234 1735/3/2161 2025/81/2235
f 1780/82/2236 2025/81/2235 1735/3/2161
f 2251/83/2237 2252/84/2238 2253/85/2239
f 1800/72/2229 1747/7/2165 1797/73/2230
f 1836/86/2240 1751/32/2190 1833/87/2241
f 2250/88/2242 2255/89/2243 2252/84/2238
f 1833/87/2241 1755/36/2194 1830/90/2244
f 2254/91/2245 2257/92/2246 2255/89/2243
f 1830/90/2244 1759/40/2198 1827/93/2247
f 2256/94/2248 2259/95/2249 2257/92/2246
f 1824/62/2220 1759/40/2198 1763/43/2201
f 2242/96/2250 2245/97/2251 2243/98/2252
f 1823/63/2221 1763/43/2201 1767/47/2205
f 1764/42/2253 1815/99/2254 1768/46/2255
f 1821/100/2256 1770/56/2214 1766/52/2210
f 1815/99/2254 1772/50/2257 1768/46/2255
f 1839/101/2258 1774/70/2227 1770/56/2214
f 1845/102/2259 1773/53/2260 1777/57/2215
f 1734/14/2172 1865/103/2261 1864/104/2262
f 2002/105/2263 2126/106/2264 2000/107/2265
f 1796/108/2266 1732/19/2177 1730/18/2176
f 1799/109/2267 1730/18/2176 1746/31/2189
f 1802/110/2268 1746/31/2189 1728/20/2178
f 1805/111/2269 1728/20/2178 1726/23/2181
f 1740/22/2180 1805/111/2269 1726/23/2181
f 2260/112/2270 2262/113/2271 2263/114/2272
f 2261/115/2273 2265/116/2274 2264/117/2275
f 2264/117/2275 2267/118/2276 2266/119/2277
f 2266/119/2277 2269/120/2278 2268/121/2279
f 2246/122/2280 2249/123/2281 2247/124/2282
f 1817/125/2283 1765/45/2284 1769/49/2285
f 1817/125/2283 1773/53/2260 1820/126/2286
f 1762/48/2206 1821/100/2256 1766/52/2210
f 1758/44/2202 1826/65/2222 1762/48/2206
f 1832/127/2287 1758/44/2202 1754/37/2195
f 1835/128/2288 1754/37/2195 1750/33/2191
f 1838/129/2289 1750/33/2191 1722/130/2290
f 1873/131/2291 1838/129/2289 1722/130/2290
f 1823/63/2221 1771/51/2209 1841/132/2292
f 1841/132/2292 1775/55/2213 1844/133/2293
f 1844/133/2293 1776/54/2212 1847/134/2294
f 1772/50/2257 1847/134/2294 1776/54/2212
f 1866/135/2295 1781/136/2296 1779/59/2217
f 2026/137/2297 1781/138/2296 1783/139/2298
f 1781/136/2296 1784/140/2299 1783/141/2298
f 1783/141/2298 1787/142/2300 1786/143/2301
f 1786/144/2301 1788/145/2302 1785/146/2303
f 1786/143/2301 1790/147/2304 1789/148/2305
f 1788/145/2302 1792/149/2306 1791/150/2307
f 1790/147/2304 1792/151/2306 1789/148/2305
f 2228/152/2308 2231/153/2309 2229/154/2310
f 2228/155/2308 2233/156/2311 2230/157/2312
f 1794/74/2231 1798/158/2313 1797/73/2230
f 1796/108/2266 1798/159/2313 1795/160/2314
f 1797/73/2230 1801/161/2315 1800/72/2229
f 1799/109/2267 1801/162/2315 1798/159/2313
f 1800/72/2229 1804/163/2316 1803/71/2228
f 1802/110/2268 1804/164/2316 1801/162/2315
f 1804/163/2316 1806/165/2317 1803/71/2228
f 1804/164/2316 1808/166/2318 1807/167/2319
f 2270/168/2320 2250/88/2242 2251/83/2237
f 2270/169/2320 2261/115/2273 2271/170/2321
f 2271/171/2321 2254/91/2245 2250/88/2242
f 2271/170/2321 2264/117/2275 2272/172/2322
f 2272/173/2322 2256/94/2248 2254/91/2245
f 2272/172/2322 2266/119/2277 2273/174/2323
f 2273/175/2323 2258/176/2324 2256/94/2248
f 2273/174/2323 2268/121/2279 2274/177/2325
f 1810/178/2326 1812/179/2327 1809/180/2328
f 1810/181/2326 1814/182/2329 1813/183/2330
f 1812/179/2327 1816/184/2331 1815/99/2254
f 1814/182/2329 1816/185/2331 1813/183/2330
f 1815/99/2254 1819/186/2332 1818/187/2333
f 1817/125/2283 1819/188/2332 1816/185/2331
f 1822/64/2219 1839/101/2258 1821/100/2256
f 1822/61/2219 1841/132/2292 1840/189/2334
f 1825/190/2223 1827/93/2247 1824/62/2220
f 1825/66/2223 1829/191/2335 1828/192/2336
f 1827/93/2247 1831/193/2337 1830/90/2244
f 1829/191/2335 1831/194/2337 1828/192/2336
f 1830/90/2244 1834/195/2338 1833/87/2241
f 1832/127/2287 1834/196/2338 1831/194/2337
f 1833/87/2241 1837/197/2339 1836/86/2240
f 1835/128/2288 1837/198/2339 1834/196/2338
f 1837/197/2339 1859/199/2340 1836/86/2240
f 1840/200/2334 1842/69/2226 1839/101/2258
f 1840/189/2334 1844/133/2293 1843/201/2341
f 1843/202/2341 1845/102/2259 1842/69/2226
f 1843/201/2341 1847/134/2294 1846/203/2342
f 1818/187/2333 1846/203/2342 1847/134/2294
f 1820/126/2286 1846/204/2342 1819/188/2332
f 1743/205/2343 1882/206/2344 1881/207/2345
f 1742/4/2346 1849/208/2347 1848/209/2348
f 1721/68/2225 1849/208/2347 1723/25/2349
f 1850/210/2350 1941/211/2351 1940/212/2352
f 1722/130/2353 1851/213/2354 1720/214/2355
f 1720/214/2355 1851/213/2354 1950/215/2356
f 1851/213/2354 1951/26/2184 1950/215/2356
f 1745/15/2357 1851/213/2354 1722/130/2353
f 1854/216/2358 1853/217/2359 1780/82/2236
f 1854/216/2358 1735/3/2161 1855/218/2360
f 1860/219/2361 1852/220/2362 1861/221/2363
f 1872/222/2364 1871/58/2216 1837/198/2339
f 1849/208/2347 1886/223/2365 1848/209/2348
f 1848/209/2348 1886/223/2365 1882/206/2344
f 1886/223/2365 1883/224/2366 1882/206/2344
f 1918/225/2367 1915/226/2368 1917/227/2369
f 1988/228/76 1993/229/76 1987/230/76
f 1852/220/2370 1857/231/2371 1856/232/2372
f 1856/232/2372 1877/233/2373 1876/234/2374
f 1861/221/2363 1862/235/2375 1858/67/2224
f 1862/235/2376 1879/236/2377 1878/237/2378
f 1867/238/2379 1868/239/2380 1864/104/2381
f 1869/240/2382 1945/241/2383 1868/239/2380
f 1870/242/2384 1875/243/2385 1874/244/2386
f 1874/244/2386 1948/245/2387 1947/246/2388
f 1876/234/2374 1923/247/2389 1924/248/2390
f 1878/237/2378 1927/249/2391 1928/250/2392
f 1883/224/2366 1884/251/2393 1880/252/2394
f 1885/253/2395 1932/254/2396 1884/251/2393
f 1888/255/2397 1889/256/2398 1886/223/2365
f 1890/257/2399 1936/258/2400 1889/256/2398
f 1892/259/2401 1926/260/2402 1891/261/2403
f 1892/259/2401 1894/262/2404 1893/263/2405
f 1894/262/2406 1907/264/2407 1893/263/2405
f 1896/265/2408 1930/266/2409 1895/267/2410
f 1896/265/2408 1898/268/2411 1897/269/2412
f 1897/269/2412 1910/270/2413 1909/271/2414
f 1899/272/2415 1933/273/2416 1934/274/2417
f 1899/272/2415 1901/275/2418 1900/276/2419
f 1901/275/2420 1912/277/2421 1911/278/2422
f 1903/279/2423 1937/280/2424 1938/281/2425
f 1903/279/2423 1905/282/2426 1904/283/2427
f 1906/284/2428 1913/285/2429 1905/282/2426
f 1908/286/2430 1916/287/2431 1907/264/2407
f 1909/271/2414 1918/225/2432 1917/227/2433
f 1911/278/2422 1919/288/2434 1920/289/2435
f 1914/290/2436 1922/291/2437 1913/285/2429
f 1923/247/2389 1925/292/2438 1924/248/2390
f 1927/249/2391 1929/293/2439 1928/250/2392
f 1932/254/2396 1934/274/2417 1933/273/2416
f 1935/294/2440 1937/280/2424 1936/258/2400
f 1939/27/2185 1944/295/2441 1943/296/2442
f 1943/296/2442 1956/297/2443 1955/298/2444
f 1946/299/2445 1957/300/2446 1945/241/2383
f 1948/245/2387 1959/301/2447 1947/246/2388
f 1949/302/2448 1954/303/2449 1953/304/2450
f 1953/304/2450 1962/305/2451 1961/306/2452
f 1956/297/2443 1963/307/2453 1955/298/2444
f 1958/308/2454 1965/309/2455 1957/300/2446
f 1960/310/2456 1967/311/2457 1959/301/2447
f 1961/306/2452 1970/312/2458 1969/313/2459
f 1963/307/2453 1972/314/2460 1971/315/2461
f 1966/316/2462 1973/317/2463 1965/309/2455
f 1968/318/2464 1975/319/2465 1967/311/2457
f 1969/313/2459 1978/320/2466 1977/321/2467
f 1972/314/2468 1979/322/2469 1971/315/2461
f 1973/317/2470 1982/323/2471 1981/324/2472
f 1976/325/2473 1983/326/2474 1975/319/2465
f 1977/321/2467 1986/327/2475 1985/328/2476
f 1980/329/2477 1987/230/2478 1979/322/2469
f 1981/324/2472 1989/330/2479 1990/331/2480
f 1984/332/2481 1992/333/2482 1983/326/2474
f 1985/328/2476 1993/229/2483 1994/334/2484
f 1863/335/2485 1852/220/2370 1856/232/2372
f 1857/231/2371 1881/207/2345 1880/252/2394
f 1888/255/2486 1858/67/2224 1862/235/2375
f 1941/211/2351 1868/239/2380 1942/336/2487
f 1869/240/2382 1870/242/2384 1874/244/2386
f 1875/243/2385 1950/215/2356 1949/302/2448
f 1863/335/2485 1876/234/2374 1879/236/2377
f 1857/231/2371 1884/251/2393 1877/233/2373
f 1885/253/2395 1886/223/2365 1889/256/2398
f 1890/257/2399 1862/235/2376 1878/237/2378
f 1895/267/2410 1893/263/2405 1898/268/2411
f 1900/276/2419 1894/262/2404 1891/261/2403
f 1899/272/2415 1905/282/2426 1902/337/2488
f 1896/265/2408 1906/284/2428 1903/279/2423
f 1898/268/2411 1907/264/2407 1910/270/2413
f 1894/262/2406 1911/278/2422 1908/286/2430
f 1905/282/2426 1912/277/2421 1902/337/2488
f 1906/284/2428 1909/271/2414 1914/290/2436
f 1910/270/2413 1916/287/2431 1918/225/2432
f 1908/286/2430 1920/289/2435 1915/226/2489
f 1913/285/2429 1919/288/2434 1912/277/2421
f 1914/290/2436 1917/227/2433 1921/338/2490
f 1924/248/2390 1930/266/2409 1927/249/2391
f 1923/247/2389 1933/273/2416 1926/260/2402
f 1929/293/2439 1935/294/2440 1928/250/2392
f 1931/339/2491 1937/280/2424 1934/274/2417
f 1879/236/2377 1924/248/2390 1927/249/2391
f 1877/233/2373 1932/254/2396 1923/247/2389
f 1889/256/2398 1931/339/2491 1885/253/2395
f 1890/257/2399 1928/250/2392 1935/294/2440
f 1925/292/2438 1895/267/2410 1930/266/2409
f 1926/260/2402 1900/276/2419 1891/261/2403
f 1934/274/2417 1904/283/2427 1899/272/2415
f 1938/281/2425 1896/265/2408 1903/279/2423
f 1944/295/2441 1868/239/2380 1945/241/2383
f 1874/244/2386 1946/299/2445 1869/240/2382
f 1875/243/2385 1953/304/2450 1948/245/2387
f 1952/28/2186 1943/296/2442 1954/303/2449
f 1945/241/2383 1956/297/2443 1944/295/2441
f 1947/246/2388 1958/308/2454 1946/299/2445
f 1948/245/2387 1961/306/2452 1960/310/2456
f 1954/303/2449 1955/298/2444 1962/305/2451
f 1957/300/2446 1964/340/2492 1956/297/2443
f 1959/301/2447 1966/316/2462 1958/308/2454
f 1960/310/2456 1969/313/2459 1968/318/2464
f 1962/305/2451 1963/307/2453 1970/312/2458
f 1964/340/2492 1973/317/2463 1972/314/2460
f 1967/311/2457 1974/341/2493 1966/316/2462
f 1969/313/2459 1976/325/2473 1968/318/2464
f 1970/312/2458 1971/315/2461 1978/320/2466
f 1972/314/2468 1981/324/2472 1980/329/2477
f 1975/319/2465 1982/323/2471 1974/341/2493
f 1976/325/2473 1985/328/2476 1984/332/2481
f 1978/320/2466 1979/322/2469 1986/327/2475
f 1981/324/2472 1988/228/2494 1980/329/2477
f 1983/326/2474 1989/330/2479 1982/323/2471
f 1984/332/2481 1994/334/2484 1991/342/2495
f 1986/327/2475 1987/230/2478 1993/229/2483
f 1853/217/2359 1855/218/2360 1852/220/2362
f 1858/67/2224 1859/199/2340 1861/221/2363
f 1864/104/2262 1866/135/2295 1867/238/2496
f 1870/242/2384 1871/58/2216 1872/222/2364
f 1880/252/2394 1882/206/2344 1883/224/2366
f 1849/208/2347 1888/255/2497 1886/223/2365
f 1940/212/2352 1942/336/2487 1939/27/2185
f 1949/302/2448 1951/26/2184 1952/28/2186
f 1882/206/2344 1742/4/2346 1848/209/2348
f 1858/67/2224 1887/343/2498 1721/68/2225
f 1836/86/2240 1858/67/2224 1723/25/2183
f 1720/214/2355 1873/131/2291 1722/130/2290
f 1872/222/2364 1837/198/2339 1838/129/2289
f 1837/197/2339 1860/219/2361 1859/199/2340
f 1860/219/2361 1779/344/2217 1853/217/2359
f 1866/135/2295 1870/242/2384 1867/238/2496
f 1853/217/2359 1781/138/2296 1780/82/2236
f 1782/345/2499 1866/135/2295 1865/103/2261
f 1855/218/2360 1735/3/2161 1743/205/2500
f 1734/14/2172 1864/104/2262 1744/346/2501
f 1921/338/2502 1919/288/2503 1922/291/2504
f 1917/227/2369 1920/289/2505 1921/338/2502
f 1990/331/76 1992/333/76 1991/342/76
f 1994/334/76 1990/331/76 1991/342/76
f 1850/210/2350 1951/26/2184 1851/213/2354
f 1950/215/2356 1873/131/2291 1720/214/2355
f 1870/242/2384 1872/222/2364 1873/131/2291
f 1861/221/2363 1859/199/2340 1860/219/2361
f 1778/347/2218 1860/219/2361 1837/197/2339
f 1837/198/2339 1871/58/2216 1778/60/2218
f 1745/15/2357 1744/346/2506 1850/210/2350
f 1744/346/2506 1864/104/2381 1941/211/2351
f 1881/207/2345 1855/218/2507 1743/205/2343
f 1748/348/2508 1997/349/2509 1995/350/2510
f 2042/351/2511 1997/349/2509 1736/30/2512
f 1788/145/2513 2032/352/2514 2031/353/2515
f 1785/146/2516 1788/145/2517 2031/353/2518
f 1749/17/2175 2002/105/2263 2001/11/2169
f 1749/17/2175 2003/354/2519 1738/21/2179
f 1732/19/2177 2004/355/2520 2002/105/2263
f 2125/356/2521 2004/355/2520 1793/357/2522
f 2027/358/2523 1786/144/2301 1785/146/2303
f 1995/350/2510 2040/359/2524 1996/360/2525
f 2085/77/76 2084/361/76 2083/362/76
f 2019/5/2163 2021/363/2526 2017/76/2233
f 2020/364/2527 2022/365/2528 2021/363/2526
f 2023/366/2529 2036/367/2530 2022/365/2528
f 2027/358/2531 2028/368/2532 2024/80/2533
f 2029/369/2534 2038/370/2535 2028/368/2532
f 2030/371/2536 2035/372/2537 2034/373/2538
f 2043/374/2539 2044/375/2540 2040/359/2524
f 2046/376/2541 2054/377/2542 2009/378/2543
f 2049/379/2544 2055/380/2545 2048/381/2546
f 2051/382/2547 2057/383/2548 2050/384/2549
f 2052/385/2550 2060/386/2551 2059/387/2552
f 2054/377/2542 2061/388/2553 2009/378/2543
f 2055/380/2545 2064/389/2554 2063/390/2555
f 2057/383/2548 2066/391/2556 2065/392/2557
f 2060/386/2551 2067/393/2558 2059/387/2552
f 2061/388/2553 2070/394/2559 2069/395/2560
f 2064/389/2554 2071/396/2561 2063/390/2555
f 2065/392/2557 2074/397/2562 2073/398/2563
f 2067/393/2558 2076/399/2564 2075/400/2565
f 2070/394/2559 2078/401/2566 2069/395/2560
f 2071/396/2561 2079/78/2567 2080/402/2568
f 2073/398/2563 2082/403/2569 2081/404/2570
f 2076/399/2564 2084/361/2571 2075/400/2565
f 1995/350/2510 2023/366/2529 2020/364/2527
f 2020/364/2527 1748/348/2508 1995/350/2510
f 2017/76/2233 1998/405/2572 1791/150/2573
f 2029/369/2534 1785/146/2516 1999/406/2574
f 2043/374/2539 2024/80/2533 2028/368/2532
f 1999/406/2574 2034/373/2538 2005/407/2575
f 2033/408/2576 2036/367/2530 2035/372/2537
f 1996/360/2525 2037/409/2577 2023/366/2529
f 1999/406/2574 2039/410/2578 2029/369/2534
f 1996/360/2525 2044/375/2540 2006/411/2579
f 2045/412/2580 2028/368/2532 2038/370/2535
f 2007/413/2581 2046/376/2541 2009/378/2543
f 2047/414/2582 2055/380/2545 2054/377/2542
f 2008/415/2583 2056/416/2584 2049/379/2544
f 2051/382/2547 2009/378/2543 2058/417/2585
f 2052/385/2550 2010/418/2586 2008/415/2583
f 2053/419/2587 2057/383/2548 2060/386/2551
f 2009/378/2543 2061/388/2553 2011/420/2588
f 2054/377/2542 2063/390/2555 2062/421/2589
f 2056/416/2584 2012/422/2590 2064/389/2554
f 2058/417/2585 2011/420/2588 2066/391/2556
f 2059/387/2552 2012/422/2590 2010/418/2586
f 2060/386/2551 2065/392/2557 2068/423/2591
f 2011/420/2588 2069/395/2560 2013/424/2592
f 2062/421/2589 2071/396/2561 2070/394/2559
f 2012/422/2590 2072/425/2593 2064/389/2554
f 2066/391/2556 2013/424/2592 2074/397/2562
f 2067/393/2558 2014/426/2594 2012/422/2590
f 2068/423/2591 2073/398/2563 2076/399/2564
f 2013/424/2592 2078/401/2566 2015/427/2595
f 2070/394/2559 2080/402/2568 2077/428/2596
f 2014/426/2594 2079/78/2567 2072/425/2593
f 2074/397/2562 2015/427/2595 2082/403/2569
f 2075/400/2565 2016/79/2597 2014/426/2594
f 2076/399/2564 2081/404/2570 2083/362/2598
f 2021/363/2526 2022/365/2528 1998/405/2572
f 2033/408/2576 2032/352/2514 2022/365/2528
f 2032/352/2514 1998/405/2572 2022/365/2528
f 2017/76/2233 2018/75/2232 2019/5/2163
f 2025/81/2235 2027/358/2523 2024/80/2234
f 2031/353/2515 2033/408/2576 2030/371/2536
f 2040/359/2524 2042/351/2511 2043/374/2539
f 1747/7/2165 1748/348/2508 2019/5/2163
f 1791/150/2573 1794/74/2231 2017/76/2233
f 2040/359/2524 1997/349/2509 2041/429/2599
f 1733/1/2600 2043/374/2539 2042/351/2511
f 1781/138/2296 2025/81/2235 1780/82/2236
f 2027/358/2523 1783/139/2298 1786/144/2301
f 1785/146/2516 2030/371/2536 1999/406/2574
f 2081/404/76 2085/77/76 2083/362/76
f 2086/430/76 2080/402/76 2085/77/76
f 2082/403/76 2086/430/76 2081/404/76
f 2078/401/76 2086/430/76 2015/427/76
f 2088/431/2601 2090/432/2602 2089/433/2603
f 2088/431/2601 2092/434/2604 2091/435/2605
f 2095/436/2606 2097/437/2607 2096/438/2608
f 2093/439/2609 2097/437/2607 2094/440/2610
f 2100/441/2611 2102/442/2612 2101/443/2613
f 2100/441/2611 2104/444/2614 2103/445/2615
f 2107/446/2616 2109/447/2617 2108/448/2618
f 2105/449/2619 2109/447/2617 2106/450/2620
f 2035/372/2537 2087/451/2621 2034/373/2538
f 2036/367/2530 2098/452/2622 2093/439/2609
f 2039/410/2578 2099/453/2623 2038/370/2535
f 2044/375/2540 2110/454/2624 2105/449/2619
f 2089/433/2603 2047/414/2582 2046/376/2541
f 2096/438/2608 2048/381/2546 2095/436/2606
f 2101/443/2613 2051/382/2547 2050/384/2549
f 2108/448/2618 2052/385/2550 2107/446/2616
f 2005/407/2575 2087/451/2625 2111/455/2626
f 2035/372/2537 2093/439/2609 2092/434/2604
f 2037/409/2577 2116/456/2627 2098/452/2622
f 2005/407/2575 2104/444/2614 2039/410/2578
f 2006/411/2579 2105/449/2619 2116/456/2627
f 2038/370/2535 2110/454/2624 2045/412/2580
f 2113/457/2628 2046/376/2541 2007/413/2581
f 2090/432/2602 2048/381/2546 2047/414/2582
f 2114/458/2629 2049/379/2544 2096/438/2608
f 2102/442/2612 2007/413/2581 2051/382/2547
f 2107/446/2616 2008/415/2583 2114/458/2629
f 2108/448/2618 2050/384/2549 2053/419/2587
f 2088/431/2630 2111/455/2626 2087/451/2625
f 2089/433/2631 2112/459/2632 2088/431/2630
f 2091/435/2605 2095/436/2606 2090/432/2602
f 2092/434/2604 2094/440/2610 2091/435/2605
f 2096/438/2608 2115/460/2633 2114/458/2629
f 2097/437/2607 2116/456/2627 2115/460/2633
f 2099/453/2623 2109/447/2617 2110/454/2624
f 2101/443/2613 2109/447/2617 2100/441/2611
f 2103/445/2615 2113/457/2628 2102/442/2612
f 2103/445/2615 2111/455/2626 2112/459/2632
f 2106/450/2620 2116/456/2627 2105/449/2619
f 2106/450/2620 2114/458/2629 2115/460/2633
f 2118/461/2634 1784/140/2299 1782/345/2499
f 1739/16/2174 2118/461/2634 1734/14/2172
f 2159/462/2635 2166/463/2635 2165/464/2635
f 2117/465/2636 2121/466/2637 2120/467/2638
f 2121/466/2637 2168/468/2639 2120/467/2638
f 2122/469/2640 2183/470/2641 2184/471/2642
f 2123/472/2643 2126/106/2264 2125/356/2644
f 2127/473/2645 2175/474/2646 2176/475/2647
f 2128/476/2648 2130/477/2649 2129/478/2650
f 2130/477/2651 2143/479/2652 2129/478/2650
f 2132/480/2653 2182/481/2654 2131/482/2655
f 2131/482/2655 2133/483/2656 2132/480/2653
f 2133/483/2657 2146/484/2658 2145/485/2659
f 2136/486/2660 2188/487/2661 2135/488/2662
f 2136/486/2660 2138/489/2663 2137/490/2664
f 2137/490/2664 2148/491/2665 2147/492/2666
f 2139/493/2667 2171/494/2668 2172/495/2669
f 2139/493/2667 2141/496/2670 2140/497/2671
f 2142/498/2672 2149/499/2673 2141/496/2670
f 2143/479/2652 2152/500/2674 2151/501/2675
f 2146/484/2658 2153/502/2676 2145/485/2659
f 2148/491/2665 2155/503/2677 2147/492/2666
f 2149/499/2673 2158/504/2678 2157/505/2679
f 2152/500/2674 2159/462/2680 2151/501/2675
f 2153/502/2676 2161/506/2681 2162/507/2682
f 2155/503/2677 2163/508/2683 2164/509/2684
f 2158/504/2678 2166/463/2685 2157/505/2679
f 2167/510/2686 2170/511/2687 2168/468/2639
f 2170/511/2688 2172/495/2669 2171/494/2668
f 2173/512/2689 2176/475/2647 2175/474/2646
f 2173/512/2689 2177/513/2690 2174/514/2691
f 2178/515/2692 2194/516/2693 2177/513/2690
f 2180/517/2694 2181/518/2695 2179/519/2696
f 2180/517/2694 2184/471/2642 2183/470/2641
f 2186/520/2697 2187/521/2698 2185/522/2699
f 2186/520/2697 2190/523/2700 2189/524/2701
f 2189/524/2701 2195/525/2702 2197/526/2703
f 2003/354/2519 2191/527/2704 2121/466/2637
f 2193/12/2170 2122/469/2640 2194/516/2693
f 2119/528/2705 2003/354/2519 2121/466/2637
f 1787/142/2706 2196/529/2707 2195/525/2702
f 2117/465/2636 2120/467/2638 1784/140/2708
f 2120/467/2638 2197/526/2703 1784/140/2708
f 1784/140/2708 2197/526/2703 2196/529/2707
f 1787/142/2706 2125/356/2709 1790/147/2710
f 2127/473/2645 2133/483/2656 2130/477/2649
f 2136/486/2660 2134/530/2711 2131/482/2655
f 2140/497/2671 2138/489/2663 2135/488/2662
f 2139/493/2667 2129/478/2650 2142/498/2672
f 2133/483/2657 2144/531/2712 2130/477/2651
f 2137/490/2664 2146/484/2658 2134/530/2711
f 2141/496/2670 2148/491/2665 2138/489/2663
f 2142/498/2672 2143/479/2652 2150/532/2713
f 2145/485/2659 2152/500/2674 2144/531/2712
f 2147/492/2666 2154/533/2714 2146/484/2658
f 2149/499/2673 2156/534/2715 2148/491/2665
f 2150/532/2713 2151/501/2675 2158/504/2678
f 2153/502/2676 2160/535/2716 2152/500/2674
f 2154/533/2714 2164/509/2684 2161/506/2681
f 2157/505/2679 2163/508/2683 2156/534/2715
f 2151/501/2675 2165/464/2717 2158/504/2678
f 2177/513/2690 2122/469/2640 2184/471/2642
f 2123/472/2643 2190/523/2700 2183/470/2641
f 2197/526/2703 2168/468/2639 2189/524/2701
f 2191/527/2704 2167/510/2686 2121/466/2637
f 2176/475/2647 2132/480/2653 2127/473/2645
f 2187/521/2698 2131/482/2655 2182/481/2654
f 2171/494/2668 2135/488/2662 2188/487/2661
f 2172/495/2669 2128/476/2648 2139/493/2667
f 2178/515/2692 2169/536/2718 2167/510/2686
f 2175/474/2646 2169/536/2718 2173/512/2689
f 2174/514/2691 2181/518/2695 2176/475/2647
f 2174/514/2691 2184/471/2642 2179/519/2696
f 2182/481/2654 2185/522/2699 2187/521/2698
f 2183/470/2641 2185/522/2699 2180/517/2694
f 2188/487/2661 2170/511/2688 2171/494/2668
f 2189/524/2701 2170/511/2687 2186/520/2697
f 2117/465/2719 2118/461/2634 2119/528/2720
f 2124/537/2721 2125/356/2722 2126/106/2264
f 2192/13/2171 2194/516/2693 2191/527/2704
f 2195/525/2702 2196/529/2707 2197/526/2703
f 2000/107/2265 2001/11/2169 2002/105/2263
f 2002/105/2263 2124/537/2721 2126/106/2264
f 2000/107/2265 2126/106/2264 2193/12/2170
f 2192/13/2171 2003/354/2519 2001/11/2169
f 2118/461/2634 1738/21/2179 2119/528/2720
f 2118/461/2634 1782/345/2499 1734/14/2172
f 2160/535/2635 2163/508/2635 2166/463/2635
f 2162/507/2635 2164/509/2635 2163/508/2635
f 1736/30/2512 1733/1/2600 2042/351/2511
f 1793/357/2522 1790/147/2723 2125/356/2521
f 2032/352/2514 1791/150/2724 1998/405/2572
f 1787/142/2706 2195/525/2702 2123/472/2643
f 2199/538/2725 2204/539/2726 2205/540/2727
f 2201/541/2728 2206/542/2729 2200/543/2730
f 2199/538/2731 2207/544/2732 2201/541/2733
f 2202/545/2734 2204/546/2726 2198/547/2735
f 2202/545/2736 2209/548/2737 2208/549/2737
f 2203/550/2738 2206/551/2729 2209/548/2739
f 2205/540/2740 2210/552/2741 2211/553/2742
f 2207/544/2743 2212/554/2744 2206/542/2745
f 2207/544/2732 2211/553/2732 2213/555/2732
f 2208/549/2746 2210/556/2741 2204/546/2747
f 2209/548/2737 2214/557/2737 2208/549/2737
f 2209/548/2748 2212/558/2744 2215/559/2749
f 2211/553/2742 2216/560/2750 2217/561/2751
f 2213/555/2752 2218/562/2753 2212/554/2744
f 2213/555/2732 2217/561/2732 2219/563/2732
f 2214/557/2754 2216/564/2750 2210/556/2741
f 2215/559/2737 2220/565/2737 2214/557/2737
f 2215/559/2749 2218/566/2753 2221/567/2755
f 2216/560/2750 2223/568/2756 2217/561/2751
f 2218/562/2753 2225/569/2757 2224/570/2758
f 2219/563/2732 2223/568/2732 2225/569/2732
f 2216/564/2750 2226/571/2759 2222/572/2760
f 2221/567/2737 2226/571/2737 2220/565/2737
f 2218/566/2753 2227/573/2761 2221/567/2755
f 2222/574/2760 2229/154/2762 2223/568/2756
f 2224/570/2758 2231/153/2763 2230/575/2764
f 2225/569/2732 2229/154/2732 2231/153/2732
f 2222/572/2760 2232/576/2765 2228/155/2766
f 2227/573/2737 2232/576/2737 2226/571/2737
f 2224/577/2758 2233/156/2767 2227/573/2761
f 1809/180/2768 2235/578/2769 1760/39/2770
f 1812/179/2771 2234/579/2772 1809/180/2768
f 1764/42/2773 2236/580/2774 1812/179/2775
f 1764/42/2776 2235/578/2769 2237/581/2777
f 1814/182/2778 2238/582/2779 2239/583/2780
f 1811/584/2781 2240/585/2782 2238/582/2779
f 1765/45/2783 2240/585/2782 1761/41/2784
f 1765/45/2785 2239/583/2786 2241/586/2787
f 2234/579/2772 2243/98/2252 2235/578/2769
f 2236/580/2788 2242/96/2250 2234/579/2772
f 2236/580/2774 2245/97/2789 2244/587/2790
f 2237/581/2777 2243/98/2252 2245/97/2791
f 2239/583/2780 2246/122/2280 2247/124/2792
f 2238/582/2779 2248/588/2793 2246/122/2280
f 2241/586/2794 2248/588/2793 2240/585/2782
f 2239/583/2786 2249/123/2795 2241/586/2787
f 1741/589/2796 2252/84/2797 1725/590/2798
f 1741/589/2799 2251/83/2800 2253/85/2801
f 1725/590/2802 2255/89/2803 1752/591/2804
f 1752/591/2805 2257/92/2806 1756/592/2807
f 1760/593/2808 2258/176/2809 1809/594/2810
f 1756/592/2811 2259/95/2811 1760/593/2811
f 1740/595/2812 2262/113/2813 1808/596/2814
f 1740/595/2815 2260/112/2816 2263/114/2817
f 1724/597/2818 2265/116/2819 2260/112/2820
f 1753/598/2821 2267/118/2822 2265/116/2823
f 1757/599/2824 2269/120/2824 2267/118/2824
f 1761/600/2825 2268/121/2826 2269/120/2827
f 1807/601/2828 2251/83/2829 1806/602/2830
f 1807/603/2831 2262/113/2832 2270/169/2833
f 1810/604/2834 2258/176/2835 2274/605/2836
f 1810/606/2837 2268/121/2838 1811/607/2839
f 1792/149/2306 2278/608/2840 1791/150/2307
f 1795/609/2314 2284/610/2841 2281/611/2842
f 1794/74/2732 2278/608/2843 2284/610/2844
f 1792/151/2306 2287/612/2845 2275/613/2846
f 1796/108/2737 2287/612/2847 1793/357/2737
f 1795/160/2314 2290/614/2848 1796/108/2266
f 2280/615/2849 2198/616/2735 2199/538/2725
f 2286/617/2850 2200/543/2730 2283/618/2851
f 2280/615/2852 2201/541/2733 2286/617/2853
f 2289/619/2854 2198/547/2735 2277/620/2855
f 2289/619/2856 2203/550/2857 2202/545/2736
f 2292/621/2858 2200/622/2730 2203/550/2738
f 2275/623/2859 2279/624/2860 2278/608/2861
f 2276/625/2862 2280/615/2863 2279/626/2864
f 2279/624/2865 2284/610/2844 2278/608/2843
f 2279/626/2865 2286/617/2853 2285/627/2866
f 2281/628/2842 2291/629/2867 2290/614/2848
f 2282/630/2868 2292/621/2858 2291/631/2867
f 2282/632/2868 2286/617/2850 2283/618/2851
f 2281/611/2842 2285/633/2869 2282/634/2868
f 2276/635/2862 2289/619/2870 2277/620/2871
f 2275/613/2859 2288/636/2872 2276/637/2873
f 2288/638/2874 2292/621/2875 2289/619/2856
f 2288/636/2874 2290/614/2876 2291/629/2877
f 2306/1/2878 2310/2/2879 2308/3/2880
f 2315/4/2881 2308/3/2880 2310/2/2879
f 2592/5/2882 2304/6/2883 2320/7/2884
f 2310/2/2879 2302/8/2885 2300/9/2886
f 2314/10/2887 2310/2/2879 2300/9/2886
f 2574/11/2888 2766/12/2889 2765/13/2890
f 2307/14/2891 2318/15/2892 2312/16/2893
f 2322/17/2894 2303/18/2895 2305/19/2896
f 2312/16/2893 2301/20/2897 2311/21/2898
f 2312/16/2893 2313/22/2899 2299/23/2900
f 2315/4/2881 2298/24/2901 2296/25/2902
f 2524/26/2903 2512/27/2904 2525/28/2905
f 2318/15/2892 2297/29/2906 2313/22/2899
f 2309/30/2907 2320/7/2884 2302/8/2885
f 2319/31/2908 2311/21/2898 2301/20/2897
f 2298/24/2901 2324/32/2909 2296/25/2902
f 2297/29/2906 2323/33/2910 2326/34/2911
f 2325/35/2912 2328/36/2913 2324/32/2909
f 2326/34/2911 2327/37/2914 2330/38/2915
f 2328/36/2913 2333/39/2916 2332/40/2917
f 2327/37/2914 2334/41/2918 2330/38/2915
f 2332/40/2917 2337/42/2919 2336/43/2920
f 2331/44/2921 2338/45/2922 2334/41/2918
f 2336/43/2920 2341/46/2923 2340/47/2924
f 2335/48/2925 2342/49/2926 2338/45/2922
f 2340/47/2924 2345/50/2927 2344/51/2928
f 2339/52/2929 2346/53/2930 2342/49/2926
f 2344/51/2928 2349/54/2931 2348/55/2932
f 2343/56/2933 2350/57/2934 2346/53/2930
f 2444/58/2935 2352/59/2936 2351/60/2937
f 2395/61/2938 2397/62/2939 2396/63/2940
f 2395/64/2938 2399/65/2941 2398/66/2942
f 2296/25/2902 2431/67/2943 2294/68/2944
f 2415/69/2945 2350/57/2934 2347/70/2946
f 2376/71/2947 2314/10/2887 2300/9/2886
f 2376/71/2947 2302/8/2885 2373/72/2948
f 2370/73/2949 2304/6/2883 2367/74/2950
f 2367/74/2950 2591/75/2951 2590/76/2952
f 2658/77/76 2652/78/76 2589/79/76
f 2306/1/2878 2308/3/2880 2597/80/2953
f 2597/80/2953 2308/3/2880 2598/81/2954
f 2353/82/2955 2598/81/2954 2308/3/2880
f 2824/83/2956 2825/84/2957 2826/85/2958
f 2373/72/2948 2320/7/2884 2370/73/2949
f 2409/86/2959 2324/32/2909 2406/87/2960
f 2823/88/2961 2828/89/2962 2825/84/2957
f 2406/87/2960 2328/36/2913 2403/90/2963
f 2827/91/2964 2830/92/2965 2828/89/2962
f 2403/90/2963 2332/40/2917 2400/93/2966
f 2829/94/2967 2832/95/2968 2830/92/2965
f 2397/62/2939 2332/40/2917 2336/43/2920
f 2815/96/2969 2818/97/2970 2816/98/2971
f 2396/63/2940 2336/43/2920 2340/47/2924
f 2337/42/2972 2388/99/2973 2341/46/2974
f 2394/100/2975 2343/56/2933 2339/52/2929
f 2388/99/2973 2345/50/2976 2341/46/2974
f 2412/101/2977 2347/70/2946 2343/56/2933
f 2418/102/2978 2346/53/2979 2350/57/2934
f 2307/14/2891 2438/103/2980 2437/104/2981
f 2575/105/2982 2699/106/2983 2573/107/2984
f 2369/108/2985 2305/19/2896 2303/18/2895
f 2372/109/2986 2303/18/2895 2319/31/2908
f 2375/110/2987 2319/31/2908 2301/20/2897
f 2378/111/2988 2301/20/2897 2299/23/2900
f 2313/22/2899 2378/111/2988 2299/23/2900
f 2833/112/2989 2835/113/2990 2836/114/2991
f 2834/115/2992 2838/116/2993 2837/117/2994
f 2837/117/2994 2840/118/2995 2839/119/2996
f 2839/119/2996 2842/120/2997 2841/121/2998
f 2819/122/2999 2822/123/3000 2820/124/3001
f 2390/125/3002 2338/45/3003 2342/49/3004
f 2390/125/3002 2346/53/2979 2393/126/3005
f 2335/48/2925 2394/100/2975 2339/52/2929
f 2331/44/2921 2399/65/2941 2335/48/2925
f 2405/127/3006 2331/44/2921 2327/37/2914
f 2408/128/3007 2327/37/2914 2323/33/2910
f 2411/129/3008 2323/33/2910 2295/130/3009
f 2446/131/3010 2411/129/3008 2295/130/3009
f 2396/63/2940 2344/51/2928 2414/132/3011
f 2414/132/3011 2348/55/2932 2417/133/3012
f 2417/133/3012 2349/54/2931 2420/134/3013
f 2345/50/2976 2420/134/3013 2349/54/2931
f 2439/135/3014 2354/136/3015 2352/59/2936
f 2599/137/3016 2354/138/3015 2356/139/3017
f 2354/136/3015 2357/140/3018 2356/141/3017
f 2356/141/3017 2360/142/3019 2359/143/3020
f 2359/144/3020 2361/145/3021 2358/146/3022
f 2359/143/3020 2363/147/3023 2362/148/3024
f 2361/145/3021 2365/149/3025 2364/150/3026
f 2363/147/3023 2365/151/3025 2362/148/3024
f 2801/152/3027 2804/153/3028 2802/154/3029
f 2801/155/3027 2806/156/3030 2803/157/3031
f 2367/74/2950 2371/158/3032 2370/73/2949
f 2369/108/2985 2371/159/3032 2368/160/3033
f 2370/73/2949 2374/161/3034 2373/72/2948
f 2372/109/2986 2374/162/3034 2371/159/3032
f 2373/72/2948 2377/163/3035 2376/71/2947
f 2375/110/2987 2377/164/3035 2374/162/3034
f 2377/163/3035 2379/165/3036 2376/71/2947
f 2377/164/3035 2381/166/3037 2380/167/3038
f 2843/168/3039 2823/88/2961 2824/83/2956
f 2843/169/3039 2834/115/2992 2844/170/3040
f 2844/171/3040 2827/91/2964 2823/88/2961
f 2844/170/3040 2837/117/2994 2845/172/3041
f 2845/173/3041 2829/94/2967 2827/91/2964
f 2845/172/3041 2839/119/2996 2846/174/3042
f 2846/175/3042 2831/176/3043 2829/94/2967
f 2846/174/3042 2841/121/2998 2847/177/3044
f 2383/178/3045 2385/179/3046 2382/180/3047
f 2383/181/3045 2387/182/3048 2386/183/3049
f 2385/179/3046 2389/184/3050 2388/99/2973
f 2387/182/3048 2389/185/3050 2386/183/3049
f 2388/99/2973 2392/186/3051 2391/187/3052
f 2390/125/3002 2392/188/3051 2389/185/3050
f 2395/64/2938 2412/101/2977 2394/100/2975
f 2395/61/2938 2414/132/3011 2413/189/3053
f 2398/190/2942 2400/93/2966 2397/62/2939
f 2398/66/2942 2402/191/3054 2401/192/3055
f 2400/93/2966 2404/193/3056 2403/90/2963
f 2402/191/3054 2404/194/3056 2401/192/3055
f 2403/90/2963 2407/195/3057 2406/87/2960
f 2405/127/3006 2407/196/3057 2404/194/3056
f 2406/87/2960 2410/197/3058 2409/86/2959
f 2408/128/3007 2410/198/3058 2407/196/3057
f 2410/197/3058 2432/199/3059 2409/86/2959
f 2413/200/3053 2415/69/2945 2412/101/2977
f 2413/189/3053 2417/133/3012 2416/201/3060
f 2416/202/3060 2418/102/2978 2415/69/2945
f 2416/201/3060 2420/134/3013 2419/203/3061
f 2391/187/3052 2419/203/3061 2420/134/3013
f 2393/126/3005 2419/204/3061 2392/188/3051
f 2316/205/3062 2455/206/3063 2454/207/3064
f 2315/4/3065 2422/208/3066 2421/209/3067
f 2294/68/2944 2422/208/3066 2296/25/3068
f 2423/210/3069 2514/211/3070 2513/212/3071
f 2295/130/3072 2424/213/3073 2293/214/3074
f 2293/214/3074 2424/213/3073 2523/215/3075
f 2424/213/3073 2524/26/2903 2523/215/3075
f 2318/15/3076 2424/213/3073 2295/130/3072
f 2427/216/3077 2426/217/3078 2353/82/2955
f 2427/216/3077 2308/3/2880 2428/218/3079
f 2433/219/3080 2425/220/3081 2434/221/3082
f 2445/222/3083 2444/58/2935 2410/198/3058
f 2422/208/3066 2459/223/3084 2421/209/3067
f 2421/209/3067 2459/223/3084 2455/206/3063
f 2459/223/3084 2456/224/3085 2455/206/3063
f 2491/225/3086 2488/226/3087 2490/227/3088
f 2561/228/76 2566/229/76 2560/230/76
f 2425/220/3089 2430/231/3090 2429/232/3091
f 2429/232/3091 2450/233/3092 2449/234/3093
f 2434/221/3082 2435/235/3094 2431/67/2943
f 2435/235/3095 2452/236/3096 2451/237/3097
f 2440/238/3098 2441/239/3099 2437/104/3100
f 2442/240/3101 2518/241/3102 2441/239/3099
f 2443/242/3103 2448/243/3104 2447/244/3105
f 2447/244/3105 2521/245/3106 2520/246/3107
f 2449/234/3093 2496/247/3108 2497/248/3109
f 2451/237/3097 2500/249/3110 2501/250/3111
f 2456/224/3085 2457/251/3112 2453/252/3113
f 2458/253/3114 2505/254/3115 2457/251/3112
f 2461/255/3116 2462/256/3117 2459/223/3084
f 2463/257/3118 2509/258/3119 2462/256/3117
f 2465/259/3120 2499/260/3121 2464/261/3122
f 2465/259/3120 2467/262/3123 2466/263/3124
f 2467/262/3125 2480/264/3126 2466/263/3124
f 2469/265/3127 2503/266/3128 2468/267/3129
f 2469/265/3127 2471/268/3130 2470/269/3131
f 2470/269/3131 2483/270/3132 2482/271/3133
f 2472/272/3134 2506/273/3135 2507/274/3136
f 2472/272/3134 2474/275/3137 2473/276/3138
f 2474/275/3139 2485/277/3140 2484/278/3141
f 2476/279/3142 2510/280/3143 2511/281/3144
f 2476/279/3142 2478/282/3145 2477/283/3146
f 2479/284/3147 2486/285/3148 2478/282/3145
f 2481/286/3149 2489/287/3150 2480/264/3126
f 2482/271/3133 2491/225/3151 2490/227/3152
f 2484/278/3141 2492/288/3153 2493/289/3154
f 2487/290/3155 2495/291/3156 2486/285/3148
f 2496/247/3108 2498/292/3157 2497/248/3109
f 2500/249/3110 2502/293/3158 2501/250/3111
f 2505/254/3115 2507/274/3136 2506/273/3135
f 2508/294/3159 2510/280/3143 2509/258/3119
f 2512/27/2904 2517/295/3160 2516/296/3161
f 2516/296/3161 2529/297/3162 2528/298/3163
f 2519/299/3164 2530/300/3165 2518/241/3102
f 2521/245/3106 2532/301/3166 2520/246/3107
f 2522/302/3167 2527/303/3168 2526/304/3169
f 2526/304/3169 2535/305/3170 2534/306/3171
f 2529/297/3162 2536/307/3172 2528/298/3163
f 2531/308/3173 2538/309/3174 2530/300/3165
f 2533/310/3175 2540/311/3176 2532/301/3166
f 2534/306/3171 2543/312/3177 2542/313/3178
f 2536/307/3172 2545/314/3179 2544/315/3180
f 2539/316/3181 2546/317/3182 2538/309/3174
f 2541/318/3183 2548/319/3184 2540/311/3176
f 2542/313/3178 2551/320/3185 2550/321/3186
f 2545/314/3187 2552/322/3188 2544/315/3180
f 2546/317/3189 2555/323/3190 2554/324/3191
f 2549/325/3192 2556/326/3193 2548/319/3184
f 2550/321/3186 2559/327/3194 2558/328/3195
f 2553/329/3196 2560/230/3197 2552/322/3188
f 2554/324/3191 2562/330/3198 2563/331/3199
f 2557/332/3200 2565/333/3201 2556/326/3193
f 2558/328/3195 2566/229/3202 2567/334/3203
f 2436/335/3204 2425/220/3089 2429/232/3091
f 2430/231/3090 2454/207/3064 2453/252/3113
f 2461/255/3205 2431/67/2943 2435/235/3094
f 2514/211/3070 2441/239/3099 2515/336/3206
f 2442/240/3101 2443/242/3103 2447/244/3105
f 2448/243/3104 2523/215/3075 2522/302/3167
f 2436/335/3204 2449/234/3093 2452/236/3096
f 2430/231/3090 2457/251/3112 2450/233/3092
f 2458/253/3114 2459/223/3084 2462/256/3117
f 2463/257/3118 2435/235/3095 2451/237/3097
f 2468/267/3129 2466/263/3124 2471/268/3130
f 2473/276/3138 2467/262/3123 2464/261/3122
f 2472/272/3134 2478/282/3145 2475/337/3207
f 2469/265/3127 2479/284/3147 2476/279/3142
f 2471/268/3130 2480/264/3126 2483/270/3132
f 2467/262/3125 2484/278/3141 2481/286/3149
f 2478/282/3145 2485/277/3140 2475/337/3207
f 2479/284/3147 2482/271/3133 2487/290/3155
f 2483/270/3132 2489/287/3150 2491/225/3151
f 2481/286/3149 2493/289/3154 2488/226/3208
f 2486/285/3148 2492/288/3153 2485/277/3140
f 2487/290/3155 2490/227/3152 2494/338/3209
f 2497/248/3109 2503/266/3128 2500/249/3110
f 2496/247/3108 2506/273/3135 2499/260/3121
f 2502/293/3158 2508/294/3159 2501/250/3111
f 2504/339/3210 2510/280/3143 2507/274/3136
f 2452/236/3096 2497/248/3109 2500/249/3110
f 2450/233/3092 2505/254/3115 2496/247/3108
f 2462/256/3117 2504/339/3210 2458/253/3114
f 2463/257/3118 2501/250/3111 2508/294/3159
f 2498/292/3157 2468/267/3129 2503/266/3128
f 2499/260/3121 2473/276/3138 2464/261/3122
f 2507/274/3136 2477/283/3146 2472/272/3134
f 2511/281/3144 2469/265/3127 2476/279/3142
f 2517/295/3160 2441/239/3099 2518/241/3102
f 2447/244/3105 2519/299/3164 2442/240/3101
f 2448/243/3104 2526/304/3169 2521/245/3106
f 2525/28/2905 2516/296/3161 2527/303/3168
f 2518/241/3102 2529/297/3162 2517/295/3160
f 2520/246/3107 2531/308/3173 2519/299/3164
f 2521/245/3106 2534/306/3171 2533/310/3175
f 2527/303/3168 2528/298/3163 2535/305/3170
f 2530/300/3165 2537/340/3211 2529/297/3162
f 2532/301/3166 2539/316/3181 2531/308/3173
f 2533/310/3175 2542/313/3178 2541/318/3183
f 2535/305/3170 2536/307/3172 2543/312/3177
f 2537/340/3211 2546/317/3182 2545/314/3179
f 2540/311/3176 2547/341/3212 2539/316/3181
f 2542/313/3178 2549/325/3192 2541/318/3183
f 2543/312/3177 2544/315/3180 2551/320/3185
f 2545/314/3187 2554/324/3191 2553/329/3196
f 2548/319/3184 2555/323/3190 2547/341/3212
f 2549/325/3192 2558/328/3195 2557/332/3200
f 2551/320/3185 2552/322/3188 2559/327/3194
f 2554/324/3191 2561/228/3213 2553/329/3196
f 2556/326/3193 2562/330/3198 2555/323/3190
f 2557/332/3200 2567/334/3203 2564/342/3214
f 2559/327/3194 2560/230/3197 2566/229/3202
f 2426/217/3078 2428/218/3079 2425/220/3081
f 2431/67/2943 2432/199/3059 2434/221/3082
f 2437/104/2981 2439/135/3014 2440/238/3215
f 2443/242/3103 2444/58/2935 2445/222/3083
f 2453/252/3113 2455/206/3063 2456/224/3085
f 2422/208/3066 2461/255/3216 2459/223/3084
f 2513/212/3071 2515/336/3206 2512/27/2904
f 2522/302/3167 2524/26/2903 2525/28/2905
f 2455/206/3063 2315/4/3065 2421/209/3067
f 2431/67/2943 2460/343/3217 2294/68/2944
f 2409/86/2959 2431/67/2943 2296/25/2902
f 2293/214/3074 2446/131/3010 2295/130/3009
f 2445/222/3083 2410/198/3058 2411/129/3008
f 2410/197/3058 2433/219/3080 2432/199/3059
f 2433/219/3080 2352/344/2936 2426/217/3078
f 2439/135/3014 2443/242/3103 2440/238/3215
f 2426/217/3078 2354/138/3015 2353/82/2955
f 2355/345/3218 2439/135/3014 2438/103/2980
f 2428/218/3079 2308/3/2880 2316/205/3219
f 2307/14/2891 2437/104/2981 2317/346/3220
f 2494/338/3221 2492/288/3222 2495/291/3223
f 2490/227/3088 2493/289/3224 2494/338/3221
f 2563/331/76 2565/333/76 2564/342/76
f 2567/334/76 2563/331/76 2564/342/76
f 2423/210/3069 2524/26/2903 2424/213/3073
f 2523/215/3075 2446/131/3010 2293/214/3074
f 2443/242/3103 2445/222/3083 2446/131/3010
f 2434/221/3082 2432/199/3059 2433/219/3080
f 2351/347/2937 2433/219/3080 2410/197/3058
f 2410/198/3058 2444/58/2935 2351/60/2937
f 2318/15/3076 2317/346/3225 2423/210/3069
f 2317/346/3225 2437/104/3100 2514/211/3070
f 2454/207/3064 2428/218/3226 2316/205/3062
f 2321/348/3227 2570/349/3228 2568/350/3229
f 2615/351/3230 2570/349/3228 2309/30/3231
f 2361/145/3232 2605/352/3233 2604/353/3234
f 2358/146/3235 2361/145/3236 2604/353/3237
f 2322/17/2894 2575/105/2982 2574/11/2888
f 2322/17/2894 2576/354/3238 2311/21/2898
f 2305/19/2896 2577/355/3239 2575/105/2982
f 2698/356/3240 2577/355/3239 2366/357/3241
f 2600/358/3242 2359/144/3020 2358/146/3022
f 2568/350/3229 2613/359/3243 2569/360/3244
f 2658/77/76 2657/361/76 2656/362/76
f 2592/5/2882 2594/363/3245 2590/76/2952
f 2593/364/3246 2595/365/3247 2594/363/3245
f 2596/366/3248 2609/367/3249 2595/365/3247
f 2600/358/3250 2601/368/3251 2597/80/3252
f 2602/369/3253 2611/370/3254 2601/368/3251
f 2603/371/3255 2608/372/3256 2607/373/3257
f 2616/374/3258 2617/375/3259 2613/359/3243
f 2619/376/3260 2627/377/3261 2582/378/3262
f 2622/379/3263 2628/380/3264 2621/381/3265
f 2624/382/3266 2630/383/3267 2623/384/3268
f 2625/385/3269 2633/386/3270 2632/387/3271
f 2627/377/3261 2634/388/3272 2582/378/3262
f 2628/380/3264 2637/389/3273 2636/390/3274
f 2630/383/3267 2639/391/3275 2638/392/3276
f 2633/386/3270 2640/393/3277 2632/387/3271
f 2634/388/3272 2643/394/3278 2642/395/3279
f 2637/389/3273 2644/396/3280 2636/390/3274
f 2638/392/3276 2647/397/3281 2646/398/3282
f 2640/393/3277 2649/399/3283 2648/400/3284
f 2643/394/3278 2651/401/3285 2642/395/3279
f 2644/396/3280 2652/78/3286 2653/402/3287
f 2646/398/3282 2655/403/3288 2654/404/3289
f 2649/399/3283 2657/361/3290 2648/400/3284
f 2568/350/3229 2596/366/3248 2593/364/3246
f 2593/364/3246 2321/348/3227 2568/350/3229
f 2590/76/2952 2571/405/3291 2364/150/3292
f 2602/369/3253 2358/146/3235 2572/406/3293
f 2616/374/3258 2597/80/3252 2601/368/3251
f 2572/406/3293 2607/373/3257 2578/407/3294
f 2606/408/3295 2609/367/3249 2608/372/3256
f 2569/360/3244 2610/409/3296 2596/366/3248
f 2572/406/3293 2612/410/3297 2602/369/3253
f 2569/360/3244 2617/375/3259 2579/411/3298
f 2618/412/3299 2601/368/3251 2611/370/3254
f 2580/413/3300 2619/376/3260 2582/378/3262
f 2620/414/3301 2628/380/3264 2627/377/3261
f 2581/415/3302 2629/416/3303 2622/379/3263
f 2624/382/3266 2582/378/3262 2631/417/3304
f 2625/385/3269 2583/418/3305 2581/415/3302
f 2626/419/3306 2630/383/3267 2633/386/3270
f 2582/378/3262 2634/388/3272 2584/420/3307
f 2627/377/3261 2636/390/3274 2635/421/3308
f 2629/416/3303 2585/422/3309 2637/389/3273
f 2631/417/3304 2584/420/3307 2639/391/3275
f 2632/387/3271 2585/422/3309 2583/418/3305
f 2633/386/3270 2638/392/3276 2641/423/3310
f 2584/420/3307 2642/395/3279 2586/424/3311
f 2635/421/3308 2644/396/3280 2643/394/3278
f 2585/422/3309 2645/425/3312 2637/389/3273
f 2639/391/3275 2586/424/3311 2647/397/3281
f 2640/393/3277 2587/426/3313 2585/422/3309
f 2641/423/3310 2646/398/3282 2649/399/3283
f 2586/424/3311 2651/401/3285 2588/427/3314
f 2643/394/3278 2653/402/3287 2650/428/3315
f 2587/426/3313 2652/78/3286 2645/425/3312
f 2647/397/3281 2588/427/3314 2655/403/3288
f 2648/400/3284 2589/79/3316 2587/426/3313
f 2649/399/3283 2654/404/3289 2656/362/3317
f 2594/363/3245 2595/365/3247 2571/405/3291
f 2606/408/3295 2605/352/3233 2595/365/3247
f 2605/352/3233 2571/405/3291 2595/365/3247
f 2590/76/2952 2591/75/2951 2592/5/2882
f 2598/81/2954 2600/358/3242 2597/80/2953
f 2604/353/3234 2606/408/3295 2603/371/3255
f 2613/359/3243 2615/351/3230 2616/374/3258
f 2320/7/2884 2321/348/3227 2592/5/2882
f 2364/150/3292 2367/74/2950 2590/76/2952
f 2613/359/3243 2570/349/3228 2614/429/3318
f 2306/1/3319 2616/374/3258 2615/351/3230
f 2354/138/3015 2598/81/2954 2353/82/2955
f 2600/358/3242 2356/139/3017 2359/144/3020
f 2358/146/3235 2603/371/3255 2572/406/3293
f 2654/404/76 2658/77/76 2656/362/76
f 2659/430/76 2653/402/76 2658/77/76
f 2655/403/76 2659/430/76 2654/404/76
f 2651/401/76 2659/430/76 2588/427/76
f 2661/431/3320 2663/432/3321 2662/433/3322
f 2661/431/3320 2665/434/3323 2664/435/3324
f 2668/436/3325 2670/437/3326 2669/438/3327
f 2666/439/3328 2670/437/3326 2667/440/3329
f 2673/441/3330 2675/442/3331 2674/443/3332
f 2673/441/3330 2677/444/3333 2676/445/3334
f 2680/446/3335 2682/447/3336 2681/448/3337
f 2678/449/3338 2682/447/3336 2679/450/3339
f 2608/372/3256 2660/451/3340 2607/373/3257
f 2609/367/3249 2671/452/3341 2666/439/3328
f 2612/410/3297 2672/453/3342 2611/370/3254
f 2617/375/3259 2683/454/3343 2678/449/3338
f 2662/433/3322 2620/414/3301 2619/376/3260
f 2669/438/3327 2621/381/3265 2668/436/3325
f 2674/443/3332 2624/382/3266 2623/384/3268
f 2681/448/3337 2625/385/3269 2680/446/3335
f 2578/407/3294 2660/451/3344 2684/455/3345
f 2608/372/3256 2666/439/3328 2665/434/3323
f 2610/409/3296 2689/456/3346 2671/452/3341
f 2578/407/3294 2677/444/3333 2612/410/3297
f 2579/411/3298 2678/449/3338 2689/456/3346
f 2611/370/3254 2683/454/3343 2618/412/3299
f 2686/457/3347 2619/376/3260 2580/413/3300
f 2663/432/3321 2621/381/3265 2620/414/3301
f 2687/458/3348 2622/379/3263 2669/438/3327
f 2675/442/3331 2580/413/3300 2624/382/3266
f 2680/446/3335 2581/415/3302 2687/458/3348
f 2681/448/3337 2623/384/3268 2626/419/3306
f 2661/431/3349 2684/455/3345 2660/451/3344
f 2662/433/3350 2685/459/3351 2661/431/3349
f 2664/435/3324 2668/436/3325 2663/432/3321
f 2665/434/3323 2667/440/3329 2664/435/3324
f 2669/438/3327 2688/460/3352 2687/458/3348
f 2670/437/3326 2689/456/3346 2688/460/3352
f 2672/453/3342 2682/447/3336 2683/454/3343
f 2674/443/3332 2682/447/3336 2673/441/3330
f 2676/445/3334 2686/457/3347 2675/442/3331
f 2676/445/3334 2684/455/3345 2685/459/3351
f 2679/450/3339 2689/456/3346 2678/449/3338
f 2679/450/3339 2687/458/3348 2688/460/3352
f 2691/461/3353 2357/140/3018 2355/345/3218
f 2312/16/2893 2691/461/3353 2307/14/2891
f 2732/462/3354 2739/463/3354 2738/464/3354
f 2690/465/3355 2694/466/3356 2693/467/3357
f 2694/466/3356 2741/468/3358 2693/467/3357
f 2695/469/3359 2756/470/3360 2757/471/3361
f 2696/472/3362 2699/106/2983 2698/356/3363
f 2700/473/3364 2748/474/3365 2749/475/3366
f 2701/476/3367 2703/477/3368 2702/478/3369
f 2703/477/3370 2716/479/3371 2702/478/3369
f 2705/480/3372 2755/481/3373 2704/482/3374
f 2704/482/3374 2706/483/3375 2705/480/3372
f 2706/483/3376 2719/484/3377 2718/485/3378
f 2709/486/3379 2761/487/3380 2708/488/3381
f 2709/486/3379 2711/489/3382 2710/490/3383
f 2710/490/3383 2721/491/3384 2720/492/3385
f 2712/493/3386 2744/494/3387 2745/495/3388
f 2712/493/3386 2714/496/3389 2713/497/3390
f 2715/498/3391 2722/499/3392 2714/496/3389
f 2716/479/3371 2725/500/3393 2724/501/3394
f 2719/484/3377 2726/502/3395 2718/485/3378
f 2721/491/3384 2728/503/3396 2720/492/3385
f 2722/499/3392 2731/504/3397 2730/505/3398
f 2725/500/3393 2732/462/3399 2724/501/3394
f 2726/502/3395 2734/506/3400 2735/507/3401
f 2728/503/3396 2736/508/3402 2737/509/3403
f 2731/504/3397 2739/463/3404 2730/505/3398
f 2740/510/3405 2743/511/3406 2741/468/3358
f 2743/511/3407 2745/495/3388 2744/494/3387
f 2746/512/3408 2749/475/3366 2748/474/3365
f 2746/512/3408 2750/513/3409 2747/514/3410
f 2751/515/3411 2767/516/3412 2750/513/3409
f 2753/517/3413 2754/518/3414 2752/519/3415
f 2753/517/3413 2757/471/3361 2756/470/3360
f 2759/520/3416 2760/521/3417 2758/522/3418
f 2759/520/3416 2763/523/3419 2762/524/3420
f 2762/524/3420 2768/525/3421 2770/526/3422
f 2576/354/3238 2764/527/3423 2694/466/3356
f 2766/12/2889 2695/469/3359 2767/516/3412
f 2692/528/3424 2576/354/3238 2694/466/3356
f 2360/142/3425 2769/529/3426 2768/525/3421
f 2690/465/3355 2693/467/3357 2357/140/3427
f 2693/467/3357 2770/526/3422 2357/140/3427
f 2357/140/3427 2770/526/3422 2769/529/3426
f 2360/142/3425 2698/356/3428 2363/147/3429
f 2700/473/3364 2706/483/3375 2703/477/3368
f 2709/486/3379 2707/530/3430 2704/482/3374
f 2713/497/3390 2711/489/3382 2708/488/3381
f 2712/493/3386 2702/478/3369 2715/498/3391
f 2706/483/3376 2717/531/3431 2703/477/3370
f 2710/490/3383 2719/484/3377 2707/530/3430
f 2714/496/3389 2721/491/3384 2711/489/3382
f 2715/498/3391 2716/479/3371 2723/532/3432
f 2718/485/3378 2725/500/3393 2717/531/3431
f 2720/492/3385 2727/533/3433 2719/484/3377
f 2722/499/3392 2729/534/3434 2721/491/3384
f 2723/532/3432 2724/501/3394 2731/504/3397
f 2726/502/3395 2733/535/3435 2725/500/3393
f 2727/533/3433 2737/509/3403 2734/506/3400
f 2730/505/3398 2736/508/3402 2729/534/3434
f 2724/501/3394 2738/464/3436 2731/504/3397
f 2750/513/3409 2695/469/3359 2757/471/3361
f 2696/472/3362 2763/523/3419 2756/470/3360
f 2770/526/3422 2741/468/3358 2762/524/3420
f 2764/527/3423 2740/510/3405 2694/466/3356
f 2749/475/3366 2705/480/3372 2700/473/3364
f 2760/521/3417 2704/482/3374 2755/481/3373
f 2744/494/3387 2708/488/3381 2761/487/3380
f 2745/495/3388 2701/476/3367 2712/493/3386
f 2751/515/3411 2742/536/3437 2740/510/3405
f 2748/474/3365 2742/536/3437 2746/512/3408
f 2747/514/3410 2754/518/3414 2749/475/3366
f 2747/514/3410 2757/471/3361 2752/519/3415
f 2755/481/3373 2758/522/3418 2760/521/3417
f 2756/470/3360 2758/522/3418 2753/517/3413
f 2761/487/3380 2743/511/3407 2744/494/3387
f 2762/524/3420 2743/511/3406 2759/520/3416
f 2690/465/3438 2691/461/3353 2692/528/3439
f 2697/537/3440 2698/356/3441 2699/106/2983
f 2765/13/2890 2767/516/3412 2764/527/3423
f 2768/525/3421 2769/529/3426 2770/526/3422
f 2573/107/2984 2574/11/2888 2575/105/2982
f 2575/105/2982 2697/537/3440 2699/106/2983
f 2573/107/2984 2699/106/2983 2766/12/2889
f 2765/13/2890 2576/354/3238 2574/11/2888
f 2691/461/3353 2311/21/2898 2692/528/3439
f 2691/461/3353 2355/345/3218 2307/14/2891
f 2733/535/3354 2736/508/3354 2739/463/3354
f 2735/507/3354 2737/509/3354 2736/508/3354
f 2309/30/3231 2306/1/3319 2615/351/3230
f 2366/357/3241 2363/147/3442 2698/356/3240
f 2605/352/3233 2364/150/3443 2571/405/3291
f 2360/142/3425 2768/525/3421 2696/472/3362
f 2772/538/3444 2777/539/3445 2778/540/3446
f 2774/541/3447 2779/542/3448 2773/543/3449
f 2772/538/3450 2780/544/580 2774/541/3451
f 2775/545/3452 2777/546/3445 2771/547/3453
f 2775/545/3454 2782/548/575 2781/549/575
f 2776/550/3455 2779/551/3448 2782/548/3456
f 2778/540/3457 2783/552/3458 2784/553/3459
f 2780/544/3460 2785/554/3461 2779/542/3462
f 2780/544/580 2784/553/580 2786/555/580
f 2781/549/3463 2783/556/3458 2777/546/3464
f 2782/548/575 2787/557/575 2781/549/575
f 2782/548/3465 2785/558/3461 2788/559/3466
f 2784/553/3459 2789/560/3467 2790/561/3468
f 2786/555/3469 2791/562/3470 2785/554/3461
f 2786/555/580 2790/561/580 2792/563/580
f 2787/557/3471 2789/564/3467 2783/556/3458
f 2788/559/575 2793/565/575 2787/557/575
f 2788/559/3466 2791/566/3470 2794/567/3472
f 2789/560/3467 2796/568/3473 2790/561/3468
f 2791/562/3470 2798/569/3474 2797/570/3475
f 2792/563/580 2796/568/580 2798/569/580
f 2789/564/3467 2799/571/3476 2795/572/3477
f 2794/567/575 2799/571/575 2793/565/575
f 2791/566/3470 2800/573/3478 2794/567/3472
f 2795/574/3477 2802/154/3479 2796/568/3473
f 2797/570/3475 2804/153/3480 2803/575/3481
f 2798/569/580 2802/154/580 2804/153/580
f 2795/572/3477 2805/576/3482 2801/155/3483
f 2800/573/575 2805/576/575 2799/571/575
f 2797/577/3475 2806/156/3484 2800/573/3478
f 2382/180/3485 2808/578/3486 2333/39/3487
f 2385/179/3488 2807/579/3489 2382/180/3485
f 2337/42/3490 2809/580/3491 2385/179/3492
f 2337/42/3493 2808/578/3486 2810/581/3494
f 2387/182/3495 2811/582/3496 2812/583/3497
f 2384/584/3498 2813/585/3499 2811/582/3496
f 2338/45/3500 2813/585/3499 2334/41/3501
f 2338/45/3502 2812/583/3503 2814/586/3504
f 2807/579/3489 2816/98/2971 2808/578/3486
f 2809/580/3505 2815/96/2969 2807/579/3489
f 2809/580/3491 2818/97/3506 2817/587/3507
f 2810/581/3494 2816/98/2971 2818/97/3508
f 2812/583/3497 2819/122/2999 2820/124/3509
f 2811/582/3496 2821/588/3510 2819/122/2999
f 2814/586/3511 2821/588/3510 2813/585/3499
f 2812/583/3503 2822/123/3512 2814/586/3504
f 2314/589/3513 2825/84/3514 2298/590/3515
f 2314/589/3516 2824/83/3517 2826/85/3518
f 2298/590/3519 2828/89/3520 2325/591/3521
f 2325/591/3522 2830/92/3523 2329/592/3524
f 2333/593/3525 2831/176/3526 2382/594/3527
f 2329/592/3528 2832/95/3528 2333/593/3528
f 2313/595/3529 2835/113/3530 2381/596/3531
f 2313/595/3532 2833/112/3533 2836/114/3534
f 2297/597/3535 2838/116/3536 2833/112/3537
f 2326/598/3538 2840/118/3539 2838/116/3540
f 2330/599/3541 2842/120/3541 2840/118/3541
f 2334/600/3542 2841/121/3543 2842/120/3544
f 2380/601/3545 2824/83/3546 2379/602/3547
f 2380/603/3548 2835/113/3549 2843/169/3550
f 2383/604/3551 2831/176/3552 2847/605/3553
f 2383/606/3554 2841/121/3555 2384/607/3556
f 2365/149/3025 2851/608/3557 2364/150/3026
f 2368/609/3033 2857/610/3558 2854/611/3559
f 2367/74/580 2851/608/3560 2857/610/3561
f 2365/151/3025 2860/612/3562 2848/613/3563
f 2369/108/575 2860/612/3564 2366/357/575
f 2368/160/3033 2863/614/3565 2369/108/2985
f 2853/615/3566 2771/616/3453 2772/538/3444
f 2859/617/3567 2773/543/3449 2856/618/3568
f 2853/615/3569 2774/541/3451 2859/617/3570
f 2862/619/3571 2771/547/3453 2850/620/3572
f 2862/619/3573 2776/550/3574 2775/545/3454
f 2865/621/3575 2773/622/3449 2776/550/3455
f 2848/623/3576 2852/624/3577 2851/608/3578
f 2849/625/3579 2853/615/3580 2852/626/3581
f 2852/624/3582 2857/610/3561 2851/608/3560
f 2852/626/3582 2859/617/3570 2858/627/3583
f 2854/628/3559 2864/629/3584 2863/614/3565
f 2855/630/3585 2865/621/3575 2864/631/3584
f 2855/632/3585 2859/617/3567 2856/618/3568
f 2854/611/3559 2858/633/3586 2855/634/3585
f 2849/635/3579 2862/619/3587 2850/620/3588
f 2848/613/3576 2861/636/3589 2849/637/3590
f 2861/638/3591 2865/621/3592 2862/619/3573
f 2861/636/3591 2863/614/3593 2864/629/3594
f 2879/1/3595 2883/2/3596 2881/3/3597
f 2888/4/3598 2881/3/3597 2883/2/3596
f 3165/5/3599 2877/6/3600 2893/7/3601
f 2883/2/3596 2875/8/3602 2873/9/3603
f 2887/10/3604 2883/2/3596 2873/9/3603
f 3147/11/3605 3339/12/3606 3338/13/3607
f 2880/14/3608 2891/15/3609 2885/16/3610
f 2895/17/3611 2876/18/3612 2878/19/3613
f 2885/16/3610 2874/20/3614 2884/21/3615
f 2885/16/3610 2886/22/3616 2872/23/3617
f 2888/4/3598 2871/24/3618 2869/25/3619
f 3097/26/3620 3085/27/3621 3098/28/3622
f 2891/15/3609 2870/29/3623 2886/22/3616
f 2882/30/3624 2893/7/3601 2875/8/3602
f 2892/31/3625 2884/21/3615 2874/20/3614
f 2871/24/3618 2897/32/3626 2869/25/3619
f 2870/29/3623 2896/33/3627 2899/34/3628
f 2898/35/3629 2901/36/3630 2897/32/3626
f 2899/34/3628 2900/37/3631 2903/38/3632
f 2901/36/3630 2906/39/3633 2905/40/3634
f 2900/37/3631 2907/41/3635 2903/38/3632
f 2905/40/3634 2910/42/3636 2909/43/3637
f 2904/44/3638 2911/45/3639 2907/41/3635
f 2909/43/3637 2914/46/3640 2913/47/3641
f 2908/48/3642 2915/49/3643 2911/45/3639
f 2913/47/3641 2918/50/3644 2917/51/3645
f 2912/52/3646 2919/53/3647 2915/49/3643
f 2917/51/3645 2922/54/3648 2921/55/3649
f 2916/56/3650 2923/57/3651 2919/53/3647
f 3017/58/3652 2925/59/3653 2924/60/3654
f 2968/61/3655 2970/62/3656 2969/63/3657
f 2968/64/3655 2972/65/3658 2971/66/3659
f 2869/25/3619 3004/67/3660 2867/68/3661
f 2988/69/3662 2923/57/3651 2920/70/3663
f 2949/71/3664 2887/10/3604 2873/9/3603
f 2949/71/3664 2875/8/3602 2946/72/3665
f 2943/73/3666 2877/6/3600 2940/74/3667
f 2940/74/3667 3164/75/3668 3163/76/3669
f 3231/77/76 3225/78/76 3162/79/76
f 2879/1/3595 2881/3/3597 3170/80/3670
f 3170/80/3670 2881/3/3597 3171/81/3671
f 2926/82/3672 3171/81/3671 2881/3/3597
f 3397/83/3673 3398/84/3674 3399/85/3675
f 2946/72/3665 2893/7/3601 2943/73/3666
f 2982/86/3676 2897/32/3626 2979/87/3677
f 3396/88/3678 3401/89/3679 3398/84/3674
f 2979/87/3677 2901/36/3630 2976/90/3680
f 3400/91/3681 3403/92/3682 3401/89/3679
f 2976/90/3680 2905/40/3634 2973/93/3683
f 3402/94/3684 3405/95/3685 3403/92/3682
f 2970/62/3656 2905/40/3634 2909/43/3637
f 3388/96/3686 3391/97/3687 3389/98/3688
f 2969/63/3657 2909/43/3637 2913/47/3641
f 2910/42/3689 2961/99/3690 2914/46/3691
f 2967/100/3692 2916/56/3650 2912/52/3646
f 2961/99/3690 2918/50/3693 2914/46/3691
f 2985/101/3694 2920/70/3663 2916/56/3650
f 2991/102/3695 2919/53/3696 2923/57/3651
f 2880/14/3608 3011/103/3697 3010/104/3698
f 3148/105/3699 3272/106/3700 3146/107/3701
f 2942/108/3702 2878/19/3613 2876/18/3612
f 2945/109/3703 2876/18/3612 2892/31/3625
f 2948/110/3704 2892/31/3625 2874/20/3614
f 2951/111/3705 2874/20/3614 2872/23/3617
f 2886/22/3616 2951/111/3705 2872/23/3617
f 3406/112/3706 3408/113/3707 3409/114/3708
f 3407/115/3709 3411/116/3710 3410/117/3711
f 3410/117/3711 3413/118/3712 3412/119/3713
f 3412/119/3713 3415/120/3714 3414/121/3715
f 3392/122/3716 3395/123/3717 3393/124/3718
f 2963/125/3719 2911/45/3720 2915/49/3721
f 2963/125/3719 2919/53/3696 2966/126/3722
f 2908/48/3642 2967/100/3692 2912/52/3646
f 2904/44/3638 2972/65/3658 2908/48/3642
f 2978/127/3723 2904/44/3638 2900/37/3631
f 2981/128/3724 2900/37/3631 2896/33/3627
f 2984/129/3725 2896/33/3627 2868/130/3726
f 3019/131/3727 2984/129/3725 2868/130/3726
f 2969/63/3657 2917/51/3645 2987/132/3728
f 2987/132/3728 2921/55/3649 2990/133/3729
f 2990/133/3729 2922/54/3648 2993/134/3730
f 2918/50/3693 2993/134/3730 2922/54/3648
f 3012/135/3731 2927/136/3732 2925/59/3653
f 3172/137/3733 2927/138/3732 2929/139/3734
f 2927/136/3732 2930/140/3735 2929/141/3734
f 2929/141/3734 2933/142/3736 2932/143/3737
f 2932/144/3737 2934/145/3738 2931/146/3739
f 2932/143/3737 2936/147/3740 2935/148/3741
f 2934/145/3738 2938/149/3742 2937/150/3743
f 2936/147/3740 2938/151/3742 2935/148/3741
f 3374/152/3744 3377/153/3745 3375/154/3746
f 3374/155/3744 3379/156/3747 3376/157/3748
f 2940/74/3667 2944/158/3749 2943/73/3666
f 2942/108/3702 2944/159/3749 2941/160/3750
f 2943/73/3666 2947/161/3751 2946/72/3665
f 2945/109/3703 2947/162/3751 2944/159/3749
f 2946/72/3665 2950/163/3752 2949/71/3664
f 2948/110/3704 2950/164/3752 2947/162/3751
f 2950/163/3752 2952/165/3753 2949/71/3664
f 2950/164/3752 2954/166/3754 2953/167/3755
f 3416/168/3756 3396/88/3678 3397/83/3673
f 3416/169/3756 3407/115/3709 3417/170/3757
f 3417/171/3757 3400/91/3681 3396/88/3678
f 3417/170/3757 3410/117/3711 3418/172/3758
f 3418/173/3758 3402/94/3684 3400/91/3681
f 3418/172/3758 3412/119/3713 3419/174/3759
f 3419/175/3759 3404/176/3760 3402/94/3684
f 3419/174/3759 3414/121/3715 3420/177/3761
f 2956/178/3762 2958/179/3763 2955/180/3764
f 2956/181/3762 2960/182/3765 2959/183/3766
f 2958/179/3763 2962/184/3767 2961/99/3690
f 2960/182/3765 2962/185/3767 2959/183/3766
f 2961/99/3690 2965/186/3768 2964/187/3769
f 2963/125/3719 2965/188/3768 2962/185/3767
f 2968/64/3655 2985/101/3694 2967/100/3692
f 2968/61/3655 2987/132/3728 2986/189/3770
f 2971/190/3659 2973/93/3683 2970/62/3656
f 2971/66/3659 2975/191/3771 2974/192/3772
f 2973/93/3683 2977/193/3773 2976/90/3680
f 2975/191/3771 2977/194/3773 2974/192/3772
f 2976/90/3680 2980/195/3774 2979/87/3677
f 2978/127/3723 2980/196/3774 2977/194/3773
f 2979/87/3677 2983/197/3775 2982/86/3676
f 2981/128/3724 2983/198/3775 2980/196/3774
f 2983/197/3775 3005/199/3776 2982/86/3676
f 2986/200/3770 2988/69/3662 2985/101/3694
f 2986/189/3770 2990/133/3729 2989/201/3777
f 2989/202/3777 2991/102/3695 2988/69/3662
f 2989/201/3777 2993/134/3730 2992/203/3778
f 2964/187/3769 2992/203/3778 2993/134/3730
f 2966/126/3722 2992/204/3778 2965/188/3768
f 2889/205/3779 3028/206/3780 3027/207/3781
f 2888/4/3782 2995/208/3783 2994/209/3784
f 2867/68/3661 2995/208/3783 2869/25/3785
f 2996/210/3786 3087/211/3787 3086/212/3788
f 2868/130/3789 2997/213/3790 2866/214/3791
f 2866/214/3791 2997/213/3790 3096/215/3792
f 2997/213/3790 3097/26/3620 3096/215/3792
f 2891/15/3793 2997/213/3790 2868/130/3789
f 3000/216/3794 2999/217/3795 2926/82/3672
f 3000/216/3794 2881/3/3597 3001/218/3796
f 3006/219/3797 2998/220/3798 3007/221/3799
f 3018/222/3800 3017/58/3652 2983/198/3775
f 2995/208/3783 3032/223/3801 2994/209/3784
f 2994/209/3784 3032/223/3801 3028/206/3780
f 3032/223/3801 3029/224/3802 3028/206/3780
f 3064/225/3803 3061/226/3804 3063/227/3805
f 3134/228/76 3139/229/76 3133/230/76
f 2998/220/3806 3003/231/3807 3002/232/3808
f 3002/232/3808 3023/233/3809 3022/234/3810
f 3007/221/3799 3008/235/3811 3004/67/3660
f 3008/235/3812 3025/236/3813 3024/237/3814
f 3013/238/3815 3014/239/3816 3010/104/3817
f 3015/240/3818 3091/241/3819 3014/239/3816
f 3016/242/3820 3021/243/3821 3020/244/3822
f 3020/244/3822 3094/245/3823 3093/246/3824
f 3022/234/3810 3069/247/3825 3070/248/3826
f 3024/237/3814 3073/249/3827 3074/250/3828
f 3029/224/3802 3030/251/3829 3026/252/3830
f 3031/253/3831 3078/254/3832 3030/251/3829
f 3034/255/3833 3035/256/3834 3032/223/3801
f 3036/257/3835 3082/258/3836 3035/256/3834
f 3038/259/3837 3072/260/3838 3037/261/3839
f 3038/259/3837 3040/262/3840 3039/263/3841
f 3040/262/3842 3053/264/3843 3039/263/3841
f 3042/265/3844 3076/266/3845 3041/267/3846
f 3042/265/3844 3044/268/3847 3043/269/3848
f 3043/269/3848 3056/270/3849 3055/271/3850
f 3045/272/3851 3079/273/3852 3080/274/3853
f 3045/272/3851 3047/275/3854 3046/276/3855
f 3047/275/3856 3058/277/3857 3057/278/3858
f 3049/279/3859 3083/280/3860 3084/281/3861
f 3049/279/3859 3051/282/3862 3050/283/3863
f 3052/284/3864 3059/285/3865 3051/282/3862
f 3054/286/3866 3062/287/3867 3053/264/3843
f 3055/271/3850 3064/225/3868 3063/227/3869
f 3057/278/3858 3065/288/3870 3066/289/3871
f 3060/290/3872 3068/291/3873 3059/285/3865
f 3069/247/3825 3071/292/3874 3070/248/3826
f 3073/249/3827 3075/293/3875 3074/250/3828
f 3078/254/3832 3080/274/3853 3079/273/3852
f 3081/294/3876 3083/280/3860 3082/258/3836
f 3085/27/3621 3090/295/3877 3089/296/3878
f 3089/296/3878 3102/297/3879 3101/298/3880
f 3092/299/3881 3103/300/3882 3091/241/3819
f 3094/245/3823 3105/301/3883 3093/246/3824
f 3095/302/3884 3100/303/3885 3099/304/3886
f 3099/304/3886 3108/305/3887 3107/306/3888
f 3102/297/3879 3109/307/3889 3101/298/3880
f 3104/308/3890 3111/309/3891 3103/300/3882
f 3106/310/3892 3113/311/3893 3105/301/3883
f 3107/306/3888 3116/312/3894 3115/313/3895
f 3109/307/3889 3118/314/3896 3117/315/3897
f 3112/316/3898 3119/317/3899 3111/309/3891
f 3114/318/3900 3121/319/3901 3113/311/3893
f 3115/313/3895 3124/320/3902 3123/321/3903
f 3118/314/3904 3125/322/3905 3117/315/3897
f 3119/317/3906 3128/323/3907 3127/324/3908
f 3122/325/3909 3129/326/3910 3121/319/3901
f 3123/321/3903 3132/327/3911 3131/328/3912
f 3126/329/3913 3133/230/3914 3125/322/3905
f 3127/324/3908 3135/330/3915 3136/331/3916
f 3130/332/3917 3138/333/3918 3129/326/3910
f 3131/328/3912 3139/229/3919 3140/334/3920
f 3009/335/3921 2998/220/3806 3002/232/3808
f 3003/231/3807 3027/207/3781 3026/252/3830
f 3034/255/3922 3004/67/3660 3008/235/3811
f 3087/211/3787 3014/239/3816 3088/336/3923
f 3015/240/3818 3016/242/3820 3020/244/3822
f 3021/243/3821 3096/215/3792 3095/302/3884
f 3009/335/3921 3022/234/3810 3025/236/3813
f 3003/231/3807 3030/251/3829 3023/233/3809
f 3031/253/3831 3032/223/3801 3035/256/3834
f 3036/257/3835 3008/235/3812 3024/237/3814
f 3041/267/3846 3039/263/3841 3044/268/3847
f 3046/276/3855 3040/262/3840 3037/261/3839
f 3045/272/3851 3051/282/3862 3048/337/3924
f 3042/265/3844 3052/284/3864 3049/279/3859
f 3044/268/3847 3053/264/3843 3056/270/3849
f 3040/262/3842 3057/278/3858 3054/286/3866
f 3051/282/3862 3058/277/3857 3048/337/3924
f 3052/284/3864 3055/271/3850 3060/290/3872
f 3056/270/3849 3062/287/3867 3064/225/3868
f 3054/286/3866 3066/289/3871 3061/226/3925
f 3059/285/3865 3065/288/3870 3058/277/3857
f 3060/290/3872 3063/227/3869 3067/338/3926
f 3070/248/3826 3076/266/3845 3073/249/3827
f 3069/247/3825 3079/273/3852 3072/260/3838
f 3075/293/3875 3081/294/3876 3074/250/3828
f 3077/339/3927 3083/280/3860 3080/274/3853
f 3025/236/3813 3070/248/3826 3073/249/3827
f 3023/233/3809 3078/254/3832 3069/247/3825
f 3035/256/3834 3077/339/3927 3031/253/3831
f 3036/257/3835 3074/250/3828 3081/294/3876
f 3071/292/3874 3041/267/3846 3076/266/3845
f 3072/260/3838 3046/276/3855 3037/261/3839
f 3080/274/3853 3050/283/3863 3045/272/3851
f 3084/281/3861 3042/265/3844 3049/279/3859
f 3090/295/3877 3014/239/3816 3091/241/3819
f 3020/244/3822 3092/299/3881 3015/240/3818
f 3021/243/3821 3099/304/3886 3094/245/3823
f 3098/28/3622 3089/296/3878 3100/303/3885
f 3091/241/3819 3102/297/3879 3090/295/3877
f 3093/246/3824 3104/308/3890 3092/299/3881
f 3094/245/3823 3107/306/3888 3106/310/3892
f 3100/303/3885 3101/298/3880 3108/305/3887
f 3103/300/3882 3110/340/3928 3102/297/3879
f 3105/301/3883 3112/316/3898 3104/308/3890
f 3106/310/3892 3115/313/3895 3114/318/3900
f 3108/305/3887 3109/307/3889 3116/312/3894
f 3110/340/3928 3119/317/3899 3118/314/3896
f 3113/311/3893 3120/341/3929 3112/316/3898
f 3115/313/3895 3122/325/3909 3114/318/3900
f 3116/312/3894 3117/315/3897 3124/320/3902
f 3118/314/3904 3127/324/3908 3126/329/3913
f 3121/319/3901 3128/323/3907 3120/341/3929
f 3122/325/3909 3131/328/3912 3130/332/3917
f 3124/320/3902 3125/322/3905 3132/327/3911
f 3127/324/3908 3134/228/3930 3126/329/3913
f 3129/326/3910 3135/330/3915 3128/323/3907
f 3130/332/3917 3140/334/3920 3137/342/3931
f 3132/327/3911 3133/230/3914 3139/229/3919
f 2999/217/3795 3001/218/3796 2998/220/3798
f 3004/67/3660 3005/199/3776 3007/221/3799
f 3010/104/3698 3012/135/3731 3013/238/3932
f 3016/242/3820 3017/58/3652 3018/222/3800
f 3026/252/3830 3028/206/3780 3029/224/3802
f 2995/208/3783 3034/255/3933 3032/223/3801
f 3086/212/3788 3088/336/3923 3085/27/3621
f 3095/302/3884 3097/26/3620 3098/28/3622
f 3028/206/3780 2888/4/3782 2994/209/3784
f 3004/67/3660 3033/343/3934 2867/68/3661
f 2982/86/3676 3004/67/3660 2869/25/3619
f 2866/214/3791 3019/131/3727 2868/130/3726
f 3018/222/3800 2983/198/3775 2984/129/3725
f 2983/197/3775 3006/219/3797 3005/199/3776
f 3006/219/3797 2925/344/3653 2999/217/3795
f 3012/135/3731 3016/242/3820 3013/238/3932
f 2999/217/3795 2927/138/3732 2926/82/3672
f 2928/345/3935 3012/135/3731 3011/103/3697
f 3001/218/3796 2881/3/3597 2889/205/3936
f 2880/14/3608 3010/104/3698 2890/346/3937
f 3067/338/3938 3065/288/3939 3068/291/3940
f 3063/227/3805 3066/289/3941 3067/338/3938
f 3136/331/76 3138/333/76 3137/342/76
f 3140/334/76 3136/331/76 3137/342/76
f 2996/210/3786 3097/26/3620 2997/213/3790
f 3096/215/3792 3019/131/3727 2866/214/3791
f 3016/242/3820 3018/222/3800 3019/131/3727
f 3007/221/3799 3005/199/3776 3006/219/3797
f 2924/347/3654 3006/219/3797 2983/197/3775
f 2983/198/3775 3017/58/3652 2924/60/3654
f 2891/15/3793 2890/346/3942 2996/210/3786
f 2890/346/3942 3010/104/3817 3087/211/3787
f 3027/207/3781 3001/218/3943 2889/205/3779
f 2894/348/3944 3143/349/3945 3141/350/3946
f 3188/351/3947 3143/349/3945 2882/30/3948
f 2934/145/3949 3178/352/3950 3177/353/3951
f 2931/146/3952 2934/145/3953 3177/353/3954
f 2895/17/3611 3148/105/3699 3147/11/3605
f 2895/17/3611 3149/354/3955 2884/21/3615
f 2878/19/3613 3150/355/3956 3148/105/3699
f 3271/356/3957 3150/355/3956 2939/357/3958
f 3173/358/3959 2932/144/3737 2931/146/3739
f 3141/350/3946 3186/359/3960 3142/360/3961
f 3231/77/76 3230/361/76 3229/362/76
f 3165/5/3599 3167/363/3962 3163/76/3669
f 3166/364/3963 3168/365/3964 3167/363/3962
f 3169/366/3965 3182/367/3966 3168/365/3964
f 3173/358/3967 3174/368/3968 3170/80/3969
f 3175/369/3970 3184/370/3971 3174/368/3968
f 3176/371/3972 3181/372/3973 3180/373/3974
f 3189/374/3975 3190/375/3976 3186/359/3960
f 3192/376/3977 3200/377/3978 3155/378/3979
f 3195/379/3980 3201/380/3981 3194/381/3982
f 3197/382/3983 3203/383/3984 3196/384/3985
f 3198/385/3986 3206/386/3987 3205/387/3988
f 3200/377/3978 3207/388/3989 3155/378/3979
f 3201/380/3981 3210/389/3990 3209/390/3991
f 3203/383/3984 3212/391/3992 3211/392/3993
f 3206/386/3987 3213/393/3994 3205/387/3988
f 3207/388/3989 3216/394/3995 3215/395/3996
f 3210/389/3990 3217/396/3997 3209/390/3991
f 3211/392/3993 3220/397/3998 3219/398/3999
f 3213/393/3994 3222/399/4000 3221/400/4001
f 3216/394/3995 3224/401/4002 3215/395/3996
f 3217/396/3997 3225/78/4003 3226/402/4004
f 3219/398/3999 3228/403/4005 3227/404/4006
f 3222/399/4000 3230/361/4007 3221/400/4001
f 3141/350/3946 3169/366/3965 3166/364/3963
f 3166/364/3963 2894/348/3944 3141/350/3946
f 3163/76/3669 3144/405/4008 2937/150/4009
f 3175/369/3970 2931/146/3952 3145/406/4010
f 3189/374/3975 3170/80/3969 3174/368/3968
f 3145/406/4010 3180/373/3974 3151/407/4011
f 3179/408/4012 3182/367/3966 3181/372/3973
f 3142/360/3961 3183/409/4013 3169/366/3965
f 3145/406/4010 3185/410/4014 3175/369/3970
f 3142/360/3961 3190/375/3976 3152/411/4015
f 3191/412/4016 3174/368/3968 3184/370/3971
f 3153/413/4017 3192/376/3977 3155/378/3979
f 3193/414/4018 3201/380/3981 3200/377/3978
f 3154/415/4019 3202/416/4020 3195/379/3980
f 3197/382/3983 3155/378/3979 3204/417/4021
f 3198/385/3986 3156/418/4022 3154/415/4019
f 3199/419/4023 3203/383/3984 3206/386/3987
f 3155/378/3979 3207/388/3989 3157/420/4024
f 3200/377/3978 3209/390/3991 3208/421/4025
f 3202/416/4020 3158/422/4026 3210/389/3990
f 3204/417/4021 3157/420/4024 3212/391/3992
f 3205/387/3988 3158/422/4026 3156/418/4022
f 3206/386/3987 3211/392/3993 3214/423/4027
f 3157/420/4024 3215/395/3996 3159/424/4028
f 3208/421/4025 3217/396/3997 3216/394/3995
f 3158/422/4026 3218/425/4029 3210/389/3990
f 3212/391/3992 3159/424/4028 3220/397/3998
f 3213/393/3994 3160/426/4030 3158/422/4026
f 3214/423/4027 3219/398/3999 3222/399/4000
f 3159/424/4028 3224/401/4002 3161/427/4031
f 3216/394/3995 3226/402/4004 3223/428/4032
f 3160/426/4030 3225/78/4003 3218/425/4029
f 3220/397/3998 3161/427/4031 3228/403/4005
f 3221/400/4001 3162/79/4033 3160/426/4030
f 3222/399/4000 3227/404/4006 3229/362/4034
f 3167/363/3962 3168/365/3964 3144/405/4008
f 3179/408/4012 3178/352/3950 3168/365/3964
f 3178/352/3950 3144/405/4008 3168/365/3964
f 3163/76/3669 3164/75/3668 3165/5/3599
f 3171/81/3671 3173/358/3959 3170/80/3670
f 3177/353/3951 3179/408/4012 3176/371/3972
f 3186/359/3960 3188/351/3947 3189/374/3975
f 2893/7/3601 2894/348/3944 3165/5/3599
f 2937/150/4009 2940/74/3667 3163/76/3669
f 3186/359/3960 3143/349/3945 3187/429/4035
f 2879/1/4036 3189/374/3975 3188/351/3947
f 2927/138/3732 3171/81/3671 2926/82/3672
f 3173/358/3959 2929/139/3734 2932/144/3737
f 2931/146/3952 3176/371/3972 3145/406/4010
f 3227/404/76 3231/77/76 3229/362/76
f 3232/430/76 3226/402/76 3231/77/76
f 3228/403/76 3232/430/76 3227/404/76
f 3224/401/76 3232/430/76 3161/427/76
f 3234/431/4037 3236/432/4038 3235/433/4039
f 3234/431/4037 3238/434/4040 3237/435/4041
f 3241/436/4042 3243/437/4043 3242/438/4044
f 3239/439/4045 3243/437/4043 3240/440/4046
f 3246/441/4047 3248/442/4048 3247/443/4049
f 3246/441/4047 3250/444/4050 3249/445/4051
f 3253/446/4052 3255/447/4053 3254/448/4054
f 3251/449/4055 3255/447/4053 3252/450/4056
f 3181/372/3973 3233/451/4057 3180/373/3974
f 3182/367/3966 3244/452/4058 3239/439/4045
f 3185/410/4014 3245/453/4059 3184/370/3971
f 3190/375/3976 3256/454/4060 3251/449/4055
f 3235/433/4039 3193/414/4018 3192/376/3977
f 3242/438/4044 3194/381/3982 3241/436/4042
f 3247/443/4049 3197/382/3983 3196/384/3985
f 3254/448/4054 3198/385/3986 3253/446/4052
f 3151/407/4011 3233/451/4061 3257/455/4062
f 3181/372/3973 3239/439/4045 3238/434/4040
f 3183/409/4013 3262/456/4063 3244/452/4058
f 3151/407/4011 3250/444/4050 3185/410/4014
f 3152/411/4015 3251/449/4055 3262/456/4063
f 3184/370/3971 3256/454/4060 3191/412/4016
f 3259/457/4064 3192/376/3977 3153/413/4017
f 3236/432/4038 3194/381/3982 3193/414/4018
f 3260/458/4065 3195/379/3980 3242/438/4044
f 3248/442/4048 3153/413/4017 3197/382/3983
f 3253/446/4052 3154/415/4019 3260/458/4065
f 3254/448/4054 3196/384/3985 3199/419/4023
f 3234/431/4066 3257/455/4062 3233/451/4061
f 3235/433/4067 3258/459/4068 3234/431/4066
f 3237/435/4041 3241/436/4042 3236/432/4038
f 3238/434/4040 3240/440/4046 3237/435/4041
f 3242/438/4044 3261/460/4069 3260/458/4065
f 3243/437/4043 3262/456/4063 3261/460/4069
f 3245/453/4059 3255/447/4053 3256/454/4060
f 3247/443/4049 3255/447/4053 3246/441/4047
f 3249/445/4051 3259/457/4064 3248/442/4048
f 3249/445/4051 3257/455/4062 3258/459/4068
f 3252/450/4056 3262/456/4063 3251/449/4055
f 3252/450/4056 3260/458/4065 3261/460/4069
f 3264/461/4070 2930/140/3735 2928/345/3935
f 2885/16/3610 3264/461/4070 2880/14/3608
f 3305/462/4071 3312/463/4071 3311/464/4071
f 3263/465/4072 3267/466/4073 3266/467/4074
f 3267/466/4073 3314/468/4075 3266/467/4074
f 3268/469/4076 3329/470/4077 3330/471/4078
f 3269/472/4079 3272/106/3700 3271/356/4080
f 3273/473/4081 3321/474/4082 3322/475/4083
f 3274/476/4084 3276/477/4085 3275/478/4086
f 3276/477/4087 3289/479/4088 3275/478/4086
f 3278/480/4089 3328/481/4090 3277/482/4091
f 3277/482/4091 3279/483/4092 3278/480/4089
f 3279/483/4093 3292/484/4094 3291/485/4095
f 3282/486/4096 3334/487/4097 3281/488/4098
f 3282/486/4096 3284/489/4099 3283/490/4100
f 3283/490/4100 3294/491/4101 3293/492/4102
f 3285/493/4103 3317/494/4104 3318/495/4105
f 3285/493/4103 3287/496/4106 3286/497/4107
f 3288/498/4108 3295/499/4109 3287/496/4106
f 3289/479/4088 3298/500/4110 3297/501/4111
f 3292/484/4094 3299/502/4112 3291/485/4095
f 3294/491/4101 3301/503/4113 3293/492/4102
f 3295/499/4109 3304/504/4114 3303/505/4115
f 3298/500/4110 3305/462/4116 3297/501/4111
f 3299/502/4112 3307/506/4117 3308/507/4118
f 3301/503/4113 3309/508/4119 3310/509/4120
f 3304/504/4114 3312/463/4121 3303/505/4115
f 3313/510/4122 3316/511/4123 3314/468/4075
f 3316/511/4124 3318/495/4105 3317/494/4104
f 3319/512/4125 3322/475/4083 3321/474/4082
f 3319/512/4125 3323/513/4126 3320/514/4127
f 3324/515/4128 3340/516/4129 3323/513/4126
f 3326/517/4130 3327/518/4131 3325/519/4132
f 3326/517/4130 3330/471/4078 3329/470/4077
f 3332/520/4133 3333/521/4134 3331/522/4135
f 3332/520/4133 3336/523/4136 3335/524/4137
f 3335/524/4137 3341/525/4138 3343/526/4139
f 3149/354/3955 3337/527/4140 3267/466/4073
f 3339/12/3606 3268/469/4076 3340/516/4129
f 3265/528/4141 3149/354/3955 3267/466/4073
f 2933/142/4142 3342/529/4143 3341/525/4138
f 3263/465/4072 3266/467/4074 2930/140/4144
f 3266/467/4074 3343/526/4139 2930/140/4144
f 2930/140/4144 3343/526/4139 3342/529/4143
f 2933/142/4142 3271/356/4145 2936/147/4146
f 3273/473/4081 3279/483/4092 3276/477/4085
f 3282/486/4096 3280/530/4147 3277/482/4091
f 3286/497/4107 3284/489/4099 3281/488/4098
f 3285/493/4103 3275/478/4086 3288/498/4108
f 3279/483/4093 3290/531/4148 3276/477/4087
f 3283/490/4100 3292/484/4094 3280/530/4147
f 3287/496/4106 3294/491/4101 3284/489/4099
f 3288/498/4108 3289/479/4088 3296/532/4149
f 3291/485/4095 3298/500/4110 3290/531/4148
f 3293/492/4102 3300/533/4150 3292/484/4094
f 3295/499/4109 3302/534/4151 3294/491/4101
f 3296/532/4149 3297/501/4111 3304/504/4114
f 3299/502/4112 3306/535/4152 3298/500/4110
f 3300/533/4150 3310/509/4120 3307/506/4117
f 3303/505/4115 3309/508/4119 3302/534/4151
f 3297/501/4111 3311/464/4153 3304/504/4114
f 3323/513/4126 3268/469/4076 3330/471/4078
f 3269/472/4079 3336/523/4136 3329/470/4077
f 3343/526/4139 3314/468/4075 3335/524/4137
f 3337/527/4140 3313/510/4122 3267/466/4073
f 3322/475/4083 3278/480/4089 3273/473/4081
f 3333/521/4134 3277/482/4091 3328/481/4090
f 3317/494/4104 3281/488/4098 3334/487/4097
f 3318/495/4105 3274/476/4084 3285/493/4103
f 3324/515/4128 3315/536/4154 3313/510/4122
f 3321/474/4082 3315/536/4154 3319/512/4125
f 3320/514/4127 3327/518/4131 3322/475/4083
f 3320/514/4127 3330/471/4078 3325/519/4132
f 3328/481/4090 3331/522/4135 3333/521/4134
f 3329/470/4077 3331/522/4135 3326/517/4130
f 3334/487/4097 3316/511/4124 3317/494/4104
f 3335/524/4137 3316/511/4123 3332/520/4133
f 3263/465/4155 3264/461/4070 3265/528/4156
f 3270/537/4157 3271/356/4158 3272/106/3700
f 3338/13/3607 3340/516/4129 3337/527/4140
f 3341/525/4138 3342/529/4143 3343/526/4139
f 3146/107/3701 3147/11/3605 3148/105/3699
f 3148/105/3699 3270/537/4157 3272/106/3700
f 3146/107/3701 3272/106/3700 3339/12/3606
f 3338/13/3607 3149/354/3955 3147/11/3605
f 3264/461/4070 2884/21/3615 3265/528/4156
f 3264/461/4070 2928/345/3935 2880/14/3608
f 3306/535/4071 3309/508/4071 3312/463/4071
f 3308/507/4071 3310/509/4071 3309/508/4071
f 2882/30/3948 2879/1/4036 3188/351/3947
f 2939/357/3958 2936/147/4159 3271/356/3957
f 3178/352/3950 2937/150/4160 3144/405/4008
f 2933/142/4142 3341/525/4138 3269/472/4079
f 3345/538/4161 3350/539/4162 3351/540/4163
f 3347/541/4164 3352/542/4165 3346/543/4166
f 3345/538/4167 3353/544/1299 3347/541/4168
f 3348/545/4169 3350/546/4162 3344/547/4170
f 3348/545/4171 3355/548/1294 3354/549/1294
f 3349/550/4172 3352/551/4165 3355/548/4173
f 3351/540/4174 3356/552/4175 3357/553/4176
f 3353/544/4177 3358/554/4178 3352/542/4179
f 3353/544/1299 3357/553/1299 3359/555/1299
f 3354/549/4180 3356/556/4175 3350/546/4181
f 3355/548/1294 3360/557/1294 3354/549/1294
f 3355/548/4182 3358/558/4178 3361/559/4183
f 3357/553/4176 3362/560/4184 3363/561/4185
f 3359/555/4186 3364/562/4187 3358/554/4178
f 3359/555/1299 3363/561/1299 3365/563/1299
f 3360/557/4188 3362/564/4184 3356/556/4175
f 3361/559/1294 3366/565/1294 3360/557/1294
f 3361/559/4183 3364/566/4187 3367/567/4189
f 3362/560/4184 3369/568/4190 3363/561/4185
f 3364/562/4187 3371/569/4191 3370/570/4192
f 3365/563/1299 3369/568/1299 3371/569/1299
f 3362/564/4184 3372/571/4193 3368/572/4194
f 3367/567/1294 3372/571/1294 3366/565/1294
f 3364/566/4187 3373/573/4195 3367/567/4189
f 3368/574/4194 3375/154/4196 3369/568/4190
f 3370/570/4192 3377/153/4197 3376/575/4198
f 3371/569/1299 3375/154/1299 3377/153/1299
f 3368/572/4194 3378/576/4199 3374/155/4200
f 3373/573/1294 3378/576/1294 3372/571/1294
f 3370/577/4192 3379/156/4201 3373/573/4195
f 2955/180/4202 3381/578/4203 2906/39/4204
f 2958/179/4205 3380/579/4206 2955/180/4202
f 2910/42/4207 3382/580/4208 2958/179/4209
f 2910/42/4210 3381/578/4203 3383/581/4211
f 2960/182/4212 3384/582/4213 3385/583/4214
f 2957/584/4215 3386/585/4216 3384/582/4213
f 2911/45/4217 3386/585/4216 2907/41/4218
f 2911/45/4219 3385/583/4220 3387/586/4221
f 3380/579/4206 3389/98/3688 3381/578/4203
f 3382/580/4222 3388/96/3686 3380/579/4206
f 3382/580/4208 3391/97/4223 3390/587/4224
f 3383/581/4211 3389/98/3688 3391/97/4225
f 3385/583/4214 3392/122/3716 3393/124/4226
f 3384/582/4213 3394/588/4227 3392/122/3716
f 3387/586/4228 3394/588/4227 3386/585/4216
f 3385/583/4220 3395/123/4229 3387/586/4221
f 2887/589/4230 3398/84/4231 2871/590/4232
f 2887/589/4233 3397/83/4234 3399/85/4235
f 2871/590/4236 3401/89/4237 2898/591/4238
f 2898/591/4239 3403/92/4240 2902/592/4241
f 2906/593/4242 3404/176/4243 2955/594/4244
f 2902/592/4245 3405/95/4245 2906/593/4245
f 2886/595/4246 3408/113/4247 2954/596/4248
f 2886/595/4249 3406/112/4250 3409/114/4251
f 2870/597/4252 3411/116/4253 3406/112/4254
f 2899/598/4255 3413/118/4256 3411/116/4257
f 2903/599/4258 3415/120/4258 3413/118/4258
f 2907/600/4259 3414/121/4260 3415/120/4261
f 2953/601/4262 3397/83/4263 2952/602/4264
f 2953/603/4265 3408/113/4266 3416/169/4267
f 2956/604/4268 3404/176/4269 3420/605/4270
f 2956/606/4271 3414/121/4272 2957/607/4273
f 2938/149/3742 3424/608/4274 2937/150/3743
f 2941/609/3750 3430/610/4275 3427/611/4276
f 2940/74/1299 3424/608/4277 3430/610/4278
f 2938/151/3742 3433/612/4279 3421/613/4280
f 2942/108/1294 3433/612/4281 2939/357/1294
f 2941/160/3750 3436/614/4282 2942/108/3702
f 3426/615/4283 3344/616/4170 3345/538/4161
f 3432/617/4284 3346/543/4166 3429/618/4285
f 3426/615/4286 3347/541/4168 3432/617/4287
f 3435/619/4288 3344/547/4170 3423/620/4289
f 3435/619/4290 3349/550/4291 3348/545/4171
f 3438/621/4292 3346/622/4166 3349/550/4172
f 3421/623/4293 3425/624/4294 3424/608/4295
f 3422/625/4296 3426/615/4297 3425/626/4298
f 3425/624/4299 3430/610/4278 3424/608/4277
f 3425/626/4299 3432/617/4287 3431/627/4300
f 3427/628/4276 3437/629/4301 3436/614/4282
f 3428/630/4302 3438/621/4292 3437/631/4301
f 3428/632/4302 3432/617/4284 3429/618/4285
f 3427/611/4276 3431/633/4303 3428/634/4302
f 3422/635/4296 3435/619/4304 3423/620/4305
f 3421/613/4293 3434/636/4306 3422/637/4307
f 3434/638/4308 3438/621/4309 3435/619/4290
f 3434/636/4308 3436/614/4310 3437/629/4311
f 3452/1/4312 3456/2/4313 3454/3/4314
f 3461/4/4315 3454/3/4314 3456/2/4313
f 3738/5/4316 3450/6/4317 3466/7/4318
f 3456/2/4313 3448/8/4319 3446/9/4320
f 3460/10/4321 3456/2/4313 3446/9/4320
f 3720/11/4322 3912/12/4323 3911/13/4324
f 3453/14/4325 3464/15/4326 3458/16/4327
f 3468/17/4328 3449/18/4329 3451/19/4330
f 3458/16/4327 3447/20/4331 3457/21/4332
f 3458/16/4327 3459/22/4333 3445/23/4334
f 3461/4/4315 3444/24/4335 3442/25/4336
f 3670/26/4337 3658/27/4338 3671/28/4339
f 3464/15/4326 3443/29/4340 3459/22/4333
f 3455/30/4341 3466/7/4318 3448/8/4319
f 3465/31/4342 3457/21/4332 3447/20/4331
f 3444/24/4335 3470/32/4343 3442/25/4336
f 3443/29/4340 3469/33/4344 3472/34/4345
f 3471/35/4346 3474/36/4347 3470/32/4343
f 3472/34/4345 3473/37/4348 3476/38/4349
f 3474/36/4347 3479/39/4350 3478/40/4351
f 3473/37/4348 3480/41/4352 3476/38/4349
f 3478/40/4351 3483/42/4353 3482/43/4354
f 3477/44/4355 3484/45/4356 3480/41/4352
f 3482/43/4354 3487/46/4357 3486/47/4358
f 3481/48/4359 3488/49/4360 3484/45/4356
f 3486/47/4358 3491/50/4361 3490/51/4362
f 3485/52/4363 3492/53/4364 3488/49/4360
f 3490/51/4362 3495/54/4365 3494/55/4366
f 3489/56/4367 3496/57/4368 3492/53/4364
f 3590/58/4369 3498/59/4370 3497/60/4371
f 3541/61/4372 3543/62/4373 3542/63/4374
f 3541/64/4372 3545/65/4375 3544/66/4376
f 3442/25/4336 3577/67/4377 3440/68/4378
f 3561/69/4379 3496/57/4368 3493/70/4380
f 3522/71/4381 3460/10/4321 3446/9/4320
f 3522/71/4381 3448/8/4319 3519/72/4382
f 3516/73/4383 3450/6/4317 3513/74/4384
f 3513/74/4384 3737/75/4385 3736/76/4386
f 3804/77/76 3798/78/76 3735/79/76
f 3452/1/4312 3454/3/4314 3743/80/4387
f 3743/80/4387 3454/3/4314 3744/81/4388
f 3499/82/4389 3744/81/4388 3454/3/4314
f 3970/83/4390 3971/84/4391 3972/85/4392
f 3519/72/4382 3466/7/4318 3516/73/4383
f 3555/86/4393 3470/32/4343 3552/87/4394
f 3969/88/4395 3974/89/4396 3971/84/4391
f 3552/87/4394 3474/36/4347 3549/90/4397
f 3973/91/4398 3976/92/4399 3974/89/4396
f 3549/90/4397 3478/40/4351 3546/93/4400
f 3975/94/4401 3978/95/4402 3976/92/4399
f 3543/62/4373 3478/40/4351 3482/43/4354
f 3961/96/4403 3964/97/4404 3962/98/4405
f 3542/63/4374 3482/43/4354 3486/47/4358
f 3483/42/4406 3534/99/4407 3487/46/4408
f 3540/100/4409 3489/56/4367 3485/52/4363
f 3534/99/4407 3491/50/4410 3487/46/4408
f 3558/101/4411 3493/70/4380 3489/56/4367
f 3564/102/4412 3492/53/4413 3496/57/4368
f 3453/14/4325 3584/103/4414 3583/104/4415
f 3721/105/4416 3845/106/4417 3719/107/4418
f 3515/108/4419 3451/19/4330 3449/18/4329
f 3518/109/4420 3449/18/4329 3465/31/4342
f 3521/110/4421 3465/31/4342 3447/20/4331
f 3524/111/4422 3447/20/4331 3445/23/4334
f 3459/22/4333 3524/111/4422 3445/23/4334
f 3979/112/4423 3981/113/4424 3982/114/4425
f 3980/115/4426 3984/116/4427 3983/117/4428
f 3983/117/4428 3986/118/4429 3985/119/4430
f 3985/119/4430 3988/120/4431 3987/121/4432
f 3965/122/4433 3968/123/4434 3966/124/4435
f 3536/125/4436 3484/45/4437 3488/49/4438
f 3536/125/4436 3492/53/4413 3539/126/4439
f 3481/48/4359 3540/100/4409 3485/52/4363
f 3477/44/4355 3545/65/4375 3481/48/4359
f 3551/127/4440 3477/44/4355 3473/37/4348
f 3554/128/4441 3473/37/4348 3469/33/4344
f 3557/129/4442 3469/33/4344 3441/130/4443
f 3592/131/4444 3557/129/4442 3441/130/4443
f 3542/63/4374 3490/51/4362 3560/132/4445
f 3560/132/4445 3494/55/4366 3563/133/4446
f 3563/133/4446 3495/54/4365 3566/134/4447
f 3491/50/4410 3566/134/4447 3495/54/4365
f 3585/135/4448 3500/136/4449 3498/59/4370
f 3745/137/4450 3500/138/4449 3502/139/4451
f 3500/136/4449 3503/140/4452 3502/141/4451
f 3502/141/4451 3506/142/4453 3505/143/4454
f 3505/144/4454 3507/145/4455 3504/146/4456
f 3505/143/4454 3509/147/4457 3508/148/4458
f 3507/145/4455 3511/149/4459 3510/150/4460
f 3509/147/4457 3511/151/4459 3508/148/4458
f 3947/152/4461 3950/153/4462 3948/154/4463
f 3947/155/4461 3952/156/4464 3949/157/4465
f 3513/74/4384 3517/158/4466 3516/73/4383
f 3515/108/4419 3517/159/4466 3514/160/4467
f 3516/73/4383 3520/161/4468 3519/72/4382
f 3518/109/4420 3520/162/4468 3517/159/4466
f 3519/72/4382 3523/163/4469 3522/71/4381
f 3521/110/4421 3523/164/4469 3520/162/4468
f 3523/163/4469 3525/165/4470 3522/71/4381
f 3523/164/4469 3527/166/4471 3526/167/4472
f 3989/168/4473 3969/88/4395 3970/83/4390
f 3989/169/4473 3980/115/4426 3990/170/4474
f 3990/171/4474 3973/91/4398 3969/88/4395
f 3990/170/4474 3983/117/4428 3991/172/4475
f 3991/173/4475 3975/94/4401 3973/91/4398
f 3991/172/4475 3985/119/4430 3992/174/4476
f 3992/175/4476 3977/176/4477 3975/94/4401
f 3992/174/4476 3987/121/4432 3993/177/4478
f 3529/178/4479 3531/179/4480 3528/180/4481
f 3529/181/4479 3533/182/4482 3532/183/4483
f 3531/179/4480 3535/184/4484 3534/99/4407
f 3533/182/4482 3535/185/4484 3532/183/4483
f 3534/99/4407 3538/186/4485 3537/187/4486
f 3536/125/4436 3538/188/4485 3535/185/4484
f 3541/64/4372 3558/101/4411 3540/100/4409
f 3541/61/4372 3560/132/4445 3559/189/4487
f 3544/190/4376 3546/93/4400 3543/62/4373
f 3544/66/4376 3548/191/4488 3547/192/4489
f 3546/93/4400 3550/193/4490 3549/90/4397
f 3548/191/4488 3550/194/4490 3547/192/4489
f 3549/90/4397 3553/195/4491 3552/87/4394
f 3551/127/4440 3553/196/4491 3550/194/4490
f 3552/87/4394 3556/197/4492 3555/86/4393
f 3554/128/4441 3556/198/4492 3553/196/4491
f 3556/197/4492 3578/199/4493 3555/86/4393
f 3559/200/4487 3561/69/4379 3558/101/4411
f 3559/189/4487 3563/133/4446 3562/201/4494
f 3562/202/4494 3564/102/4412 3561/69/4379
f 3562/201/4494 3566/134/4447 3565/203/4495
f 3537/187/4486 3565/203/4495 3566/134/4447
f 3539/126/4439 3565/204/4495 3538/188/4485
f 3462/205/4496 3601/206/4497 3600/207/4498
f 3461/4/4499 3568/208/4500 3567/209/4501
f 3440/68/4378 3568/208/4500 3442/25/4502
f 3569/210/4503 3660/211/4504 3659/212/4505
f 3441/130/4506 3570/213/4507 3439/214/4508
f 3439/214/4508 3570/213/4507 3669/215/4509
f 3570/213/4507 3670/26/4337 3669/215/4509
f 3464/15/4510 3570/213/4507 3441/130/4506
f 3573/216/4511 3572/217/4512 3499/82/4389
f 3573/216/4511 3454/3/4314 3574/218/4513
f 3579/219/4514 3571/220/4515 3580/221/4516
f 3591/222/4517 3590/58/4369 3556/198/4492
f 3568/208/4500 3605/223/4518 3567/209/4501
f 3567/209/4501 3605/223/4518 3601/206/4497
f 3605/223/4518 3602/224/4519 3601/206/4497
f 3637/225/4520 3634/226/4521 3636/227/4522
f 3707/228/76 3712/229/76 3706/230/76
f 3571/220/4523 3576/231/4524 3575/232/4525
f 3575/232/4525 3596/233/4526 3595/234/4527
f 3580/221/4516 3581/235/4528 3577/67/4377
f 3581/235/4529 3598/236/4530 3597/237/4531
f 3586/238/4532 3587/239/4533 3583/104/4534
f 3588/240/4535 3664/241/4536 3587/239/4533
f 3589/242/4537 3594/243/4538 3593/244/4539
f 3593/244/4539 3667/245/4540 3666/246/4541
f 3595/234/4527 3642/247/4542 3643/248/4543
f 3597/237/4531 3646/249/4544 3647/250/4545
f 3602/224/4519 3603/251/4546 3599/252/4547
f 3604/253/4548 3651/254/4549 3603/251/4546
f 3607/255/4550 3608/256/4551 3605/223/4518
f 3609/257/4552 3655/258/4553 3608/256/4551
f 3611/259/4554 3645/260/4555 3610/261/4556
f 3611/259/4554 3613/262/4557 3612/263/4558
f 3613/262/4559 3626/264/4560 3612/263/4558
f 3615/265/4561 3649/266/4562 3614/267/4563
f 3615/265/4561 3617/268/4564 3616/269/4565
f 3616/269/4565 3629/270/4566 3628/271/4567
f 3618/272/4568 3652/273/4569 3653/274/4570
f 3618/272/4568 3620/275/4571 3619/276/4572
f 3620/275/4573 3631/277/4574 3630/278/4575
f 3622/279/4576 3656/280/4577 3657/281/4578
f 3622/279/4576 3624/282/4579 3623/283/4580
f 3625/284/4581 3632/285/4582 3624/282/4579
f 3627/286/4583 3635/287/4584 3626/264/4560
f 3628/271/4567 3637/225/4585 3636/227/4586
f 3630/278/4575 3638/288/4587 3639/289/4588
f 3633/290/4589 3641/291/4590 3632/285/4582
f 3642/247/4542 3644/292/4591 3643/248/4543
f 3646/249/4544 3648/293/4592 3647/250/4545
f 3651/254/4549 3653/274/4570 3652/273/4569
f 3654/294/4593 3656/280/4577 3655/258/4553
f 3658/27/4338 3663/295/4594 3662/296/4595
f 3662/296/4595 3675/297/4596 3674/298/4597
f 3665/299/4598 3676/300/4599 3664/241/4536
f 3667/245/4540 3678/301/4600 3666/246/4541
f 3668/302/4601 3673/303/4602 3672/304/4603
f 3672/304/4603 3681/305/4604 3680/306/4605
f 3675/297/4596 3682/307/4606 3674/298/4597
f 3677/308/4607 3684/309/4608 3676/300/4599
f 3679/310/4609 3686/311/4610 3678/301/4600
f 3680/306/4605 3689/312/4611 3688/313/4612
f 3682/307/4606 3691/314/4613 3690/315/4614
f 3685/316/4615 3692/317/4616 3684/309/4608
f 3687/318/4617 3694/319/4618 3686/311/4610
f 3688/313/4612 3697/320/4619 3696/321/4620
f 3691/314/4621 3698/322/4622 3690/315/4614
f 3692/317/4623 3701/323/4624 3700/324/4625
f 3695/325/4626 3702/326/4627 3694/319/4618
f 3696/321/4620 3705/327/4628 3704/328/4629
f 3699/329/4630 3706/230/4631 3698/322/4622
f 3700/324/4625 3708/330/4632 3709/331/4633
f 3703/332/4634 3711/333/4635 3702/326/4627
f 3704/328/4629 3712/229/4636 3713/334/4637
f 3582/335/4638 3571/220/4523 3575/232/4525
f 3576/231/4524 3600/207/4498 3599/252/4547
f 3607/255/4639 3577/67/4377 3581/235/4528
f 3660/211/4504 3587/239/4533 3661/336/4640
f 3588/240/4535 3589/242/4537 3593/244/4539
f 3594/243/4538 3669/215/4509 3668/302/4601
f 3582/335/4638 3595/234/4527 3598/236/4530
f 3576/231/4524 3603/251/4546 3596/233/4526
f 3604/253/4548 3605/223/4518 3608/256/4551
f 3609/257/4552 3581/235/4529 3597/237/4531
f 3614/267/4563 3612/263/4558 3617/268/4564
f 3619/276/4572 3613/262/4557 3610/261/4556
f 3618/272/4568 3624/282/4579 3621/337/4641
f 3615/265/4561 3625/284/4581 3622/279/4576
f 3617/268/4564 3626/264/4560 3629/270/4566
f 3613/262/4559 3630/278/4575 3627/286/4583
f 3624/282/4579 3631/277/4574 3621/337/4641
f 3625/284/4581 3628/271/4567 3633/290/4589
f 3629/270/4566 3635/287/4584 3637/225/4585
f 3627/286/4583 3639/289/4588 3634/226/4642
f 3632/285/4582 3638/288/4587 3631/277/4574
f 3633/290/4589 3636/227/4586 3640/338/4643
f 3643/248/4543 3649/266/4562 3646/249/4544
f 3642/247/4542 3652/273/4569 3645/260/4555
f 3648/293/4592 3654/294/4593 3647/250/4545
f 3650/339/4644 3656/280/4577 3653/274/4570
f 3598/236/4530 3643/248/4543 3646/249/4544
f 3596/233/4526 3651/254/4549 3642/247/4542
f 3608/256/4551 3650/339/4644 3604/253/4548
f 3609/257/4552 3647/250/4545 3654/294/4593
f 3644/292/4591 3614/267/4563 3649/266/4562
f 3645/260/4555 3619/276/4572 3610/261/4556
f 3653/274/4570 3623/283/4580 3618/272/4568
f 3657/281/4578 3615/265/4561 3622/279/4576
f 3663/295/4594 3587/239/4533 3664/241/4536
f 3593/244/4539 3665/299/4598 3588/240/4535
f 3594/243/4538 3672/304/4603 3667/245/4540
f 3671/28/4339 3662/296/4595 3673/303/4602
f 3664/241/4536 3675/297/4596 3663/295/4594
f 3666/246/4541 3677/308/4607 3665/299/4598
f 3667/245/4540 3680/306/4605 3679/310/4609
f 3673/303/4602 3674/298/4597 3681/305/4604
f 3676/300/4599 3683/340/4645 3675/297/4596
f 3678/301/4600 3685/316/4615 3677/308/4607
f 3679/310/4609 3688/313/4612 3687/318/4617
f 3681/305/4604 3682/307/4606 3689/312/4611
f 3683/340/4645 3692/317/4616 3691/314/4613
f 3686/311/4610 3693/341/4646 3685/316/4615
f 3688/313/4612 3695/325/4626 3687/318/4617
f 3689/312/4611 3690/315/4614 3697/320/4619
f 3691/314/4621 3700/324/4625 3699/329/4630
f 3694/319/4618 3701/323/4624 3693/341/4646
f 3695/325/4626 3704/328/4629 3703/332/4634
f 3697/320/4619 3698/322/4622 3705/327/4628
f 3700/324/4625 3707/228/4647 3699/329/4630
f 3702/326/4627 3708/330/4632 3701/323/4624
f 3703/332/4634 3713/334/4637 3710/342/4648
f 3705/327/4628 3706/230/4631 3712/229/4636
f 3572/217/4512 3574/218/4513 3571/220/4515
f 3577/67/4377 3578/199/4493 3580/221/4516
f 3583/104/4415 3585/135/4448 3586/238/4649
f 3589/242/4537 3590/58/4369 3591/222/4517
f 3599/252/4547 3601/206/4497 3602/224/4519
f 3568/208/4500 3607/255/4650 3605/223/4518
f 3659/212/4505 3661/336/4640 3658/27/4338
f 3668/302/4601 3670/26/4337 3671/28/4339
f 3601/206/4497 3461/4/4499 3567/209/4501
f 3577/67/4377 3606/343/4651 3440/68/4378
f 3555/86/4393 3577/67/4377 3442/25/4336
f 3439/214/4508 3592/131/4444 3441/130/4443
f 3591/222/4517 3556/198/4492 3557/129/4442
f 3556/197/4492 3579/219/4514 3578/199/4493
f 3579/219/4514 3498/344/4370 3572/217/4512
f 3585/135/4448 3589/242/4537 3586/238/4649
f 3572/217/4512 3500/138/4449 3499/82/4389
f 3501/345/4652 3585/135/4448 3584/103/4414
f 3574/218/4513 3454/3/4314 3462/205/4653
f 3453/14/4325 3583/104/4415 3463/346/4654
f 3640/338/4655 3638/288/4656 3641/291/4657
f 3636/227/4522 3639/289/4658 3640/338/4655
f 3709/331/76 3711/333/76 3710/342/76
f 3713/334/76 3709/331/76 3710/342/76
f 3569/210/4503 3670/26/4337 3570/213/4507
f 3669/215/4509 3592/131/4444 3439/214/4508
f 3589/242/4537 3591/222/4517 3592/131/4444
f 3580/221/4516 3578/199/4493 3579/219/4514
f 3497/347/4371 3579/219/4514 3556/197/4492
f 3556/198/4492 3590/58/4369 3497/60/4371
f 3464/15/4510 3463/346/4659 3569/210/4503
f 3463/346/4659 3583/104/4534 3660/211/4504
f 3600/207/4498 3574/218/4660 3462/205/4496
f 3467/348/4661 3716/349/4662 3714/350/4663
f 3761/351/4664 3716/349/4662 3455/30/4665
f 3507/145/4666 3751/352/4667 3750/353/4668
f 3504/146/4669 3507/145/4670 3750/353/4671
f 3468/17/4328 3721/105/4416 3720/11/4322
f 3468/17/4328 3722/354/4672 3457/21/4332
f 3451/19/4330 3723/355/4673 3721/105/4416
f 3844/356/4674 3723/355/4673 3512/357/4675
f 3746/358/4676 3505/144/4454 3504/146/4456
f 3714/350/4663 3759/359/4677 3715/360/4678
f 3804/77/76 3803/361/76 3802/362/76
f 3738/5/4316 3740/363/4679 3736/76/4386
f 3739/364/4680 3741/365/4681 3740/363/4679
f 3742/366/4682 3755/367/4683 3741/365/4681
f 3746/358/4684 3747/368/4685 3743/80/4686
f 3748/369/4687 3757/370/4688 3747/368/4685
f 3749/371/4689 3754/372/4690 3753/373/4691
f 3762/374/4692 3763/375/4693 3759/359/4677
f 3765/376/4694 3773/377/4695 3728/378/4696
f 3768/379/4697 3774/380/4698 3767/381/4699
f 3770/382/4700 3776/383/4701 3769/384/4702
f 3771/385/4703 3779/386/4704 3778/387/4705
f 3773/377/4695 3780/388/4706 3728/378/4696
f 3774/380/4698 3783/389/4707 3782/390/4708
f 3776/383/4701 3785/391/4709 3784/392/4710
f 3779/386/4704 3786/393/4711 3778/387/4705
f 3780/388/4706 3789/394/4712 3788/395/4713
f 3783/389/4707 3790/396/4714 3782/390/4708
f 3784/392/4710 3793/397/4715 3792/398/4716
f 3786/393/4711 3795/399/4717 3794/400/4718
f 3789/394/4712 3797/401/4719 3788/395/4713
f 3790/396/4714 3798/78/4720 3799/402/4721
f 3792/398/4716 3801/403/4722 3800/404/4723
f 3795/399/4717 3803/361/4724 3794/400/4718
f 3714/350/4663 3742/366/4682 3739/364/4680
f 3739/364/4680 3467/348/4661 3714/350/4663
f 3736/76/4386 3717/405/4725 3510/150/4726
f 3748/369/4687 3504/146/4669 3718/406/4727
f 3762/374/4692 3743/80/4686 3747/368/4685
f 3718/406/4727 3753/373/4691 3724/407/4728
f 3752/408/4729 3755/367/4683 3754/372/4690
f 3715/360/4678 3756/409/4730 3742/366/4682
f 3718/406/4727 3758/410/4731 3748/369/4687
f 3715/360/4678 3763/375/4693 3725/411/4732
f 3764/412/4733 3747/368/4685 3757/370/4688
f 3726/413/4734 3765/376/4694 3728/378/4696
f 3766/414/4735 3774/380/4698 3773/377/4695
f 3727/415/4736 3775/416/4737 3768/379/4697
f 3770/382/4700 3728/378/4696 3777/417/4738
f 3771/385/4703 3729/418/4739 3727/415/4736
f 3772/419/4740 3776/383/4701 3779/386/4704
f 3728/378/4696 3780/388/4706 3730/420/4741
f 3773/377/4695 3782/390/4708 3781/421/4742
f 3775/416/4737 3731/422/4743 3783/389/4707
f 3777/417/4738 3730/420/4741 3785/391/4709
f 3778/387/4705 3731/422/4743 3729/418/4739
f 3779/386/4704 3784/392/4710 3787/423/4744
f 3730/420/4741 3788/395/4713 3732/424/4745
f 3781/421/4742 3790/396/4714 3789/394/4712
f 3731/422/4743 3791/425/4746 3783/389/4707
f 3785/391/4709 3732/424/4745 3793/397/4715
f 3786/393/4711 3733/426/4747 3731/422/4743
f 3787/423/4744 3792/398/4716 3795/399/4717
f 3732/424/4745 3797/401/4719 3734/427/4748
f 3789/394/4712 3799/402/4721 3796/428/4749
f 3733/426/4747 3798/78/4720 3791/425/4746
f 3793/397/4715 3734/427/4748 3801/403/4722
f 3794/400/4718 3735/79/4750 3733/426/4747
f 3795/399/4717 3800/404/4723 3802/362/4751
f 3740/363/4679 3741/365/4681 3717/405/4725
f 3752/408/4729 3751/352/4667 3741/365/4681
f 3751/352/4667 3717/405/4725 3741/365/4681
f 3736/76/4386 3737/75/4385 3738/5/4316
f 3744/81/4388 3746/358/4676 3743/80/4387
f 3750/353/4668 3752/408/4729 3749/371/4689
f 3759/359/4677 3761/351/4664 3762/374/4692
f 3466/7/4318 3467/348/4661 3738/5/4316
f 3510/150/4726 3513/74/4384 3736/76/4386
f 3759/359/4677 3716/349/4662 3760/429/4752
f 3452/1/4753 3762/374/4692 3761/351/4664
f 3500/138/4449 3744/81/4388 3499/82/4389
f 3746/358/4676 3502/139/4451 3505/144/4454
f 3504/146/4669 3749/371/4689 3718/406/4727
f 3800/404/76 3804/77/76 3802/362/76
f 3805/430/76 3799/402/76 3804/77/76
f 3801/403/76 3805/430/76 3800/404/76
f 3797/401/76 3805/430/76 3734/427/76
f 3807/431/4754 3809/432/4755 3808/433/4756
f 3807/431/4754 3811/434/4757 3810/435/4758
f 3814/436/4759 3816/437/4760 3815/438/4761
f 3812/439/4762 3816/437/4760 3813/440/4763
f 3819/441/4764 3821/442/4765 3820/443/4766
f 3819/441/4764 3823/444/4767 3822/445/4768
f 3826/446/4769 3828/447/4770 3827/448/4771
f 3824/449/4772 3828/447/4770 3825/450/4773
f 3754/372/4690 3806/451/4774 3753/373/4691
f 3755/367/4683 3817/452/4775 3812/439/4762
f 3758/410/4731 3818/453/4776 3757/370/4688
f 3763/375/4693 3829/454/4777 3824/449/4772
f 3808/433/4756 3766/414/4735 3765/376/4694
f 3815/438/4761 3767/381/4699 3814/436/4759
f 3820/443/4766 3770/382/4700 3769/384/4702
f 3827/448/4771 3771/385/4703 3826/446/4769
f 3724/407/4728 3806/451/4778 3830/455/4779
f 3754/372/4690 3812/439/4762 3811/434/4757
f 3756/409/4730 3835/456/4780 3817/452/4775
f 3724/407/4728 3823/444/4767 3758/410/4731
f 3725/411/4732 3824/449/4772 3835/456/4780
f 3757/370/4688 3829/454/4777 3764/412/4733
f 3832/457/4781 3765/376/4694 3726/413/4734
f 3809/432/4755 3767/381/4699 3766/414/4735
f 3833/458/4782 3768/379/4697 3815/438/4761
f 3821/442/4765 3726/413/4734 3770/382/4700
f 3826/446/4769 3727/415/4736 3833/458/4782
f 3827/448/4771 3769/384/4702 3772/419/4740
f 3807/431/4783 3830/455/4779 3806/451/4778
f 3808/433/4784 3831/459/4785 3807/431/4783
f 3810/435/4758 3814/436/4759 3809/432/4755
f 3811/434/4757 3813/440/4763 3810/435/4758
f 3815/438/4761 3834/460/4786 3833/458/4782
f 3816/437/4760 3835/456/4780 3834/460/4786
f 3818/453/4776 3828/447/4770 3829/454/4777
f 3820/443/4766 3828/447/4770 3819/441/4764
f 3822/445/4768 3832/457/4781 3821/442/4765
f 3822/445/4768 3830/455/4779 3831/459/4785
f 3825/450/4773 3835/456/4780 3824/449/4772
f 3825/450/4773 3833/458/4782 3834/460/4786
f 3837/461/4787 3503/140/4452 3501/345/4652
f 3458/16/4327 3837/461/4787 3453/14/4325
f 3878/462/4788 3885/463/4788 3884/464/4788
f 3836/465/4789 3840/466/4790 3839/467/4791
f 3840/466/4790 3887/468/4792 3839/467/4791
f 3841/469/4793 3902/470/4794 3903/471/4795
f 3842/472/4796 3845/106/4417 3844/356/4797
f 3846/473/4798 3894/474/4799 3895/475/4800
f 3847/476/4801 3849/477/4802 3848/478/4803
f 3849/477/4804 3862/479/4805 3848/478/4803
f 3851/480/4806 3901/481/4807 3850/482/4808
f 3850/482/4808 3852/483/4809 3851/480/4806
f 3852/483/4810 3865/484/4811 3864/485/4812
f 3855/486/4813 3907/487/4814 3854/488/4815
f 3855/486/4813 3857/489/4816 3856/490/4817
f 3856/490/4817 3867/491/4818 3866/492/4819
f 3858/493/4820 3890/494/4821 3891/495/4822
f 3858/493/4820 3860/496/4823 3859/497/4824
f 3861/498/4825 3868/499/4826 3860/496/4823
f 3862/479/4805 3871/500/4827 3870/501/4828
f 3865/484/4811 3872/502/4829 3864/485/4812
f 3867/491/4818 3874/503/4830 3866/492/4819
f 3868/499/4826 3877/504/4831 3876/505/4832
f 3871/500/4827 3878/462/4833 3870/501/4828
f 3872/502/4829 3880/506/4834 3881/507/4835
f 3874/503/4830 3882/508/4836 3883/509/4837
f 3877/504/4831 3885/463/4838 3876/505/4832
f 3886/510/4839 3889/511/4840 3887/468/4792
f 3889/511/4841 3891/495/4822 3890/494/4821
f 3892/512/4842 3895/475/4800 3894/474/4799
f 3892/512/4842 3896/513/4843 3893/514/4844
f 3897/515/4845 3913/516/4846 3896/513/4843
f 3899/517/4847 3900/518/4848 3898/519/4849
f 3899/517/4847 3903/471/4795 3902/470/4794
f 3905/520/4850 3906/521/4851 3904/522/4852
f 3905/520/4850 3909/523/4853 3908/524/4854
f 3908/524/4854 3914/525/4855 3916/526/4856
f 3722/354/4672 3910/527/4857 3840/466/4790
f 3912/12/4323 3841/469/4793 3913/516/4846
f 3838/528/4858 3722/354/4672 3840/466/4790
f 3506/142/4859 3915/529/4860 3914/525/4855
f 3836/465/4789 3839/467/4791 3503/140/4861
f 3839/467/4791 3916/526/4856 3503/140/4861
f 3503/140/4861 3916/526/4856 3915/529/4860
f 3506/142/4859 3844/356/4862 3509/147/4863
f 3846/473/4798 3852/483/4809 3849/477/4802
f 3855/486/4813 3853/530/4864 3850/482/4808
f 3859/497/4824 3857/489/4816 3854/488/4815
f 3858/493/4820 3848/478/4803 3861/498/4825
f 3852/483/4810 3863/531/4865 3849/477/4804
f 3856/490/4817 3865/484/4811 3853/530/4864
f 3860/496/4823 3867/491/4818 3857/489/4816
f 3861/498/4825 3862/479/4805 3869/532/4866
f 3864/485/4812 3871/500/4827 3863/531/4865
f 3866/492/4819 3873/533/4867 3865/484/4811
f 3868/499/4826 3875/534/4868 3867/491/4818
f 3869/532/4866 3870/501/4828 3877/504/4831
f 3872/502/4829 3879/535/4869 3871/500/4827
f 3873/533/4867 3883/509/4837 3880/506/4834
f 3876/505/4832 3882/508/4836 3875/534/4868
f 3870/501/4828 3884/464/4870 3877/504/4831
f 3896/513/4843 3841/469/4793 3903/471/4795
f 3842/472/4796 3909/523/4853 3902/470/4794
f 3916/526/4856 3887/468/4792 3908/524/4854
f 3910/527/4857 3886/510/4839 3840/466/4790
f 3895/475/4800 3851/480/4806 3846/473/4798
f 3906/521/4851 3850/482/4808 3901/481/4807
f 3890/494/4821 3854/488/4815 3907/487/4814
f 3891/495/4822 3847/476/4801 3858/493/4820
f 3897/515/4845 3888/536/4871 3886/510/4839
f 3894/474/4799 3888/536/4871 3892/512/4842
f 3893/514/4844 3900/518/4848 3895/475/4800
f 3893/514/4844 3903/471/4795 3898/519/4849
f 3901/481/4807 3904/522/4852 3906/521/4851
f 3902/470/4794 3904/522/4852 3899/517/4847
f 3907/487/4814 3889/511/4841 3890/494/4821
f 3908/524/4854 3889/511/4840 3905/520/4850
f 3836/465/4872 3837/461/4787 3838/528/4873
f 3843/537/4874 3844/356/4875 3845/106/4417
f 3911/13/4324 3913/516/4846 3910/527/4857
f 3914/525/4855 3915/529/4860 3916/526/4856
f 3719/107/4418 3720/11/4322 3721/105/4416
f 3721/105/4416 3843/537/4874 3845/106/4417
f 3719/107/4418 3845/106/4417 3912/12/4323
f 3911/13/4324 3722/354/4672 3720/11/4322
f 3837/461/4787 3457/21/4332 3838/528/4873
f 3837/461/4787 3501/345/4652 3453/14/4325
f 3879/535/4788 3882/508/4788 3885/463/4788
f 3881/507/4788 3883/509/4788 3882/508/4788
f 3455/30/4665 3452/1/4753 3761/351/4664
f 3512/357/4675 3509/147/4876 3844/356/4674
f 3751/352/4667 3510/150/4877 3717/405/4725
f 3506/142/4859 3914/525/4855 3842/472/4796
f 3918/538/4878 3923/539/4879 3924/540/4880
f 3920/541/4881 3925/542/4882 3919/543/4883
f 3918/538/4884 3926/544/2018 3920/541/4885
f 3921/545/4886 3923/546/4879 3917/547/4887
f 3921/545/4888 3928/548/2013 3927/549/2013
f 3922/550/4889 3925/551/4882 3928/548/4890
f 3924/540/4891 3929/552/4892 3930/553/4893
f 3926/544/4894 3931/554/4895 3925/542/4896
f 3926/544/2018 3930/553/2018 3932/555/2018
f 3927/549/4897 3929/556/4892 3923/546/4898
f 3928/548/2013 3933/557/2013 3927/549/2013
f 3928/548/4899 3931/558/4895 3934/559/4900
f 3930/553/4893 3935/560/4901 3936/561/4902
f 3932/555/4903 3937/562/4904 3931/554/4895
f 3932/555/2018 3936/561/2018 3938/563/2018
f 3933/557/4905 3935/564/4901 3929/556/4892
f 3934/559/2013 3939/565/2013 3933/557/2013
f 3934/559/4900 3937/566/4904 3940/567/4906
f 3935/560/4901 3942/568/4907 3936/561/4902
f 3937/562/4904 3944/569/4908 3943/570/4909
f 3938/563/2018 3942/568/2018 3944/569/2018
f 3935/564/4901 3945/571/4910 3941/572/4911
f 3940/567/2013 3945/571/2013 3939/565/2013
f 3937/566/4904 3946/573/4912 3940/567/4906
f 3941/574/4911 3948/154/4913 3942/568/4907
f 3943/570/4909 3950/153/4914 3949/575/4915
f 3944/569/2018 3948/154/2018 3950/153/2018
f 3941/572/4911 3951/576/4916 3947/155/4917
f 3946/573/2013 3951/576/2013 3945/571/2013
f 3943/577/4909 3952/156/4918 3946/573/4912
f 3528/180/4919 3954/578/4920 3479/39/4921
f 3531/179/4922 3953/579/4923 3528/180/4919
f 3483/42/4924 3955/580/4925 3531/179/4926
f 3483/42/4927 3954/578/4920 3956/581/4928
f 3533/182/4929 3957/582/4930 3958/583/4931
f 3530/584/4932 3959/585/4933 3957/582/4930
f 3484/45/4934 3959/585/4933 3480/41/4935
f 3484/45/4936 3958/583/4937 3960/586/4938
f 3953/579/4923 3962/98/4405 3954/578/4920
f 3955/580/4939 3961/96/4403 3953/579/4923
f 3955/580/4925 3964/97/4940 3963/587/4941
f 3956/581/4928 3962/98/4405 3964/97/4942
f 3958/583/4931 3965/122/4433 3966/124/4943
f 3957/582/4930 3967/588/4944 3965/122/4433
f 3960/586/4945 3967/588/4944 3959/585/4933
f 3958/583/4937 3968/123/4946 3960/586/4938
f 3460/589/4947 3971/84/4948 3444/590/4949
f 3460/589/4950 3970/83/4951 3972/85/4952
f 3444/590/4953 3974/89/4954 3471/591/4955
f 3471/591/4956 3976/92/4957 3475/592/4958
f 3479/593/4959 3977/176/4960 3528/594/4961
f 3475/592/4962 3978/95/4962 3479/593/4962
f 3459/595/4963 3981/113/4964 3527/596/4965
f 3459/595/4966 3979/112/4967 3982/114/4968
f 3443/597/4969 3984/116/4970 3979/112/4971
f 3472/598/4972 3986/118/4973 3984/116/4974
f 3476/599/4975 3988/120/4975 3986/118/4975
f 3480/600/4976 3987/121/4977 3988/120/4978
f 3526/601/4979 3970/83/4980 3525/602/4981
f 3526/603/4982 3981/113/4983 3989/169/4984
f 3529/604/4985 3977/176/4986 3993/605/4987
f 3529/606/4988 3987/121/4989 3530/607/4990
f 3511/149/4459 3997/608/4991 3510/150/4460
f 3514/609/4467 4003/610/4992 4000/611/4993
f 3513/74/2018 3997/608/4994 4003/610/4995
f 3511/151/4459 4006/612/4996 3994/613/4997
f 3515/108/2013 4006/612/4998 3512/357/2013
f 3514/160/4467 4009/614/4999 3515/108/4419
f 3999/615/5000 3917/616/4887 3918/538/4878
f 4005/617/5001 3919/543/4883 4002/618/5002
f 3999/615/5003 3920/541/4885 4005/617/5004
f 4008/619/5005 3917/547/4887 3996/620/5006
f 4008/619/5007 3922/550/5008 3921/545/4888
f 4011/621/5009 3919/622/4883 3922/550/4889
f 3994/623/5010 3998/624/5011 3997/608/5012
f 3995/625/5013 3999/615/5014 3998/626/5015
f 3998/624/5016 4003/610/4995 3997/608/4994
f 3998/626/5016 4005/617/5004 4004/627/5017
f 4000/628/4993 4010/629/5018 4009/614/4999
f 4001/630/5019 4011/621/5009 4010/631/5018
f 4001/632/5019 4005/617/5001 4002/618/5002
f 4000/611/4993 4004/633/5020 4001/634/5019
f 3995/635/5013 4008/619/5021 3996/620/5022
f 3994/613/5010 4007/636/5023 3995/637/5024
f 4007/638/5025 4011/621/5026 4008/619/5007
f 4007/636/5025 4009/614/5027 4010/629/5028
f 4025/1/5029 4029/2/5030 4027/3/5031
f 4034/4/5032 4027/3/5031 4029/2/5030
f 4311/5/5033 4023/6/5034 4039/7/5035
f 4029/2/5030 4021/8/5036 4019/9/5037
f 4033/10/5038 4029/2/5030 4019/9/5037
f 4293/11/5039 4485/12/5040 4484/13/5041
f 4026/14/5042 4037/15/5043 4031/16/5044
f 4041/17/5045 4022/18/5046 4024/19/5047
f 4031/16/5044 4020/20/5048 4030/21/5049
f 4031/16/5044 4032/22/5050 4018/23/5051
f 4034/4/5032 4017/24/5052 4015/25/5053
f 4243/26/5054 4231/27/5055 4244/28/5056
f 4037/15/5043 4016/29/5057 4032/22/5050
f 4028/30/5058 4039/7/5035 4021/8/5036
f 4038/31/5059 4030/21/5049 4020/20/5048
f 4017/24/5052 4043/32/5060 4015/25/5053
f 4016/29/5057 4042/33/5061 4045/34/5062
f 4044/35/5063 4047/36/5064 4043/32/5060
f 4045/34/5062 4046/37/5065 4049/38/5066
f 4047/36/5064 4052/39/5067 4051/40/5068
f 4046/37/5065 4053/41/5069 4049/38/5066
f 4051/40/5068 4056/42/5070 4055/43/5071
f 4050/44/5072 4057/45/5073 4053/41/5069
f 4055/43/5071 4060/46/5074 4059/47/5075
f 4054/48/5076 4061/49/5077 4057/45/5073
f 4059/47/5075 4064/50/5078 4063/51/5079
f 4058/52/5080 4065/53/5081 4061/49/5077
f 4063/51/5079 4068/54/5082 4067/55/5083
f 4062/56/5084 4069/57/5085 4065/53/5081
f 4163/58/5086 4071/59/5087 4070/60/5088
f 4114/61/5089 4116/62/5090 4115/63/5091
f 4114/64/5089 4118/65/5092 4117/66/5093
f 4015/25/5053 4150/67/5094 4013/68/5095
f 4134/69/5096 4069/57/5085 4066/70/5097
f 4095/71/5098 4033/10/5038 4019/9/5037
f 4095/71/5098 4021/8/5036 4092/72/5099
f 4089/73/5100 4023/6/5034 4086/74/5101
f 4086/74/5101 4310/75/5102 4309/76/5103
f 4377/77/76 4371/78/76 4308/79/76
f 4025/1/5029 4027/3/5031 4316/80/5104
f 4316/80/5104 4027/3/5031 4317/81/5105
f 4072/82/5106 4317/81/5105 4027/3/5031
f 4543/83/5107 4544/84/5108 4545/85/5109
f 4092/72/5099 4039/7/5035 4089/73/5100
f 4128/86/5110 4043/32/5060 4125/87/5111
f 4542/88/5112 4547/89/5113 4544/84/5108
f 4125/87/5111 4047/36/5064 4122/90/5114
f 4546/91/5115 4549/92/5116 4547/89/5113
f 4122/90/5114 4051/40/5068 4119/93/5117
f 4548/94/5118 4551/95/5119 4549/92/5116
f 4116/62/5090 4051/40/5068 4055/43/5071
f 4534/96/5120 4537/97/5121 4535/98/5122
f 4115/63/5091 4055/43/5071 4059/47/5075
f 4056/42/5123 4107/99/5124 4060/46/5125
f 4113/100/5126 4062/56/5084 4058/52/5080
f 4107/99/5124 4064/50/5127 4060/46/5125
f 4131/101/5128 4066/70/5097 4062/56/5084
f 4137/102/5129 4065/53/5130 4069/57/5085
f 4026/14/5042 4157/103/5131 4156/104/5132
f 4294/105/5133 4418/106/5134 4292/107/5135
f 4088/108/5136 4024/19/5047 4022/18/5046
f 4091/109/5137 4022/18/5046 4038/31/5059
f 4094/110/5138 4038/31/5059 4020/20/5048
f 4097/111/5139 4020/20/5048 4018/23/5051
f 4032/22/5050 4097/111/5139 4018/23/5051
f 4552/112/5140 4554/113/5141 4555/114/5142
f 4553/115/5143 4557/116/5144 4556/117/5145
f 4556/117/5145 4559/118/5146 4558/119/5147
f 4558/119/5147 4561/120/5148 4560/121/5149
f 4538/122/5150 4541/123/5151 4539/124/5152
f 4109/125/5153 4057/45/5154 4061/49/5155
f 4109/125/5153 4065/53/5130 4112/126/5156
f 4054/48/5076 4113/100/5126 4058/52/5080
f 4050/44/5072 4118/65/5092 4054/48/5076
f 4124/127/5157 4050/44/5072 4046/37/5065
f 4127/128/5158 4046/37/5065 4042/33/5061
f 4130/129/5159 4042/33/5061 4014/130/5160
f 4165/131/5161 4130/129/5159 4014/130/5160
f 4115/63/5091 4063/51/5079 4133/132/5162
f 4133/132/5162 4067/55/5083 4136/133/5163
f 4136/133/5163 4068/54/5082 4139/134/5164
f 4064/50/5127 4139/134/5164 4068/54/5082
f 4158/135/5165 4073/136/5166 4071/59/5087
f 4318/137/5167 4073/138/5166 4075/139/5168
f 4073/136/5166 4076/140/5169 4075/141/5168
f 4075/141/5168 4079/142/5170 4078/143/5171
f 4078/144/5171 4080/145/5172 4077/146/5173
f 4078/143/5171 4082/147/5174 4081/148/5175
f 4080/145/5172 4084/149/5176 4083/150/5177
f 4082/147/5174 4084/151/5176 4081/148/5175
f 4520/152/5178 4523/153/5179 4521/154/5180
f 4520/155/5178 4525/156/5181 4522/157/5182
f 4086/74/5101 4090/158/5183 4089/73/5100
f 4088/108/5136 4090/159/5183 4087/160/5184
f 4089/73/5100 4093/161/5185 4092/72/5099
f 4091/109/5137 4093/162/5185 4090/159/5183
f 4092/72/5099 4096/163/5186 4095/71/5098
f 4094/110/5138 4096/164/5186 4093/162/5185
f 4096/163/5186 4098/165/5187 4095/71/5098
f 4096/164/5186 4100/166/5188 4099/167/5189
f 4562/168/5190 4542/88/5112 4543/83/5107
f 4562/169/5190 4553/115/5143 4563/170/5191
f 4563/171/5191 4546/91/5115 4542/88/5112
f 4563/170/5191 4556/117/5145 4564/172/5192
f 4564/173/5192 4548/94/5118 4546/91/5115
f 4564/172/5192 4558/119/5147 4565/174/5193
f 4565/175/5193 4550/176/5194 4548/94/5118
f 4565/174/5193 4560/121/5149 4566/177/5195
f 4102/178/5196 4104/179/5197 4101/180/5198
f 4102/181/5196 4106/182/5199 4105/183/5200
f 4104/179/5197 4108/184/5201 4107/99/5124
f 4106/182/5199 4108/185/5201 4105/183/5200
f 4107/99/5124 4111/186/5202 4110/187/5203
f 4109/125/5153 4111/188/5202 4108/185/5201
f 4114/64/5089 4131/101/5128 4113/100/5126
f 4114/61/5089 4133/132/5162 4132/189/5204
f 4117/190/5093 4119/93/5117 4116/62/5090
f 4117/66/5093 4121/191/5205 4120/192/5206
f 4119/93/5117 4123/193/5207 4122/90/5114
f 4121/191/5205 4123/194/5207 4120/192/5206
f 4122/90/5114 4126/195/5208 4125/87/5111
f 4124/127/5157 4126/196/5208 4123/194/5207
f 4125/87/5111 4129/197/5209 4128/86/5110
f 4127/128/5158 4129/198/5209 4126/196/5208
f 4129/197/5209 4151/199/5210 4128/86/5110
f 4132/200/5204 4134/69/5096 4131/101/5128
f 4132/189/5204 4136/133/5163 4135/201/5211
f 4135/202/5211 4137/102/5129 4134/69/5096
f 4135/201/5211 4139/134/5164 4138/203/5212
f 4110/187/5203 4138/203/5212 4139/134/5164
f 4112/126/5156 4138/204/5212 4111/188/5202
f 4035/205/5213 4174/206/5214 4173/207/5215
f 4034/4/5216 4141/208/5217 4140/209/5218
f 4013/68/5095 4141/208/5217 4015/25/5219
f 4142/210/5220 4233/211/5221 4232/212/5222
f 4014/130/5223 4143/213/5224 4012/214/5225
f 4012/214/5225 4143/213/5224 4242/215/5226
f 4143/213/5224 4243/26/5054 4242/215/5226
f 4037/15/5227 4143/213/5224 4014/130/5223
f 4146/216/5228 4145/217/5229 4072/82/5106
f 4146/216/5228 4027/3/5031 4147/218/5230
f 4152/219/5231 4144/220/5232 4153/221/5233
f 4164/222/5234 4163/58/5086 4129/198/5209
f 4141/208/5217 4178/223/5235 4140/209/5218
f 4140/209/5218 4178/223/5235 4174/206/5214
f 4178/223/5235 4175/224/5236 4174/206/5214
f 4210/225/5237 4207/226/5238 4209/227/5239
f 4280/228/76 4285/229/76 4279/230/76
f 4144/220/5240 4149/231/5241 4148/232/5242
f 4148/232/5242 4169/233/5243 4168/234/5244
f 4153/221/5233 4154/235/5245 4150/67/5094
f 4154/235/5246 4171/236/5247 4170/237/5248
f 4159/238/5249 4160/239/5250 4156/104/5251
f 4161/240/5252 4237/241/5253 4160/239/5250
f 4162/242/5254 4167/243/5255 4166/244/5256
f 4166/244/5256 4240/245/5257 4239/246/5258
f 4168/234/5244 4215/247/5259 4216/248/5260
f 4170/237/5248 4219/249/5261 4220/250/5262
f 4175/224/5236 4176/251/5263 4172/252/5264
f 4177/253/5265 4224/254/5266 4176/251/5263
f 4180/255/5267 4181/256/5268 4178/223/5235
f 4182/257/5269 4228/258/5270 4181/256/5268
f 4184/259/5271 4218/260/5272 4183/261/5273
f 4184/259/5271 4186/262/5274 4185/263/5275
f 4186/262/5276 4199/264/5277 4185/263/5275
f 4188/265/5278 4222/266/5279 4187/267/5280
f 4188/265/5278 4190/268/5281 4189/269/5282
f 4189/269/5282 4202/270/5283 4201/271/5284
f 4191/272/5285 4225/273/5286 4226/274/5287
f 4191/272/5285 4193/275/5288 4192/276/5289
f 4193/275/5290 4204/277/5291 4203/278/5292
f 4195/279/5293 4229/280/5294 4230/281/5295
f 4195/279/5293 4197/282/5296 4196/283/5297
f 4198/284/5298 4205/285/5299 4197/282/5296
f 4200/286/5300 4208/287/5301 4199/264/5277
f 4201/271/5284 4210/225/5302 4209/227/5303
f 4203/278/5292 4211/288/5304 4212/289/5305
f 4206/290/5306 4214/291/5307 4205/285/5299
f 4215/247/5259 4217/292/5308 4216/248/5260
f 4219/249/5261 4221/293/5309 4220/250/5262
f 4224/254/5266 4226/274/5287 4225/273/5286
f 4227/294/5310 4229/280/5294 4228/258/5270
f 4231/27/5055 4236/295/5311 4235/296/5312
f 4235/296/5312 4248/297/5313 4247/298/5314
f 4238/299/5315 4249/300/5316 4237/241/5253
f 4240/245/5257 4251/301/5317 4239/246/5258
f 4241/302/5318 4246/303/5319 4245/304/5320
f 4245/304/5320 4254/305/5321 4253/306/5322
f 4248/297/5313 4255/307/5323 4247/298/5314
f 4250/308/5324 4257/309/5325 4249/300/5316
f 4252/310/5326 4259/311/5327 4251/301/5317
f 4253/306/5322 4262/312/5328 4261/313/5329
f 4255/307/5323 4264/314/5330 4263/315/5331
f 4258/316/5332 4265/317/5333 4257/309/5325
f 4260/318/5334 4267/319/5335 4259/311/5327
f 4261/313/5329 4270/320/5336 4269/321/5337
f 4264/314/5338 4271/322/5339 4263/315/5331
f 4265/317/5340 4274/323/5341 4273/324/5342
f 4268/325/5343 4275/326/5344 4267/319/5335
f 4269/321/5337 4278/327/5345 4277/328/5346
f 4272/329/5347 4279/230/5348 4271/322/5339
f 4273/324/5342 4281/330/5349 4282/331/5350
f 4276/332/5351 4284/333/5352 4275/326/5344
f 4277/328/5346 4285/229/5353 4286/334/5354
f 4155/335/5355 4144/220/5240 4148/232/5242
f 4149/231/5241 4173/207/5215 4172/252/5264
f 4180/255/5356 4150/67/5094 4154/235/5245
f 4233/211/5221 4160/239/5250 4234/336/5357
f 4161/240/5252 4162/242/5254 4166/244/5256
f 4167/243/5255 4242/215/5226 4241/302/5318
f 4155/335/5355 4168/234/5244 4171/236/5247
f 4149/231/5241 4176/251/5263 4169/233/5243
f 4177/253/5265 4178/223/5235 4181/256/5268
f 4182/257/5269 4154/235/5246 4170/237/5248
f 4187/267/5280 4185/263/5275 4190/268/5281
f 4192/276/5289 4186/262/5274 4183/261/5273
f 4191/272/5285 4197/282/5296 4194/337/5358
f 4188/265/5278 4198/284/5298 4195/279/5293
f 4190/268/5281 4199/264/5277 4202/270/5283
f 4186/262/5276 4203/278/5292 4200/286/5300
f 4197/282/5296 4204/277/5291 4194/337/5358
f 4198/284/5298 4201/271/5284 4206/290/5306
f 4202/270/5283 4208/287/5301 4210/225/5302
f 4200/286/5300 4212/289/5305 4207/226/5359
f 4205/285/5299 4211/288/5304 4204/277/5291
f 4206/290/5306 4209/227/5303 4213/338/5360
f 4216/248/5260 4222/266/5279 4219/249/5261
f 4215/247/5259 4225/273/5286 4218/260/5272
f 4221/293/5309 4227/294/5310 4220/250/5262
f 4223/339/5361 4229/280/5294 4226/274/5287
f 4171/236/5247 4216/248/5260 4219/249/5261
f 4169/233/5243 4224/254/5266 4215/247/5259
f 4181/256/5268 4223/339/5361 4177/253/5265
f 4182/257/5269 4220/250/5262 4227/294/5310
f 4217/292/5308 4187/267/5280 4222/266/5279
f 4218/260/5272 4192/276/5289 4183/261/5273
f 4226/274/5287 4196/283/5297 4191/272/5285
f 4230/281/5295 4188/265/5278 4195/279/5293
f 4236/295/5311 4160/239/5250 4237/241/5253
f 4166/244/5256 4238/299/5315 4161/240/5252
f 4167/243/5255 4245/304/5320 4240/245/5257
f 4244/28/5056 4235/296/5312 4246/303/5319
f 4237/241/5253 4248/297/5313 4236/295/5311
f 4239/246/5258 4250/308/5324 4238/299/5315
f 4240/245/5257 4253/306/5322 4252/310/5326
f 4246/303/5319 4247/298/5314 4254/305/5321
f 4249/300/5316 4256/340/5362 4248/297/5313
f 4251/301/5317 4258/316/5332 4250/308/5324
f 4252/310/5326 4261/313/5329 4260/318/5334
f 4254/305/5321 4255/307/5323 4262/312/5328
f 4256/340/5362 4265/317/5333 4264/314/5330
f 4259/311/5327 4266/341/5363 4258/316/5332
f 4261/313/5329 4268/325/5343 4260/318/5334
f 4262/312/5328 4263/315/5331 4270/320/5336
f 4264/314/5338 4273/324/5342 4272/329/5347
f 4267/319/5335 4274/323/5341 4266/341/5363
f 4268/325/5343 4277/328/5346 4276/332/5351
f 4270/320/5336 4271/322/5339 4278/327/5345
f 4273/324/5342 4280/228/5364 4272/329/5347
f 4275/326/5344 4281/330/5349 4274/323/5341
f 4276/332/5351 4286/334/5354 4283/342/5365
f 4278/327/5345 4279/230/5348 4285/229/5353
f 4145/217/5229 4147/218/5230 4144/220/5232
f 4150/67/5094 4151/199/5210 4153/221/5233
f 4156/104/5132 4158/135/5165 4159/238/5366
f 4162/242/5254 4163/58/5086 4164/222/5234
f 4172/252/5264 4174/206/5214 4175/224/5236
f 4141/208/5217 4180/255/5367 4178/223/5235
f 4232/212/5222 4234/336/5357 4231/27/5055
f 4241/302/5318 4243/26/5054 4244/28/5056
f 4174/206/5214 4034/4/5216 4140/209/5218
f 4150/67/5094 4179/343/5368 4013/68/5095
f 4128/86/5110 4150/67/5094 4015/25/5053
f 4012/214/5225 4165/131/5161 4014/130/5160
f 4164/222/5234 4129/198/5209 4130/129/5159
f 4129/197/5209 4152/219/5231 4151/199/5210
f 4152/219/5231 4071/344/5087 4145/217/5229
f 4158/135/5165 4162/242/5254 4159/238/5366
f 4145/217/5229 4073/138/5166 4072/82/5106
f 4074/345/5369 4158/135/5165 4157/103/5131
f 4147/218/5230 4027/3/5031 4035/205/5370
f 4026/14/5042 4156/104/5132 4036/346/5371
f 4213/338/5372 4211/288/5373 4214/291/5374
f 4209/227/5239 4212/289/5375 4213/338/5372
f 4282/331/76 4284/333/76 4283/342/76
f 4286/334/76 4282/331/76 4283/342/76
f 4142/210/5220 4243/26/5054 4143/213/5224
f 4242/215/5226 4165/131/5161 4012/214/5225
f 4162/242/5254 4164/222/5234 4165/131/5161
f 4153/221/5233 4151/199/5210 4152/219/5231
f 4070/347/5088 4152/219/5231 4129/197/5209
f 4129/198/5209 4163/58/5086 4070/60/5088
f 4037/15/5227 4036/346/5376 4142/210/5220
f 4036/346/5376 4156/104/5251 4233/211/5221
f 4173/207/5215 4147/218/5377 4035/205/5213
f 4040/348/5378 4289/349/5379 4287/350/5380
f 4334/351/5381 4289/349/5379 4028/30/5382
f 4080/145/5383 4324/352/5384 4323/353/5385
f 4077/146/5386 4080/145/5387 4323/353/5388
f 4041/17/5045 4294/105/5133 4293/11/5039
f 4041/17/5045 4295/354/5389 4030/21/5049
f 4024/19/5047 4296/355/5390 4294/105/5133
f 4417/356/5391 4296/355/5390 4085/357/5392
f 4319/358/5393 4078/144/5171 4077/146/5173
f 4287/350/5380 4332/359/5394 4288/360/5395
f 4377/77/76 4376/361/76 4375/362/76
f 4311/5/5033 4313/363/5396 4309/76/5103
f 4312/364/5397 4314/365/5398 4313/363/5396
f 4315/366/5399 4328/367/5400 4314/365/5398
f 4319/358/5401 4320/368/5402 4316/80/5403
f 4321/369/5404 4330/370/5405 4320/368/5402
f 4322/371/5406 4327/372/5407 4326/373/5408
f 4335/374/5409 4336/375/5410 4332/359/5394
f 4338/376/5411 4346/377/5412 4301/378/5413
f 4341/379/5414 4347/380/5415 4340/381/5416
f 4343/382/5417 4349/383/5418 4342/384/5419
f 4344/385/5420 4352/386/5421 4351/387/5422
f 4346/377/5412 4353/388/5423 4301/378/5413
f 4347/380/5415 4356/389/5424 4355/390/5425
f 4349/383/5418 4358/391/5426 4357/392/5427
f 4352/386/5421 4359/393/5428 4351/387/5422
f 4353/388/5423 4362/394/5429 4361/395/5430
f 4356/389/5424 4363/396/5431 4355/390/5425
f 4357/392/5427 4366/397/5432 4365/398/5433
f 4359/393/5428 4368/399/5434 4367/400/5435
f 4362/394/5429 4370/401/5436 4361/395/5430
f 4363/396/5431 4371/78/5437 4372/402/5438
f 4365/398/5433 4374/403/5439 4373/404/5440
f 4368/399/5434 4376/361/5441 4367/400/5435
f 4287/350/5380 4315/366/5399 4312/364/5397
f 4312/364/5397 4040/348/5378 4287/350/5380
f 4309/76/5103 4290/405/5442 4083/150/5443
f 4321/369/5404 4077/146/5386 4291/406/5444
f 4335/374/5409 4316/80/5403 4320/368/5402
f 4291/406/5444 4326/373/5408 4297/407/5445
f 4325/408/5446 4328/367/5400 4327/372/5407
f 4288/360/5395 4329/409/5447 4315/366/5399
f 4291/406/5444 4331/410/5448 4321/369/5404
f 4288/360/5395 4336/375/5410 4298/411/5449
f 4337/412/5450 4320/368/5402 4330/370/5405
f 4299/413/5451 4338/376/5411 4301/378/5413
f 4339/414/5452 4347/380/5415 4346/377/5412
f 4300/415/5453 4348/416/5454 4341/379/5414
f 4343/382/5417 4301/378/5413 4350/417/5455
f 4344/385/5420 4302/418/5456 4300/415/5453
f 4345/419/5457 4349/383/5418 4352/386/5421
f 4301/378/5413 4353/388/5423 4303/420/5458
f 4346/377/5412 4355/390/5425 4354/421/5459
f 4348/416/5454 4304/422/5460 4356/389/5424
f 4350/417/5455 4303/420/5458 4358/391/5426
f 4351/387/5422 4304/422/5460 4302/418/5456
f 4352/386/5421 4357/392/5427 4360/423/5461
f 4303/420/5458 4361/395/5430 4305/424/5462
f 4354/421/5459 4363/396/5431 4362/394/5429
f 4304/422/5460 4364/425/5463 4356/389/5424
f 4358/391/5426 4305/424/5462 4366/397/5432
f 4359/393/5428 4306/426/5464 4304/422/5460
f 4360/423/5461 4365/398/5433 4368/399/5434
f 4305/424/5462 4370/401/5436 4307/427/5465
f 4362/394/5429 4372/402/5438 4369/428/5466
f 4306/426/5464 4371/78/5437 4364/425/5463
f 4366/397/5432 4307/427/5465 4374/403/5439
f 4367/400/5435 4308/79/5467 4306/426/5464
f 4368/399/5434 4373/404/5440 4375/362/5468
f 4313/363/5396 4314/365/5398 4290/405/5442
f 4325/408/5446 4324/352/5384 4314/365/5398
f 4324/352/5384 4290/405/5442 4314/365/5398
f 4309/76/5103 4310/75/5102 4311/5/5033
f 4317/81/5105 4319/358/5393 4316/80/5104
f 4323/353/5385 4325/408/5446 4322/371/5406
f 4332/359/5394 4334/351/5381 4335/374/5409
f 4039/7/5035 4040/348/5378 4311/5/5033
f 4083/150/5443 4086/74/5101 4309/76/5103
f 4332/359/5394 4289/349/5379 4333/429/5469
f 4025/1/5470 4335/374/5409 4334/351/5381
f 4073/138/5166 4317/81/5105 4072/82/5106
f 4319/358/5393 4075/139/5168 4078/144/5171
f 4077/146/5386 4322/371/5406 4291/406/5444
f 4373/404/76 4377/77/76 4375/362/76
f 4378/430/76 4372/402/76 4377/77/76
f 4374/403/76 4378/430/76 4373/404/76
f 4370/401/76 4378/430/76 4307/427/76
f 4380/431/5471 4382/432/5472 4381/433/5473
f 4380/431/5471 4384/434/5474 4383/435/5475
f 4387/436/5476 4389/437/5477 4388/438/5478
f 4385/439/5479 4389/437/5477 4386/440/5480
f 4392/441/5481 4394/442/5482 4393/443/5483
f 4392/441/5481 4396/444/5484 4395/445/5485
f 4399/446/5486 4401/447/5487 4400/448/5488
f 4397/449/5489 4401/447/5487 4398/450/5490
f 4327/372/5407 4379/451/5491 4326/373/5408
f 4328/367/5400 4390/452/5492 4385/439/5479
f 4331/410/5448 4391/453/5493 4330/370/5405
f 4336/375/5410 4402/454/5494 4397/449/5489
f 4381/433/5473 4339/414/5452 4338/376/5411
f 4388/438/5478 4340/381/5416 4387/436/5476
f 4393/443/5483 4343/382/5417 4342/384/5419
f 4400/448/5488 4344/385/5420 4399/446/5486
f 4297/407/5445 4379/451/5495 4403/455/5496
f 4327/372/5407 4385/439/5479 4384/434/5474
f 4329/409/5447 4408/456/5497 4390/452/5492
f 4297/407/5445 4396/444/5484 4331/410/5448
f 4298/411/5449 4397/449/5489 4408/456/5497
f 4330/370/5405 4402/454/5494 4337/412/5450
f 4405/457/5498 4338/376/5411 4299/413/5451
f 4382/432/5472 4340/381/5416 4339/414/5452
f 4406/458/5499 4341/379/5414 4388/438/5478
f 4394/442/5482 4299/413/5451 4343/382/5417
f 4399/446/5486 4300/415/5453 4406/458/5499
f 4400/448/5488 4342/384/5419 4345/419/5457
f 4380/431/5500 4403/455/5496 4379/451/5495
f 4381/433/5501 4404/459/5502 4380/431/5500
f 4383/435/5475 4387/436/5476 4382/432/5472
f 4384/434/5474 4386/440/5480 4383/435/5475
f 4388/438/5478 4407/460/5503 4406/458/5499
f 4389/437/5477 4408/456/5497 4407/460/5503
f 4391/453/5493 4401/447/5487 4402/454/5494
f 4393/443/5483 4401/447/5487 4392/441/5481
f 4395/445/5485 4405/457/5498 4394/442/5482
f 4395/445/5485 4403/455/5496 4404/459/5502
f 4398/450/5490 4408/456/5497 4397/449/5489
f 4398/450/5490 4406/458/5499 4407/460/5503
f 4410/461/5504 4076/140/5169 4074/345/5369
f 4031/16/5044 4410/461/5504 4026/14/5042
f 4451/462/5505 4458/463/5505 4457/464/5505
f 4409/465/5506 4413/466/5507 4412/467/5508
f 4413/466/5507 4460/468/5509 4412/467/5508
f 4414/469/5510 4475/470/5511 4476/471/5512
f 4415/472/5513 4418/106/5134 4417/356/5514
f 4419/473/5515 4467/474/5516 4468/475/5517
f 4420/476/5518 4422/477/5519 4421/478/5520
f 4422/477/5521 4435/479/5522 4421/478/5520
f 4424/480/5523 4474/481/5524 4423/482/5525
f 4423/482/5525 4425/483/5526 4424/480/5523
f 4425/483/5527 4438/484/5528 4437/485/5529
f 4428/486/5530 4480/487/5531 4427/488/5532
f 4428/486/5530 4430/489/5533 4429/490/5534
f 4429/490/5534 4440/491/5535 4439/492/5536
f 4431/493/5537 4463/494/5538 4464/495/5539
f 4431/493/5537 4433/496/5540 4432/497/5541
f 4434/498/5542 4441/499/5543 4433/496/5540
f 4435/479/5522 4444/500/5544 4443/501/5545
f 4438/484/5528 4445/502/5546 4437/485/5529
f 4440/491/5535 4447/503/5547 4439/492/5536
f 4441/499/5543 4450/504/5548 4449/505/5549
f 4444/500/5544 4451/462/5550 4443/501/5545
f 4445/502/5546 4453/506/5551 4454/507/5552
f 4447/503/5547 4455/508/5553 4456/509/5554
f 4450/504/5548 4458/463/5555 4449/505/5549
f 4459/510/5556 4462/511/5557 4460/468/5509
f 4462/511/5558 4464/495/5539 4463/494/5538
f 4465/512/5559 4468/475/5517 4467/474/5516
f 4465/512/5559 4469/513/5560 4466/514/5561
f 4470/515/5562 4486/516/5563 4469/513/5560
f 4472/517/5564 4473/518/5565 4471/519/5566
f 4472/517/5564 4476/471/5512 4475/470/5511
f 4478/520/5567 4479/521/5568 4477/522/5569
f 4478/520/5567 4482/523/5570 4481/524/5571
f 4481/524/5571 4487/525/5572 4489/526/5573
f 4295/354/5389 4483/527/5574 4413/466/5507
f 4485/12/5040 4414/469/5510 4486/516/5563
f 4411/528/5575 4295/354/5389 4413/466/5507
f 4079/142/5576 4488/529/5577 4487/525/5572
f 4409/465/5506 4412/467/5508 4076/140/5578
f 4412/467/5508 4489/526/5573 4076/140/5578
f 4076/140/5578 4489/526/5573 4488/529/5577
f 4079/142/5576 4417/356/5579 4082/147/5580
f 4419/473/5515 4425/483/5526 4422/477/5519
f 4428/486/5530 4426/530/5581 4423/482/5525
f 4432/497/5541 4430/489/5533 4427/488/5532
f 4431/493/5537 4421/478/5520 4434/498/5542
f 4425/483/5527 4436/531/5582 4422/477/5521
f 4429/490/5534 4438/484/5528 4426/530/5581
f 4433/496/5540 4440/491/5535 4430/489/5533
f 4434/498/5542 4435/479/5522 4442/532/5583
f 4437/485/5529 4444/500/5544 4436/531/5582
f 4439/492/5536 4446/533/5584 4438/484/5528
f 4441/499/5543 4448/534/5585 4440/491/5535
f 4442/532/5583 4443/501/5545 4450/504/5548
f 4445/502/5546 4452/535/5586 4444/500/5544
f 4446/533/5584 4456/509/5554 4453/506/5551
f 4449/505/5549 4455/508/5553 4448/534/5585
f 4443/501/5545 4457/464/5587 4450/504/5548
f 4469/513/5560 4414/469/5510 4476/471/5512
f 4415/472/5513 4482/523/5570 4475/470/5511
f 4489/526/5573 4460/468/5509 4481/524/5571
f 4483/527/5574 4459/510/5556 4413/466/5507
f 4468/475/5517 4424/480/5523 4419/473/5515
f 4479/521/5568 4423/482/5525 4474/481/5524
f 4463/494/5538 4427/488/5532 4480/487/5531
f 4464/495/5539 4420/476/5518 4431/493/5537
f 4470/515/5562 4461/536/5588 4459/510/5556
f 4467/474/5516 4461/536/5588 4465/512/5559
f 4466/514/5561 4473/518/5565 4468/475/5517
f 4466/514/5561 4476/471/5512 4471/519/5566
f 4474/481/5524 4477/522/5569 4479/521/5568
f 4475/470/5511 4477/522/5569 4472/517/5564
f 4480/487/5531 4462/511/5558 4463/494/5538
f 4481/524/5571 4462/511/5557 4478/520/5567
f 4409/465/5589 4410/461/5504 4411/528/5590
f 4416/537/5591 4417/356/5592 4418/106/5134
f 4484/13/5041 4486/516/5563 4483/527/5574
f 4487/525/5572 4488/529/5577 4489/526/5573
f 4292/107/5135 4293/11/5039 4294/105/5133
f 4294/105/5133 4416/537/5591 4418/106/5134
f 4292/107/5135 4418/106/5134 4485/12/5040
f 4484/13/5041 4295/354/5389 4293/11/5039
f 4410/461/5504 4030/21/5049 4411/528/5590
f 4410/461/5504 4074/345/5369 4026/14/5042
f 4452/535/5505 4455/508/5505 4458/463/5505
f 4454/507/5505 4456/509/5505 4455/508/5505
f 4028/30/5382 4025/1/5470 4334/351/5381
f 4085/357/5392 4082/147/5593 4417/356/5391
f 4324/352/5384 4083/150/5594 4290/405/5442
f 4079/142/5576 4487/525/5572 4415/472/5513
f 4491/538/5595 4496/539/5596 4497/540/5597
f 4493/541/5598 4498/542/5599 4492/543/5600
f 4491/538/5601 4499/544/2737 4493/541/5602
f 4494/545/5603 4496/546/5596 4490/547/5604
f 4494/545/5605 4501/548/2732 4500/549/2732
f 4495/550/5606 4498/551/5599 4501/548/5607
f 4497/540/5608 4502/552/5609 4503/553/5610
f 4499/544/5611 4504/554/5612 4498/542/5613
f 4499/544/2737 4503/553/2737 4505/555/2737
f 4500/549/5614 4502/556/5609 4496/546/5615
f 4501/548/2732 4506/557/2732 4500/549/2732
f 4501/548/5616 4504/558/5612 4507/559/5617
f 4503/553/5610 4508/560/5618 4509/561/5619
f 4505/555/5620 4510/562/5621 4504/554/5612
f 4505/555/2737 4509/561/2737 4511/563/2737
f 4506/557/5622 4508/564/5618 4502/556/5609
f 4507/559/2732 4512/565/2732 4506/557/2732
f 4507/559/5617 4510/566/5621 4513/567/5623
f 4508/560/5618 4515/568/5624 4509/561/5619
f 4510/562/5621 4517/569/5625 4516/570/5626
f 4511/563/2737 4515/568/2737 4517/569/2737
f 4508/564/5618 4518/571/5627 4514/572/5628
f 4513/567/2732 4518/571/2732 4512/565/2732
f 4510/566/5621 4519/573/5629 4513/567/5623
f 4514/574/5628 4521/154/5630 4515/568/5624
f 4516/570/5626 4523/153/5631 4522/575/5632
f 4517/569/2737 4521/154/2737 4523/153/2737
f 4514/572/5628 4524/576/5633 4520/155/5634
f 4519/573/2732 4524/576/2732 4518/571/2732
f 4516/577/5626 4525/156/5635 4519/573/5629
f 4101/180/5636 4527/578/5637 4052/39/5638
f 4104/179/5639 4526/579/5640 4101/180/5636
f 4056/42/5641 4528/580/5642 4104/179/5643
f 4056/42/5644 4527/578/5637 4529/581/5645
f 4106/182/5646 4530/582/5647 4531/583/5648
f 4103/584/5649 4532/585/5650 4530/582/5647
f 4057/45/5651 4532/585/5650 4053/41/5652
f 4057/45/5653 4531/583/5654 4533/586/5655
f 4526/579/5640 4535/98/5122 4527/578/5637
f 4528/580/5656 4534/96/5120 4526/579/5640
f 4528/580/5642 4537/97/5657 4536/587/5658
f 4529/581/5645 4535/98/5122 4537/97/5659
f 4531/583/5648 4538/122/5150 4539/124/5660
f 4530/582/5647 4540/588/5661 4538/122/5150
f 4533/586/5662 4540/588/5661 4532/585/5650
f 4531/583/5654 4541/123/5663 4533/586/5655
f 4033/589/5664 4544/84/5665 4017/590/5666
f 4033/589/5667 4543/83/5668 4545/85/5669
f 4017/590/5670 4547/89/5671 4044/591/5672
f 4044/591/5673 4549/92/5674 4048/592/5675
f 4052/593/5676 4550/176/5677 4101/594/5678
f 4048/592/5679 4551/95/5679 4052/593/5679
f 4032/595/5680 4554/113/5681 4100/596/5682
f 4032/595/5683 4552/112/5684 4555/114/5685
f 4016/597/5686 4557/116/5687 4552/112/5688
f 4045/598/5689 4559/118/5690 4557/116/5691
f 4049/599/5692 4561/120/5692 4559/118/5692
f 4053/600/5693 4560/121/5694 4561/120/5695
f 4099/601/5696 4543/83/5697 4098/602/5698
f 4099/603/5699 4554/113/5700 4562/169/5701
f 4102/604/5702 4550/176/5703 4566/605/5704
f 4102/606/5705 4560/121/5706 4103/607/5707
f 4084/149/5176 4570/608/5708 4083/150/5177
f 4087/609/5184 4576/610/5709 4573/611/5710
f 4086/74/2737 4570/608/5711 4576/610/5712
f 4084/151/5176 4579/612/5713 4567/613/5714
f 4088/108/2732 4579/612/5715 4085/357/2732
f 4087/160/5184 4582/614/5716 4088/108/5136
f 4572/615/5717 4490/616/5604 4491/538/5595
f 4578/617/5718 4492/543/5600 4575/618/5719
f 4572/615/5720 4493/541/5602 4578/617/5721
f 4581/619/5722 4490/547/5604 4569/620/5723
f 4581/619/5724 4495/550/5725 4494/545/5605
f 4584/621/5726 4492/622/5600 4495/550/5606
f 4567/623/5727 4571/624/5728 4570/608/5729
f 4568/625/5730 4572/615/5731 4571/626/5732
f 4571/624/5733 4576/610/5712 4570/608/5711
f 4571/626/5733 4578/617/5721 4577/627/5734
f 4573/628/5710 4583/629/5735 4582/614/5716
f 4574/630/5736 4584/621/5726 4583/631/5735
f 4574/632/5736 4578/617/5718 4575/618/5719
f 4573/611/5710 4577/633/5737 4574/634/5736
f 4568/635/5730 4581/619/5738 4569/620/5739
f 4567/613/5727 4580/636/5740 4568/637/5741
f 4580/638/5742 4584/621/5743 4581/619/5724
f 4580/636/5742 4582/614/5744 4583/629/5745
f 14/1/1 17/30/30 18/2/2
f 23/4/4 24/205/343 16/3/3
f 300/5/5 299/75/74 12/6/6
f 18/2/2 17/30/30 10/8/8
f 22/10/10 23/4/4 18/2/2
f 15/14/14 25/346/344 26/15/15
f 30/17/17 27/31/31 11/18/18
f 20/16/16 7/23/23 9/20/20
f 20/16/16 26/15/15 21/22/22
f 23/4/4 22/10/10 6/24/24
f 232/26/26 221/212/195 220/27/27
f 26/15/15 3/130/133 5/29/29
f 17/30/30 29/348/351 28/7/7
f 27/31/31 30/17/17 19/21/21
f 6/24/24 33/35/35 32/32/32
f 5/29/29 3/130/133 31/33/33
f 33/35/35 37/639/5746 36/36/36
f 34/34/34 31/33/33 35/37/37
f 36/36/36 37/639/5746 41/39/39
f 35/37/37 39/44/44 42/41/41
f 40/40/40 41/39/39 45/42/42
f 39/44/44 43/48/48 46/45/45
f 44/43/43 45/42/42 49/46/46
f 43/48/48 47/52/52 50/49/49
f 48/47/47 49/46/46 53/50/50
f 47/52/52 51/56/56 54/53/53
f 52/51/51 53/50/50 57/54/54
f 51/56/56 55/70/69 58/57/57
f 152/58/58 147/135/138 60/59/59
f 103/61/61 106/190/65 105/62/62
f 103/64/61 102/100/99 107/65/64
f 123/69/68 126/102/102 58/57/57
f 84/71/70 87/165/160 22/10/10
f 84/71/70 8/9/9 10/8/8
f 78/73/72 28/7/7 12/6/6
f 75/74/73 12/6/6 299/75/74
f 366/77/76 361/402/76 360/78/76
f 532/83/80 531/88/85 533/84/81
f 81/72/71 10/8/8 28/7/7
f 117/86/83 4/25/25 32/32/32
f 531/88/85 535/91/88 536/89/86
f 114/87/84 32/32/32 36/36/36
f 535/91/88 537/94/91 538/92/89
f 111/90/87 36/36/36 40/40/40
f 537/94/91 539/176/167 540/95/92
f 105/62/62 108/93/90 40/40/40
f 523/96/93 525/587/5747 526/97/94
f 104/63/63 105/62/62 44/43/43
f 45/42/96 93/179/170 96/99/97
f 102/100/99 120/101/101 51/56/56
f 96/99/97 99/187/176 53/50/100
f 120/101/101 123/69/68 55/70/69
f 126/102/102 101/126/129 54/53/103
f 15/14/14 63/345/342 146/103/104
f 77/108/109 74/357/5748 13/19/19
f 80/109/110 77/108/109 11/18/18
f 83/110/111 80/109/110 27/31/31
f 86/111/112 83/110/111 9/20/20
f 21/22/22 89/166/161 86/111/112
f 541/112/113 542/115/116 543/113/114
f 542/115/116 541/112/113 546/116/117
f 545/117/118 546/116/117 548/118/119
f 547/119/120 548/118/119 550/120/121
f 527/122/123 529/588/636 530/123/124
f 98/125/126 95/182/172 46/45/127
f 98/125/126 50/49/128 54/53/103
f 43/48/48 107/65/64 102/100/99
f 39/44/44 110/191/178 107/65/64
f 113/127/130 110/191/178 39/44/44
f 116/128/131 113/127/130 35/37/37
f 119/129/132 116/128/131 31/33/33
f 154/131/134 153/222/207 119/129/132
f 104/63/63 48/47/47 52/51/51
f 122/132/135 52/51/51 56/55/55
f 125/133/136 56/55/55 57/54/54
f 53/50/100 99/187/176 128/134/137
f 147/135/138 63/345/342 62/136/139
f 62/136/139 63/345/342 65/140/142
f 64/141/141 65/140/142 68/142/143
f 67/144/144 70/640/148 69/145/145
f 67/143/144 68/142/143 71/147/147
f 69/145/145 70/640/148 73/149/149
f 71/147/147 74/357/5749 73/151/149
f 509/152/151 511/575/155 512/153/152
f 509/155/151 513/576/5750 514/156/154
f 75/74/73 76/609/157 79/158/156
f 77/108/109 80/109/110 79/159/156
f 78/73/72 79/158/156 82/161/158
f 80/109/110 83/110/111 82/162/158
f 81/72/71 82/161/158 85/163/159
f 83/110/111 86/111/112 85/164/159
f 85/163/159 88/641/162 87/165/160
f 85/164/159 86/111/112 89/166/161
f 551/168/163 552/171/164 531/88/85
f 551/169/163 543/113/114 542/115/116
f 552/171/164 553/173/165 535/91/88
f 552/170/164 542/115/116 545/117/118
f 553/173/165 554/175/166 537/94/91
f 553/172/165 545/117/118 547/119/120
f 554/175/166 555/605/168 539/176/167
f 554/174/166 547/119/120 549/121/122
f 91/178/169 94/642/173 93/179/170
f 91/181/169 92/584/5751 95/182/172
f 93/179/170 94/642/173 97/184/174
f 95/182/172 98/125/126 97/185/174
f 96/99/97 97/184/174 100/186/175
f 98/125/126 101/126/129 100/188/175
f 103/64/61 121/200/177 120/101/101
f 103/61/61 104/63/63 122/132/135
f 106/190/65 109/643/179 108/93/90
f 106/66/65 107/65/64 110/191/178
f 108/93/90 109/643/179 112/193/180
f 110/191/178 113/127/130 112/194/180
f 111/90/87 112/193/180 115/195/181
f 113/127/130 116/128/131 115/196/181
f 114/87/84 115/195/181 118/197/182
f 116/128/131 119/129/132 118/198/182
f 121/200/177 124/202/184 123/69/68
f 121/189/177 122/132/135 125/133/136
f 124/202/184 127/204/185 126/102/102
f 124/201/184 125/133/136 128/134/137
f 99/187/176 100/186/175 127/203/185
f 101/126/129 126/102/102 127/204/185
f 24/205/186 23/4/189 163/206/187
f 23/4/189 4/25/192 130/208/190
f 2/68/67 168/343/341 130/208/190
f 131/210/193 25/346/349 222/211/194
f 26/15/200 131/210/193 132/213/197
f 135/216/201 61/82/79 16/3/3
f 141/219/204 134/217/202 133/220/205
f 199/225/210 197/287/5752 196/226/211
f 269/228/76 275/334/76 274/229/76
f 133/220/213 136/218/350 138/231/214
f 137/232/215 138/231/214 158/233/216
f 142/221/206 144/335/328 143/235/218
f 143/235/219 144/335/328 160/236/220
f 148/238/222 150/240/225 149/239/223
f 150/240/225 227/299/288 226/241/226
f 151/242/227 154/131/134 156/243/228
f 155/244/229 156/243/228 229/245/230
f 157/234/217 158/233/216 204/247/232
f 159/237/221 160/236/220 208/249/234
f 164/224/209 166/253/238 165/251/236
f 166/253/238 212/339/334 213/254/239
f 169/255/240 171/257/242 170/256/241
f 171/257/242 216/294/283 217/258/243
f 173/259/244 206/292/281 207/260/245
f 173/259/244 172/261/246 175/262/247
f 175/262/249 189/286/273 188/264/250
f 177/265/251 210/293/282 211/266/252
f 177/265/251 176/267/253 179/268/254
f 178/269/255 179/268/254 191/270/256
f 180/272/258 181/276/262 214/273/259
f 180/272/258 183/337/331 182/275/261
f 182/275/263 183/337/331 193/277/264
f 184/279/266 185/283/270 218/280/267
f 184/279/266 187/284/271 186/282/269
f 187/284/271 195/290/279 194/285/272
f 189/286/273 196/226/332 197/287/274
f 190/271/257 191/270/256 199/225/275
f 192/278/265 193/277/264 200/288/277
f 195/290/279 202/338/333 203/291/280
f 204/247/232 207/260/245 206/292/281
f 208/249/234 211/266/252 210/293/282
f 213/254/239 212/339/334 215/274/260
f 216/294/283 219/281/268 218/280/267
f 220/27/27 223/336/330 225/295/284
f 224/296/285 225/295/284 237/297/286
f 227/299/288 239/308/297 238/300/289
f 229/245/230 241/310/299 240/301/290
f 230/302/291 233/28/28 235/303/292
f 234/304/293 235/303/292 243/305/294
f 237/297/286 245/340/335 244/307/296
f 239/308/297 247/316/305 246/309/298
f 241/310/299 249/318/307 248/311/300
f 242/306/295 243/305/294 251/312/301
f 244/307/296 245/340/335 253/314/303
f 247/316/305 255/341/336 254/317/306
f 249/318/307 257/325/316 256/319/308
f 250/313/302 251/312/301 259/320/309
f 253/314/311 261/329/320 260/322/312
f 254/317/313 255/341/336 263/323/314
f 257/325/316 265/332/324 264/326/317
f 258/321/310 259/320/309 267/327/318
f 261/329/320 269/228/337 268/230/321
f 262/324/315 263/323/314 270/330/322
f 265/332/324 272/342/338 273/333/325
f 266/328/319 267/327/318 274/229/326
f 144/335/328 142/221/206 133/220/213
f 138/231/214 136/218/350 162/207/188
f 222/211/194 145/104/224 149/239/223
f 150/240/225 148/238/222 151/242/227
f 156/243/228 154/131/134 231/215/199
f 144/335/328 137/232/215 157/234/217
f 138/231/214 161/252/237 165/251/236
f 166/253/238 164/224/209 167/223/208
f 171/257/242 169/255/240 143/235/219
f 176/267/253 173/259/244 174/263/248
f 181/276/262 182/275/261 175/262/247
f 180/272/258 185/283/270 186/282/269
f 177/265/251 178/269/255 187/284/271
f 179/268/254 174/263/248 188/264/250
f 175/262/249 182/275/263 192/278/265
f 186/282/269 194/285/272 193/277/264
f 187/284/271 178/269/255 190/271/257
f 191/270/256 188/264/250 197/287/274
f 189/286/273 192/278/265 201/289/278
f 194/285/272 203/291/280 200/288/277
f 195/290/279 190/271/257 198/227/276
f 205/248/233 206/292/281 211/266/252
f 204/247/232 213/254/239 214/273/259
f 210/293/282 219/281/268 216/294/283
f 212/339/334 217/258/243 218/280/267
f 160/236/220 157/234/217 205/248/233
f 158/233/216 165/251/236 213/254/239
f 170/256/241 217/258/243 212/339/334
f 171/257/242 159/237/221 209/250/235
f 206/292/281 173/259/244 176/267/253
f 207/260/245 214/273/259 181/276/262
f 215/274/260 218/280/267 185/283/270
f 219/281/268 210/293/282 177/265/251
f 225/295/284 223/336/330 149/239/223
f 155/244/229 228/246/231 227/299/288
f 156/243/228 230/302/291 234/304/293
f 233/28/28 220/27/27 224/296/285
f 226/241/226 238/300/289 237/297/286
f 228/246/231 240/301/290 239/308/297
f 229/245/230 234/304/293 242/306/295
f 235/303/292 224/296/285 236/298/287
f 238/300/289 246/309/298 245/340/335
f 240/301/290 248/311/300 247/316/305
f 241/310/299 242/306/295 250/313/302
f 243/305/294 236/298/287 244/307/296
f 245/340/335 246/309/298 254/317/306
f 248/311/300 256/319/308 255/341/336
f 250/313/302 258/321/310 257/325/316
f 251/312/301 244/307/296 252/315/304
f 253/314/311 254/317/313 262/324/315
f 256/319/308 264/326/317 263/323/314
f 257/325/316 258/321/310 266/328/319
f 259/320/309 252/315/304 260/322/312
f 262/324/315 271/331/323 269/228/337
f 264/326/317 273/333/325 270/330/322
f 265/332/324 266/328/319 275/334/327
f 267/327/318 260/322/312 268/230/321
f 134/217/202 135/216/201 136/218/203
f 145/104/105 146/103/104 147/135/138
f 161/252/237 162/207/188 163/206/187
f 130/208/190 168/343/341 169/255/340
f 221/212/195 222/211/194 223/336/330
f 230/302/291 231/215/199 232/26/26
f 139/67/66 169/255/329 168/343/341
f 117/86/83 140/199/183 139/67/66
f 141/219/204 59/347/60 60/344/59
f 147/135/138 152/58/58 151/242/227
f 134/217/202 60/344/59 62/138/139
f 202/338/345 201/289/348 200/288/346
f 198/227/212 196/226/211 201/289/348
f 271/331/76 270/330/76 273/333/76
f 275/334/76 269/228/76 271/331/76
f 131/210/193 221/212/195 232/26/26
f 29/348/351 17/30/355 278/349/352
f 323/351/354 322/429/442 278/349/352
f 69/145/356 72/150/567 313/352/357
f 30/17/17 13/19/19 283/105/106
f 30/17/17 282/11/11 284/354/362
f 13/19/19 74/357/5748 285/355/363
f 406/356/364 405/537/564 285/355/363
f 366/77/76 297/79/76 365/361/76
f 300/5/5 301/364/370 302/363/369
f 301/364/370 304/366/372 303/365/371
f 304/366/372 318/409/420 317/367/373
f 308/358/374 310/369/377 309/368/375
f 310/369/377 320/410/421 319/370/378
f 311/371/379 314/408/419 316/372/380
f 324/374/382 326/412/423 325/375/383
f 327/376/384 328/414/425 335/377/385
f 330/379/387 337/416/427 336/380/388
f 332/382/390 339/417/428 338/383/391
f 333/385/393 334/419/430 341/386/394
f 335/377/385 343/421/432 342/388/396
f 336/380/388 337/416/427 345/389/397
f 338/383/391 339/417/428 347/391/399
f 341/386/394 349/423/434 348/393/401
f 342/388/396 343/421/432 351/394/402
f 345/389/397 353/425/436 352/396/404
f 346/392/400 347/391/399 355/397/405
f 348/393/401 349/423/434 357/399/407
f 351/394/402 358/428/439 359/401/409
f 352/396/404 353/425/436 360/78/410
f 354/398/406 355/397/405 363/403/412
f 357/399/407 364/362/441 365/361/414
f 276/350/353 277/360/368 304/366/372
f 301/364/370 300/5/5 29/348/351
f 298/76/75 302/363/369 279/405/415
f 310/369/377 308/358/374 66/146/359
f 280/406/417 311/371/379 315/373/381
f 314/408/419 303/365/371 317/367/373
f 277/360/368 287/411/422 318/409/420
f 280/406/417 286/407/418 320/410/421
f 277/360/368 321/359/367 325/375/383
f 326/412/423 324/374/382 309/368/375
f 328/414/425 329/381/389 336/380/388
f 289/415/426 291/418/429 337/416/427
f 332/382/390 288/413/424 290/378/386
f 333/385/393 340/387/395 291/418/429
f 334/419/430 331/384/392 338/383/391
f 335/377/385 336/380/388 344/390/398
f 337/416/427 291/418/429 293/422/433
f 339/417/428 290/378/386 292/420/431
f 340/387/395 348/393/401 293/422/433
f 341/386/394 338/383/391 346/392/400
f 292/420/431 342/388/396 350/395/403
f 343/421/432 344/390/398 352/396/404
f 293/422/433 295/426/437 353/425/436
f 347/391/399 292/420/431 294/424/435
f 348/393/401 356/400/408 295/426/437
f 349/423/434 346/392/400 354/398/406
f 294/424/435 350/395/403 359/401/409
f 351/394/402 352/396/404 361/402/411
f 295/426/437 297/79/440 360/78/410
f 355/397/405 294/424/435 296/427/438
f 356/400/408 365/361/414 297/79/440
f 357/399/407 354/398/406 362/404/413
f 306/81/78 307/137/140 308/358/366
f 312/353/358 313/352/357 314/408/419
f 321/359/367 322/429/442 323/351/354
f 321/359/367 276/350/353 278/349/352
f 14/1/443 305/80/376 324/374/382
f 62/138/139 307/137/140 306/81/78
f 308/358/366 307/137/140 64/139/141
f 66/146/359 312/353/361 311/371/379
f 362/404/76 367/430/76 366/77/76
f 367/430/76 358/428/76 361/402/76
f 363/403/76 296/427/76 367/430/76
f 359/401/76 358/428/76 367/430/76
f 369/431/444 372/435/448 371/432/445
f 369/431/444 368/451/464 373/434/447
f 376/436/449 375/440/453 378/437/450
f 374/439/452 379/452/465 378/437/450
f 381/441/454 384/445/458 383/442/455
f 381/441/454 380/453/466 385/444/457
f 388/446/459 387/450/463 390/447/460
f 386/449/462 391/454/467 390/447/460
f 316/372/380 373/434/447 368/451/464
f 317/367/373 318/409/420 379/452/465
f 320/410/421 385/444/457 380/453/466
f 325/375/383 326/412/423 391/454/467
f 370/433/446 371/432/445 328/414/425
f 377/438/451 330/379/387 329/381/389
f 382/443/456 383/442/455 332/382/390
f 389/448/461 334/419/430 333/385/393
f 286/407/418 315/373/381 368/451/468
f 316/372/380 317/367/373 374/439/452
f 318/409/420 287/411/422 397/456/470
f 286/407/418 392/455/469 385/444/457
f 287/411/422 325/375/383 386/449/462
f 319/370/378 380/453/466 391/454/467
f 394/457/471 370/433/474 327/376/384
f 371/432/445 376/436/449 329/381/389
f 395/458/472 289/415/426 330/379/387
f 383/442/455 394/457/471 288/413/424
f 388/446/459 333/385/393 289/415/426
f 389/448/461 382/443/456 331/384/392
f 369/431/473 393/459/475 392/455/469
f 370/433/474 394/457/471 393/459/475
f 372/435/448 375/440/453 376/436/449
f 373/434/447 374/439/452 375/440/453
f 377/438/451 378/437/450 396/460/476
f 378/437/450 379/452/465 397/456/470
f 380/453/466 381/441/454 390/447/460
f 382/443/456 389/448/461 390/447/460
f 384/445/458 393/459/475 394/457/471
f 384/445/458 385/444/457 392/455/469
f 387/450/463 396/460/476 397/456/470
f 387/450/463 388/446/459 395/458/472
f 399/461/477 398/465/562 65/140/142
f 440/462/478 441/535/478 447/463/478
f 398/465/479 400/528/548 402/466/480
f 402/466/480 448/510/529 449/468/482
f 403/469/483 404/472/486 464/470/484
f 404/472/486 403/469/483 407/106/107
f 408/473/488 409/476/491 456/474/489
f 409/476/491 408/473/488 411/477/492
f 411/477/494 425/531/555 424/479/495
f 413/480/496 462/518/538 463/481/497
f 412/482/498 415/530/554 414/483/499
f 414/483/500 415/530/554 427/484/501
f 417/486/503 468/521/541 469/487/504
f 417/486/503 416/488/505 419/489/506
f 418/490/507 419/489/506 429/491/508
f 420/493/510 421/497/514 452/494/511
f 420/493/510 423/498/515 422/496/513
f 423/498/515 431/532/556 430/499/516
f 424/479/495 425/531/555 433/500/517
f 427/484/501 435/533/557 434/502/519
f 429/491/508 437/534/558 436/503/520
f 430/499/516 431/532/556 439/504/521
f 433/500/517 441/535/559 440/462/523
f 434/502/519 435/533/557 442/506/524
f 436/503/520 437/534/558 444/508/526
f 439/504/521 446/464/560 447/463/528
f 448/510/529 450/536/561 451/511/530
f 451/511/531 450/536/561 453/495/512
f 454/512/532 455/514/534 457/475/490
f 454/512/532 459/515/535 458/513/533
f 459/515/535 472/527/547 475/516/536
f 461/517/537 463/481/497 462/518/538
f 461/517/537 460/519/539 465/471/485
f 467/520/540 469/487/504 468/521/541
f 467/520/540 466/522/542 471/523/543
f 470/524/544 471/523/543 476/525/545
f 474/12/12 407/106/107 403/469/483
f 400/528/548 19/21/21 284/354/362
f 68/142/549 65/140/5753 477/529/550
f 68/142/549 404/472/486 406/356/552
f 408/473/488 413/480/496 414/483/499
f 417/486/503 418/490/507 415/530/554
f 421/497/514 422/496/513 419/489/506
f 420/493/510 409/476/491 410/478/493
f 414/483/500 426/485/502 425/531/555
f 418/490/507 428/492/509 427/484/501
f 422/496/513 430/499/516 429/491/508
f 423/498/515 410/478/493 424/479/495
f 426/485/502 434/502/519 433/500/517
f 428/492/509 436/503/520 435/533/557
f 430/499/516 438/505/522 437/534/558
f 431/532/556 424/479/495 432/501/518
f 434/502/519 443/507/525 441/535/559
f 435/533/557 436/503/520 445/509/527
f 438/505/522 447/463/528 444/508/526
f 432/501/518 440/462/523 446/464/560
f 458/513/533 475/516/536 403/469/483
f 404/472/486 476/525/545 471/523/543
f 478/526/546 401/467/481 449/468/482
f 472/527/547 459/515/535 448/510/529
f 457/475/490 462/518/538 413/480/496
f 468/521/541 417/486/503 412/482/498
f 452/494/511 421/497/514 416/488/505
f 453/495/512 456/474/489 409/476/491
f 459/515/535 454/512/532 450/536/561
f 456/474/489 453/495/512 450/536/561
f 455/514/534 460/519/539 462/518/538
f 455/514/534 458/513/533 465/471/485
f 463/481/497 461/517/537 466/522/542
f 464/470/484 471/523/543 466/522/542
f 469/487/504 467/520/540 451/511/531
f 470/524/544 449/468/482 451/511/530
f 473/13/13 474/12/12 475/516/536
f 281/107/108 474/12/12 282/11/11
f 283/105/106 285/355/363 405/537/564
f 473/13/13 472/527/547 284/354/362
f 399/461/477 20/16/16 19/21/21
f 441/535/478 443/507/478 444/508/478
f 443/507/478 442/506/478 445/509/478
f 480/538/568 479/616/578 485/539/569
f 482/541/571 488/544/5754 487/542/572
f 480/538/574 486/540/575 488/544/575
f 483/545/577 489/549/5755 485/546/569
f 483/545/579 484/550/700 490/548/580
f 484/550/581 481/622/573 487/551/572
f 486/540/583 485/539/590 491/552/584
f 488/544/586 494/555/595 493/554/587
f 488/544/575 486/540/575 492/553/575
f 489/549/589 495/557/597 491/556/584
f 490/548/580 496/559/580 495/557/580
f 490/548/591 487/551/588 493/558/587
f 492/553/585 491/552/584 497/560/593
f 494/555/595 500/563/5756 499/562/596
f 494/555/575 492/553/575 498/561/575
f 495/557/597 501/565/5757 497/564/593
f 496/559/580 502/567/580 501/565/580
f 496/559/592 493/558/587 499/566/596
f 497/560/593 503/574/603 504/568/599
f 499/562/596 500/563/5756 506/569/600
f 500/563/575 498/561/575 504/568/575
f 497/564/593 501/565/5757 507/571/602
f 502/567/580 508/573/580 507/571/580
f 499/566/596 505/577/601 508/573/604
f 503/574/603 509/152/609 510/154/605
f 505/570/601 506/569/600 512/153/606
f 506/569/575 504/568/575 510/154/575
f 503/572/603 507/571/602 513/576/608
f 508/573/580 514/156/580 513/576/580
f 505/577/601 511/157/607 514/156/610
f 90/180/611 515/579/615 516/578/612
f 93/179/614 517/580/631 515/579/615
f 45/42/616 518/581/5758 517/580/617
f 45/42/619 41/39/613 516/578/612
f 95/182/621 92/584/624 519/582/622
f 92/584/624 42/41/627 521/585/625
f 46/45/626 522/586/637 521/585/625
f 46/45/628 95/182/5759 520/583/629
f 515/579/615 523/96/93 524/98/95
f 517/580/631 525/587/5760 523/96/93
f 517/580/617 518/581/5758 526/97/632
f 518/581/620 516/578/612 524/98/95
f 520/583/623 519/582/622 527/122/123
f 519/582/622 521/585/625 529/588/636
f 522/586/637 530/123/5761 529/588/636
f 520/583/629 528/124/5762 530/123/638
f 22/589/639 534/85/5763 533/84/640
f 22/589/642 87/602/5764 532/83/643
f 6/590/645 533/84/5765 536/89/646
f 33/591/648 536/89/5766 538/92/649
f 41/593/651 540/95/5767 539/176/652
f 37/592/654 538/92/654 540/95/654
f 21/595/655 544/114/5768 543/113/656
f 21/595/658 5/597/5769 541/112/659
f 5/597/661 34/598/5770 546/116/662
f 34/598/664 38/599/5771 548/118/665
f 38/599/667 42/600/667 550/120/667
f 42/600/668 92/607/5772 549/121/669
f 88/601/671 551/168/5773 532/83/672
f 88/603/674 89/596/5774 543/113/675
f 91/604/677 90/594/5775 539/176/678
f 91/606/680 555/177/5776 549/121/681
f 73/149/149 556/623/689 559/608/683
f 76/609/157 75/74/73 565/610/684
f 75/74/575 72/150/575 559/608/686
f 73/151/149 74/357/5749 568/612/688
f 77/108/580 571/614/719 568/612/690
f 76/160/157 562/628/685 571/614/691
f 561/615/692 558/644/698 479/616/578
f 567/617/693 482/541/571 481/543/573
f 561/615/695 480/538/574 482/541/576
f 570/619/697 483/545/577 479/547/578
f 570/619/699 573/621/718 484/550/700
f 573/621/701 564/645/694 481/622/573
f 556/623/702 557/646/716 560/624/703
f 557/625/705 558/644/714 561/615/706
f 560/624/708 566/633/709 565/610/687
f 560/626/708 561/615/695 567/617/696
f 562/628/685 563/647/711 572/629/710
f 563/630/711 564/645/694 573/621/701
f 563/632/711 566/627/712 567/617/693
f 562/611/685 565/610/684 566/633/712
f 557/635/705 569/638/5777 570/619/713
f 556/613/702 568/612/5778 569/636/715
f 569/638/717 572/631/720 573/621/718
f 569/636/717 568/612/690 571/614/719
f 587/1/721 590/30/750 591/2/722
f 596/4/724 597/205/1062 589/3/723
f 873/5/725 872/75/794 585/6/726
f 591/2/722 590/30/750 583/8/728
f 595/10/730 596/4/724 591/2/722
f 588/14/734 598/346/1063 599/15/735
f 603/17/737 600/31/751 584/18/738
f 593/16/736 580/23/743 582/20/740
f 593/16/736 599/15/735 594/22/742
f 596/4/724 595/10/730 579/24/744
f 805/26/746 794/212/914 793/27/747
f 599/15/735 576/130/852 578/29/749
f 590/30/750 602/348/1070 601/7/727
f 600/31/751 603/17/737 592/21/741
f 579/24/744 606/35/755 605/32/752
f 578/29/749 576/130/852 604/33/753
f 606/35/755 610/639/5779 609/36/756
f 607/34/754 604/33/753 608/37/757
f 609/36/756 610/639/5779 614/39/759
f 608/37/757 612/44/764 615/41/761
f 613/40/760 614/39/759 618/42/762
f 612/44/764 616/48/768 619/45/765
f 617/43/763 618/42/762 622/46/766
f 616/48/768 620/52/772 623/49/769
f 621/47/767 622/46/766 626/50/770
f 620/52/772 624/56/776 627/53/773
f 625/51/771 626/50/770 630/54/774
f 624/56/776 628/70/789 631/57/777
f 725/58/778 720/135/857 633/59/779
f 676/61/781 679/190/785 678/62/782
f 676/64/781 675/100/818 680/65/784
f 696/69/788 699/102/821 631/57/777
f 657/71/790 660/165/879 595/10/730
f 657/71/790 581/9/729 583/8/728
f 651/73/792 601/7/727 585/6/726
f 648/74/793 585/6/726 872/75/794
f 939/77/76 934/402/76 933/78/76
f 1105/83/799 1104/88/804 1106/84/800
f 654/72/791 583/8/728 601/7/727
f 690/86/802 577/25/745 605/32/752
f 1104/88/804 1108/91/807 1109/89/805
f 687/87/803 605/32/752 609/36/756
f 1108/91/807 1110/94/810 1111/92/808
f 684/90/806 609/36/756 613/40/760
f 1110/94/810 1112/176/886 1113/95/811
f 678/62/782 681/93/809 613/40/760
f 1096/96/812 1098/587/5780 1099/97/813
f 677/63/783 678/62/782 617/43/763
f 618/42/815 666/179/889 669/99/816
f 675/100/818 693/101/820 624/56/776
f 669/99/816 672/187/895 626/50/819
f 693/101/820 696/69/788 628/70/789
f 699/102/821 674/126/848 627/53/822
f 588/14/734 636/345/1061 719/103/823
f 650/108/828 647/357/5781 586/19/739
f 653/109/829 650/108/828 584/18/738
f 656/110/830 653/109/829 600/31/751
f 659/111/831 656/110/830 582/20/740
f 594/22/742 662/166/880 659/111/831
f 1114/112/832 1115/115/835 1116/113/833
f 1115/115/835 1114/112/832 1119/116/836
f 1118/117/837 1119/116/836 1121/118/838
f 1120/119/839 1121/118/838 1123/120/840
f 1100/122/842 1102/588/1355 1103/123/843
f 671/125/845 668/182/891 619/45/846
f 671/125/845 623/49/847 627/53/822
f 616/48/768 680/65/784 675/100/818
f 612/44/764 683/191/897 680/65/784
f 686/127/849 683/191/897 612/44/764
f 689/128/850 686/127/849 608/37/757
f 692/129/851 689/128/850 604/33/753
f 727/131/853 726/222/926 692/129/851
f 677/63/783 621/47/767 625/51/771
f 695/132/854 625/51/771 629/55/775
f 698/133/855 629/55/775 630/54/774
f 626/50/819 672/187/895 701/134/856
f 720/135/857 636/345/1061 635/136/858
f 635/136/858 636/345/1061 638/140/861
f 637/141/860 638/140/861 641/142/862
f 640/144/863 643/640/867 642/145/864
f 640/143/863 641/142/862 644/147/866
f 642/145/864 643/640/867 646/149/868
f 644/147/866 647/357/5782 646/151/868
f 1082/152/870 1084/575/874 1085/153/871
f 1082/155/870 1086/576/5783 1087/156/873
f 648/74/793 649/609/876 652/158/875
f 650/108/828 653/109/829 652/159/875
f 651/73/792 652/158/875 655/161/877
f 653/109/829 656/110/830 655/162/877
f 654/72/791 655/161/877 658/163/878
f 656/110/830 659/111/831 658/164/878
f 658/163/878 661/641/881 660/165/879
f 658/164/878 659/111/831 662/166/880
f 1124/168/882 1125/171/883 1104/88/804
f 1124/169/882 1116/113/833 1115/115/835
f 1125/171/883 1126/173/884 1108/91/807
f 1125/170/883 1115/115/835 1118/117/837
f 1126/173/884 1127/175/885 1110/94/810
f 1126/172/884 1118/117/837 1120/119/839
f 1127/175/885 1128/605/887 1112/176/886
f 1127/174/885 1120/119/839 1122/121/841
f 664/178/888 667/642/892 666/179/889
f 664/181/888 665/584/5784 668/182/891
f 666/179/889 667/642/892 670/184/893
f 668/182/891 671/125/845 670/185/893
f 669/99/816 670/184/893 673/186/894
f 671/125/845 674/126/848 673/188/894
f 676/64/781 694/200/896 693/101/820
f 676/61/781 677/63/783 695/132/854
f 679/190/785 682/643/898 681/93/809
f 679/66/785 680/65/784 683/191/897
f 681/93/809 682/643/898 685/193/899
f 683/191/897 686/127/849 685/194/899
f 684/90/806 685/193/899 688/195/900
f 686/127/849 689/128/850 688/196/900
f 687/87/803 688/195/900 691/197/901
f 689/128/850 692/129/851 691/198/901
f 694/200/896 697/202/903 696/69/788
f 694/189/896 695/132/854 698/133/855
f 697/202/903 700/204/904 699/102/821
f 697/201/903 698/133/855 701/134/856
f 672/187/895 673/186/894 700/203/904
f 674/126/848 699/102/821 700/204/904
f 597/205/905 596/4/908 736/206/906
f 596/4/908 577/25/911 703/208/909
f 575/68/787 741/343/1060 703/208/909
f 704/210/912 598/346/1068 795/211/913
f 599/15/919 704/210/912 705/213/916
f 708/216/920 634/82/798 589/3/723
f 714/219/923 707/217/921 706/220/924
f 772/225/929 770/287/5785 769/226/930
f 842/228/76 848/334/76 847/229/76
f 706/220/932 709/218/1069 711/231/933
f 710/232/934 711/231/933 731/233/935
f 715/221/925 717/335/1047 716/235/937
f 716/235/938 717/335/1047 733/236/939
f 721/238/941 723/240/944 722/239/942
f 723/240/944 800/299/1007 799/241/945
f 724/242/946 727/131/853 729/243/947
f 728/244/948 729/243/947 802/245/949
f 730/234/936 731/233/935 777/247/951
f 732/237/940 733/236/939 781/249/953
f 737/224/928 739/253/957 738/251/955
f 739/253/957 785/339/1053 786/254/958
f 742/255/959 744/257/961 743/256/960
f 744/257/961 789/294/1002 790/258/962
f 746/259/963 779/292/1000 780/260/964
f 746/259/963 745/261/965 748/262/966
f 748/262/968 762/286/992 761/264/969
f 750/265/970 783/293/1001 784/266/971
f 750/265/970 749/267/972 752/268/973
f 751/269/974 752/268/973 764/270/975
f 753/272/977 754/276/981 787/273/978
f 753/272/977 756/337/1050 755/275/980
f 755/275/982 756/337/1050 766/277/983
f 757/279/985 758/283/989 791/280/986
f 757/279/985 760/284/990 759/282/988
f 760/284/990 768/290/998 767/285/991
f 762/286/992 769/226/1051 770/287/993
f 763/271/976 764/270/975 772/225/994
f 765/278/984 766/277/983 773/288/996
f 768/290/998 775/338/1052 776/291/999
f 777/247/951 780/260/964 779/292/1000
f 781/249/953 784/266/971 783/293/1001
f 786/254/958 785/339/1053 788/274/979
f 789/294/1002 792/281/987 791/280/986
f 793/27/747 796/336/1049 798/295/1003
f 797/296/1004 798/295/1003 810/297/1005
f 800/299/1007 812/308/1016 811/300/1008
f 802/245/949 814/310/1018 813/301/1009
f 803/302/1010 806/28/748 808/303/1011
f 807/304/1012 808/303/1011 816/305/1013
f 810/297/1005 818/340/1054 817/307/1015
f 812/308/1016 820/316/1024 819/309/1017
f 814/310/1018 822/318/1026 821/311/1019
f 815/306/1014 816/305/1013 824/312/1020
f 817/307/1015 818/340/1054 826/314/1022
f 820/316/1024 828/341/1055 827/317/1025
f 822/318/1026 830/325/1035 829/319/1027
f 823/313/1021 824/312/1020 832/320/1028
f 826/314/1030 834/329/1039 833/322/1031
f 827/317/1032 828/341/1055 836/323/1033
f 830/325/1035 838/332/1043 837/326/1036
f 831/321/1029 832/320/1028 840/327/1037
f 834/329/1039 842/228/1056 841/230/1040
f 835/324/1034 836/323/1033 843/330/1041
f 838/332/1043 845/342/1057 846/333/1044
f 839/328/1038 840/327/1037 847/229/1045
f 717/335/1047 715/221/925 706/220/932
f 711/231/933 709/218/1069 735/207/907
f 795/211/913 718/104/943 722/239/942
f 723/240/944 721/238/941 724/242/946
f 729/243/947 727/131/853 804/215/918
f 717/335/1047 710/232/934 730/234/936
f 711/231/933 734/252/956 738/251/955
f 739/253/957 737/224/928 740/223/927
f 744/257/961 742/255/959 716/235/938
f 749/267/972 746/259/963 747/263/967
f 754/276/981 755/275/980 748/262/966
f 753/272/977 758/283/989 759/282/988
f 750/265/970 751/269/974 760/284/990
f 752/268/973 747/263/967 761/264/969
f 748/262/968 755/275/982 765/278/984
f 759/282/988 767/285/991 766/277/983
f 760/284/990 751/269/974 763/271/976
f 764/270/975 761/264/969 770/287/993
f 762/286/992 765/278/984 774/289/997
f 767/285/991 776/291/999 773/288/996
f 768/290/998 763/271/976 771/227/995
f 778/248/952 779/292/1000 784/266/971
f 777/247/951 786/254/958 787/273/978
f 783/293/1001 792/281/987 789/294/1002
f 785/339/1053 790/258/962 791/280/986
f 733/236/939 730/234/936 778/248/952
f 731/233/935 738/251/955 786/254/958
f 743/256/960 790/258/962 785/339/1053
f 744/257/961 732/237/940 782/250/954
f 779/292/1000 746/259/963 749/267/972
f 780/260/964 787/273/978 754/276/981
f 788/274/979 791/280/986 758/283/989
f 792/281/987 783/293/1001 750/265/970
f 798/295/1003 796/336/1049 722/239/942
f 728/244/948 801/246/950 800/299/1007
f 729/243/947 803/302/1010 807/304/1012
f 806/28/748 793/27/747 797/296/1004
f 799/241/945 811/300/1008 810/297/1005
f 801/246/950 813/301/1009 812/308/1016
f 802/245/949 807/304/1012 815/306/1014
f 808/303/1011 797/296/1004 809/298/1006
f 811/300/1008 819/309/1017 818/340/1054
f 813/301/1009 821/311/1019 820/316/1024
f 814/310/1018 815/306/1014 823/313/1021
f 816/305/1013 809/298/1006 817/307/1015
f 818/340/1054 819/309/1017 827/317/1025
f 821/311/1019 829/319/1027 828/341/1055
f 823/313/1021 831/321/1029 830/325/1035
f 824/312/1020 817/307/1015 825/315/1023
f 826/314/1030 827/317/1032 835/324/1034
f 829/319/1027 837/326/1036 836/323/1033
f 830/325/1035 831/321/1029 839/328/1038
f 832/320/1028 825/315/1023 833/322/1031
f 835/324/1034 844/331/1042 842/228/1056
f 837/326/1036 846/333/1044 843/330/1041
f 838/332/1043 839/328/1038 848/334/1046
f 840/327/1037 833/322/1031 841/230/1040
f 707/217/921 708/216/920 709/218/922
f 718/104/824 719/103/823 720/135/857
f 734/252/956 735/207/907 736/206/906
f 703/208/909 741/343/1060 742/255/1059
f 794/212/914 795/211/913 796/336/1049
f 803/302/1010 804/215/918 805/26/746
f 712/67/786 742/255/1048 741/343/1060
f 690/86/802 713/199/902 712/67/786
f 714/219/923 632/347/780 633/344/779
f 720/135/857 725/58/778 724/242/946
f 707/217/921 633/344/779 635/138/858
f 775/338/1064 774/289/1067 773/288/1065
f 771/227/931 769/226/930 774/289/1067
f 844/331/76 843/330/76 846/333/76
f 848/334/76 842/228/76 844/331/76
f 704/210/912 794/212/914 805/26/746
f 602/348/1070 590/30/1074 851/349/1071
f 896/351/1073 895/429/1161 851/349/1071
f 642/145/1075 645/150/1286 886/352/1076
f 603/17/737 586/19/739 856/105/825
f 603/17/737 855/11/731 857/354/1081
f 586/19/739 647/357/5781 858/355/1082
f 979/356/1083 978/537/1283 858/355/1082
f 939/77/76 870/79/76 938/361/76
f 873/5/725 874/364/1089 875/363/1088
f 874/364/1089 877/366/1091 876/365/1090
f 877/366/1091 891/409/1139 890/367/1092
f 881/358/1093 883/369/1096 882/368/1094
f 883/369/1096 893/410/1140 892/370/1097
f 884/371/1098 887/408/1138 889/372/1099
f 897/374/1101 899/412/1142 898/375/1102
f 900/376/1103 901/414/1144 908/377/1104
f 903/379/1106 910/416/1146 909/380/1107
f 905/382/1109 912/417/1147 911/383/1110
f 906/385/1112 907/419/1149 914/386/1113
f 908/377/1104 916/421/1151 915/388/1115
f 909/380/1107 910/416/1146 918/389/1116
f 911/383/1110 912/417/1147 920/391/1118
f 914/386/1113 922/423/1153 921/393/1120
f 915/388/1115 916/421/1151 924/394/1121
f 918/389/1116 926/425/1155 925/396/1123
f 919/392/1119 920/391/1118 928/397/1124
f 921/393/1120 922/423/1153 930/399/1126
f 924/394/1121 931/428/1158 932/401/1128
f 925/396/1123 926/425/1155 933/78/1129
f 927/398/1125 928/397/1124 936/403/1131
f 930/399/1126 937/362/1160 938/361/1133
f 849/350/1072 850/360/1087 877/366/1091
f 874/364/1089 873/5/725 602/348/1070
f 871/76/795 875/363/1088 852/405/1134
f 883/369/1096 881/358/1093 639/146/1078
f 853/406/1136 884/371/1098 888/373/1100
f 887/408/1138 876/365/1090 890/367/1092
f 850/360/1087 860/411/1141 891/409/1139
f 853/406/1136 859/407/1137 893/410/1140
f 850/360/1087 894/359/1086 898/375/1102
f 899/412/1142 897/374/1101 882/368/1094
f 901/414/1144 902/381/1108 909/380/1107
f 862/415/1145 864/418/1148 910/416/1146
f 905/382/1109 861/413/1143 863/378/1105
f 906/385/1112 913/387/1114 864/418/1148
f 907/419/1149 904/384/1111 911/383/1110
f 908/377/1104 909/380/1107 917/390/1117
f 910/416/1146 864/418/1148 866/422/1152
f 912/417/1147 863/378/1105 865/420/1150
f 913/387/1114 921/393/1120 866/422/1152
f 914/386/1113 911/383/1110 919/392/1119
f 865/420/1150 915/388/1115 923/395/1122
f 916/421/1151 917/390/1117 925/396/1123
f 866/422/1152 868/426/1156 926/425/1155
f 920/391/1118 865/420/1150 867/424/1154
f 921/393/1120 929/400/1127 868/426/1156
f 922/423/1153 919/392/1119 927/398/1125
f 867/424/1154 923/395/1122 932/401/1128
f 924/394/1121 925/396/1123 934/402/1130
f 868/426/1156 870/79/1159 933/78/1129
f 928/397/1124 867/424/1154 869/427/1157
f 929/400/1127 938/361/1133 870/79/1159
f 930/399/1126 927/398/1125 935/404/1132
f 879/81/797 880/137/859 881/358/1085
f 885/353/1077 886/352/1076 887/408/1138
f 894/359/1086 895/429/1161 896/351/1073
f 894/359/1086 849/350/1072 851/349/1071
f 587/1/1162 878/80/1095 897/374/1101
f 635/138/858 880/137/859 879/81/797
f 881/358/1085 880/137/859 637/139/860
f 639/146/1078 885/353/1080 884/371/1098
f 935/404/76 940/430/76 939/77/76
f 940/430/76 931/428/76 934/402/76
f 936/403/76 869/427/76 940/430/76
f 932/401/76 931/428/76 940/430/76
f 942/431/1163 945/435/1167 944/432/1164
f 942/431/1163 941/451/1183 946/434/1166
f 949/436/1168 948/440/1172 951/437/1169
f 947/439/1171 952/452/1184 951/437/1169
f 954/441/1173 957/445/1177 956/442/1174
f 954/441/1173 953/453/1185 958/444/1176
f 961/446/1178 960/450/1182 963/447/1179
f 959/449/1181 964/454/1186 963/447/1179
f 889/372/1099 946/434/1166 941/451/1183
f 890/367/1092 891/409/1139 952/452/1184
f 893/410/1140 958/444/1176 953/453/1185
f 898/375/1102 899/412/1142 964/454/1186
f 943/433/1165 944/432/1164 901/414/1144
f 950/438/1170 903/379/1106 902/381/1108
f 955/443/1175 956/442/1174 905/382/1109
f 962/448/1180 907/419/1149 906/385/1112
f 859/407/1137 888/373/1100 941/451/1187
f 889/372/1099 890/367/1092 947/439/1171
f 891/409/1139 860/411/1141 970/456/1189
f 859/407/1137 965/455/1188 958/444/1176
f 860/411/1141 898/375/1102 959/449/1181
f 892/370/1097 953/453/1185 964/454/1186
f 967/457/1190 943/433/1193 900/376/1103
f 944/432/1164 949/436/1168 902/381/1108
f 968/458/1191 862/415/1145 903/379/1106
f 956/442/1174 967/457/1190 861/413/1143
f 961/446/1178 906/385/1112 862/415/1145
f 962/448/1180 955/443/1175 904/384/1111
f 942/431/1192 966/459/1194 965/455/1188
f 943/433/1193 967/457/1190 966/459/1194
f 945/435/1167 948/440/1172 949/436/1168
f 946/434/1166 947/439/1171 948/440/1172
f 950/438/1170 951/437/1169 969/460/1195
f 951/437/1169 952/452/1184 970/456/1189
f 953/453/1185 954/441/1173 963/447/1179
f 955/443/1175 962/448/1180 963/447/1179
f 957/445/1177 966/459/1194 967/457/1190
f 957/445/1177 958/444/1176 965/455/1188
f 960/450/1182 969/460/1195 970/456/1189
f 960/450/1182 961/446/1178 968/458/1191
f 972/461/1196 971/465/1281 638/140/861
f 1013/462/1197 1014/535/1197 1020/463/1197
f 971/465/1198 973/528/1267 975/466/1199
f 975/466/1199 1021/510/1248 1022/468/1201
f 976/469/1202 977/472/1205 1037/470/1203
f 977/472/1205 976/469/1202 980/106/826
f 981/473/1207 982/476/1210 1029/474/1208
f 982/476/1210 981/473/1207 984/477/1211
f 984/477/1213 998/531/1274 997/479/1214
f 986/480/1215 1035/518/1257 1036/481/1216
f 985/482/1217 988/530/1273 987/483/1218
f 987/483/1219 988/530/1273 1000/484/1220
f 990/486/1222 1041/521/1260 1042/487/1223
f 990/486/1222 989/488/1224 992/489/1225
f 991/490/1226 992/489/1225 1002/491/1227
f 993/493/1229 994/497/1233 1025/494/1230
f 993/493/1229 996/498/1234 995/496/1232
f 996/498/1234 1004/532/1275 1003/499/1235
f 997/479/1214 998/531/1274 1006/500/1236
f 1000/484/1220 1008/533/1276 1007/502/1238
f 1002/491/1227 1010/534/1277 1009/503/1239
f 1003/499/1235 1004/532/1275 1012/504/1240
f 1006/500/1236 1014/535/1278 1013/462/1242
f 1007/502/1238 1008/533/1276 1015/506/1243
f 1009/503/1239 1010/534/1277 1017/508/1245
f 1012/504/1240 1019/464/1279 1020/463/1247
f 1021/510/1248 1023/536/1280 1024/511/1249
f 1024/511/1250 1023/536/1280 1026/495/1231
f 1027/512/1251 1028/514/1253 1030/475/1209
f 1027/512/1251 1032/515/1254 1031/513/1252
f 1032/515/1254 1045/527/1266 1048/516/1255
f 1034/517/1256 1036/481/1216 1035/518/1257
f 1034/517/1256 1033/519/1258 1038/471/1204
f 1040/520/1259 1042/487/1223 1041/521/1260
f 1040/520/1259 1039/522/1261 1044/523/1262
f 1043/524/1263 1044/523/1262 1049/525/1264
f 1047/12/732 980/106/826 976/469/1202
f 973/528/1267 592/21/741 857/354/1081
f 641/142/1268 638/140/5786 1050/529/1269
f 641/142/1268 977/472/1205 979/356/1271
f 981/473/1207 986/480/1215 987/483/1218
f 990/486/1222 991/490/1226 988/530/1273
f 994/497/1233 995/496/1232 992/489/1225
f 993/493/1229 982/476/1210 983/478/1212
f 987/483/1219 999/485/1221 998/531/1274
f 991/490/1226 1001/492/1228 1000/484/1220
f 995/496/1232 1003/499/1235 1002/491/1227
f 996/498/1234 983/478/1212 997/479/1214
f 999/485/1221 1007/502/1238 1006/500/1236
f 1001/492/1228 1009/503/1239 1008/533/1276
f 1003/499/1235 1011/505/1241 1010/534/1277
f 1004/532/1275 997/479/1214 1005/501/1237
f 1007/502/1238 1016/507/1244 1014/535/1278
f 1008/533/1276 1009/503/1239 1018/509/1246
f 1011/505/1241 1020/463/1247 1017/508/1245
f 1005/501/1237 1013/462/1242 1019/464/1279
f 1031/513/1252 1048/516/1255 976/469/1202
f 977/472/1205 1049/525/1264 1044/523/1262
f 1051/526/1265 974/467/1200 1022/468/1201
f 1045/527/1266 1032/515/1254 1021/510/1248
f 1030/475/1209 1035/518/1257 986/480/1215
f 1041/521/1260 990/486/1222 985/482/1217
f 1025/494/1230 994/497/1233 989/488/1224
f 1026/495/1231 1029/474/1208 982/476/1210
f 1032/515/1254 1027/512/1251 1023/536/1280
f 1029/474/1208 1026/495/1231 1023/536/1280
f 1028/514/1253 1033/519/1258 1035/518/1257
f 1028/514/1253 1031/513/1252 1038/471/1204
f 1036/481/1216 1034/517/1256 1039/522/1261
f 1037/470/1203 1044/523/1262 1039/522/1261
f 1042/487/1223 1040/520/1259 1024/511/1250
f 1043/524/1263 1022/468/1201 1024/511/1249
f 1046/13/733 1047/12/732 1048/516/1255
f 854/107/827 1047/12/732 855/11/731
f 856/105/825 858/355/1082 978/537/1283
f 1046/13/733 1045/527/1266 857/354/1081
f 972/461/1196 593/16/736 592/21/741
f 1014/535/1197 1016/507/1197 1017/508/1197
f 1016/507/1197 1015/506/1197 1018/509/1197
f 1053/538/1287 1052/616/1297 1058/539/1288
f 1055/541/1290 1061/544/5787 1060/542/1291
f 1053/538/1293 1059/540/1294 1061/544/1294
f 1056/545/1296 1062/549/5788 1058/546/1288
f 1056/545/1298 1057/550/1419 1063/548/1299
f 1057/550/1300 1054/622/1292 1060/551/1291
f 1059/540/1302 1058/539/1309 1064/552/1303
f 1061/544/1305 1067/555/1314 1066/554/1306
f 1061/544/1294 1059/540/1294 1065/553/1294
f 1062/549/1308 1068/557/1316 1064/556/1303
f 1063/548/1299 1069/559/1299 1068/557/1299
f 1063/548/1310 1060/551/1307 1066/558/1306
f 1065/553/1304 1064/552/1303 1070/560/1312
f 1067/555/1314 1073/563/5789 1072/562/1315
f 1067/555/1294 1065/553/1294 1071/561/1294
f 1068/557/1316 1074/565/5790 1070/564/1312
f 1069/559/1299 1075/567/1299 1074/565/1299
f 1069/559/1311 1066/558/1306 1072/566/1315
f 1070/560/1312 1076/574/1322 1077/568/1318
f 1072/562/1315 1073/563/5789 1079/569/1319
f 1073/563/1294 1071/561/1294 1077/568/1294
f 1070/564/1312 1074/565/5790 1080/571/1321
f 1075/567/1299 1081/573/1299 1080/571/1299
f 1072/566/1315 1078/577/1320 1081/573/1323
f 1076/574/1322 1082/152/1328 1083/154/1324
f 1078/570/1320 1079/569/1319 1085/153/1325
f 1079/569/1294 1077/568/1294 1083/154/1294
f 1076/572/1322 1080/571/1321 1086/576/1327
f 1081/573/1299 1087/156/1299 1086/576/1299
f 1078/577/1320 1084/157/1326 1087/156/1329
f 663/180/1330 1088/579/1334 1089/578/1331
f 666/179/1333 1090/580/1350 1088/579/1334
f 618/42/1335 1091/581/5791 1090/580/1336
f 618/42/1338 614/39/1332 1089/578/1331
f 668/182/1340 665/584/1343 1092/582/1341
f 665/584/1343 615/41/1346 1094/585/1344
f 619/45/1345 1095/586/1356 1094/585/1344
f 619/45/1347 668/182/5792 1093/583/1348
f 1088/579/1334 1096/96/812 1097/98/814
f 1090/580/1350 1098/587/5793 1096/96/812
f 1090/580/1336 1091/581/5791 1099/97/1351
f 1091/581/1339 1089/578/1331 1097/98/814
f 1093/583/1342 1092/582/1341 1100/122/842
f 1092/582/1341 1094/585/1344 1102/588/1355
f 1095/586/1356 1103/123/5794 1102/588/1355
f 1093/583/1348 1101/124/5795 1103/123/1357
f 595/589/1358 1107/85/5796 1106/84/1359
f 595/589/1361 660/602/5797 1105/83/1362
f 579/590/1364 1106/84/5798 1109/89/1365
f 606/591/1367 1109/89/5799 1111/92/1368
f 614/593/1370 1113/95/5800 1112/176/1371
f 610/592/1373 1111/92/1373 1113/95/1373
f 594/595/1374 1117/114/5801 1116/113/1375
f 594/595/1377 578/597/5802 1114/112/1378
f 578/597/1380 607/598/5803 1119/116/1381
f 607/598/1383 611/599/5804 1121/118/1384
f 611/599/1386 615/600/1386 1123/120/1386
f 615/600/1387 665/607/5805 1122/121/1388
f 661/601/1390 1124/168/5806 1105/83/1391
f 661/603/1393 662/596/5807 1116/113/1394
f 664/604/1396 663/594/5808 1112/176/1397
f 664/606/1399 1128/177/5809 1122/121/1400
f 646/149/868 1129/623/1408 1132/608/1402
f 649/609/876 648/74/793 1138/610/1403
f 648/74/1294 645/150/1294 1132/608/1405
f 646/151/868 647/357/5782 1141/612/1407
f 650/108/1299 1144/614/1438 1141/612/1409
f 649/160/876 1135/628/1404 1144/614/1410
f 1134/615/1411 1131/644/1417 1052/616/1297
f 1140/617/1412 1055/541/1290 1054/543/1292
f 1134/615/1414 1053/538/1293 1055/541/1295
f 1143/619/1416 1056/545/1296 1052/547/1297
f 1143/619/1418 1146/621/1437 1057/550/1419
f 1146/621/1420 1137/645/1413 1054/622/1292
f 1129/623/1421 1130/646/1435 1133/624/1422
f 1130/625/1424 1131/644/1433 1134/615/1425
f 1133/624/1427 1139/633/1428 1138/610/1406
f 1133/626/1427 1134/615/1414 1140/617/1415
f 1135/628/1404 1136/647/1430 1145/629/1429
f 1136/630/1430 1137/645/1413 1146/621/1420
f 1136/632/1430 1139/627/1431 1140/617/1412
f 1135/611/1404 1138/610/1403 1139/633/1431
f 1130/635/1424 1142/638/5810 1143/619/1432
f 1129/613/1421 1141/612/5811 1142/636/1434
f 1142/638/1436 1145/631/1439 1146/621/1437
f 1142/636/1436 1141/612/1409 1144/614/1438
f 1160/1/1440 1163/30/1469 1164/2/1441
f 1169/4/1443 1170/205/1781 1162/3/1442
f 1446/5/1444 1445/75/1513 1158/6/1445
f 1164/2/1441 1163/30/1469 1156/8/1447
f 1168/10/1449 1169/4/1443 1164/2/1441
f 1161/14/1453 1171/346/1782 1172/15/1454
f 1176/17/1456 1173/31/1470 1157/18/1457
f 1166/16/1455 1153/23/1462 1155/20/1459
f 1166/16/1455 1172/15/1454 1167/22/1461
f 1169/4/1443 1168/10/1449 1152/24/1463
f 1378/26/1465 1367/212/1633 1366/27/1466
f 1172/15/1454 1149/130/1571 1151/29/1468
f 1163/30/1469 1175/348/1789 1174/7/1446
f 1173/31/1470 1176/17/1456 1165/21/1460
f 1152/24/1463 1179/35/1474 1178/32/1471
f 1151/29/1468 1149/130/1571 1177/33/1472
f 1179/35/1474 1183/639/5812 1182/36/1475
f 1180/34/1473 1177/33/1472 1181/37/1476
f 1182/36/1475 1183/639/5812 1187/39/1478
f 1181/37/1476 1185/44/1483 1188/41/1480
f 1186/40/1479 1187/39/1478 1191/42/1481
f 1185/44/1483 1189/48/1487 1192/45/1484
f 1190/43/1482 1191/42/1481 1195/46/1485
f 1189/48/1487 1193/52/1491 1196/49/1488
f 1194/47/1486 1195/46/1485 1199/50/1489
f 1193/52/1491 1197/56/1495 1200/53/1492
f 1198/51/1490 1199/50/1489 1203/54/1493
f 1197/56/1495 1201/70/1508 1204/57/1496
f 1298/58/1497 1293/135/1576 1206/59/1498
f 1249/61/1500 1252/190/1504 1251/62/1501
f 1249/64/1500 1248/100/1537 1253/65/1503
f 1269/69/1507 1272/102/1540 1204/57/1496
f 1230/71/1509 1233/165/1598 1168/10/1449
f 1230/71/1509 1154/9/1448 1156/8/1447
f 1224/73/1511 1174/7/1446 1158/6/1445
f 1221/74/1512 1158/6/1445 1445/75/1513
f 1512/77/76 1507/402/76 1506/78/76
f 1678/83/1518 1677/88/1523 1679/84/1519
f 1227/72/1510 1156/8/1447 1174/7/1446
f 1263/86/1521 1150/25/1464 1178/32/1471
f 1677/88/1523 1681/91/1526 1682/89/1524
f 1260/87/1522 1178/32/1471 1182/36/1475
f 1681/91/1526 1683/94/1529 1684/92/1527
f 1257/90/1525 1182/36/1475 1186/40/1479
f 1683/94/1529 1685/176/1605 1686/95/1530
f 1251/62/1501 1254/93/1528 1186/40/1479
f 1669/96/1531 1671/587/5813 1672/97/1532
f 1250/63/1502 1251/62/1501 1190/43/1482
f 1191/42/1534 1239/179/1608 1242/99/1535
f 1248/100/1537 1266/101/1539 1197/56/1495
f 1242/99/1535 1245/187/1614 1199/50/1538
f 1266/101/1539 1269/69/1507 1201/70/1508
f 1272/102/1540 1247/126/1567 1200/53/1541
f 1161/14/1453 1209/345/1780 1292/103/1542
f 1223/108/1547 1220/357/5814 1159/19/1458
f 1226/109/1548 1223/108/1547 1157/18/1457
f 1229/110/1549 1226/109/1548 1173/31/1470
f 1232/111/1550 1229/110/1549 1155/20/1459
f 1167/22/1461 1235/166/1599 1232/111/1550
f 1687/112/1551 1688/115/1554 1689/113/1552
f 1688/115/1554 1687/112/1551 1692/116/1555
f 1691/117/1556 1692/116/1555 1694/118/1557
f 1693/119/1558 1694/118/1557 1696/120/1559
f 1673/122/1561 1675/588/2074 1676/123/1562
f 1244/125/1564 1241/182/1610 1192/45/1565
f 1244/125/1564 1196/49/1566 1200/53/1541
f 1189/48/1487 1253/65/1503 1248/100/1537
f 1185/44/1483 1256/191/1616 1253/65/1503
f 1259/127/1568 1256/191/1616 1185/44/1483
f 1262/128/1569 1259/127/1568 1181/37/1476
f 1265/129/1570 1262/128/1569 1177/33/1472
f 1300/131/1572 1299/222/1645 1265/129/1570
f 1250/63/1502 1194/47/1486 1198/51/1490
f 1268/132/1573 1198/51/1490 1202/55/1494
f 1271/133/1574 1202/55/1494 1203/54/1493
f 1199/50/1538 1245/187/1614 1274/134/1575
f 1293/135/1576 1209/345/1780 1208/136/1577
f 1208/136/1577 1209/345/1780 1211/140/1580
f 1210/141/1579 1211/140/1580 1214/142/1581
f 1213/144/1582 1216/640/1586 1215/145/1583
f 1213/143/1582 1214/142/1581 1217/147/1585
f 1215/145/1583 1216/640/1586 1219/149/1587
f 1217/147/1585 1220/357/5815 1219/151/1587
f 1655/152/1589 1657/575/1593 1658/153/1590
f 1655/155/1589 1659/576/5816 1660/156/1592
f 1221/74/1512 1222/609/1595 1225/158/1594
f 1223/108/1547 1226/109/1548 1225/159/1594
f 1224/73/1511 1225/158/1594 1228/161/1596
f 1226/109/1548 1229/110/1549 1228/162/1596
f 1227/72/1510 1228/161/1596 1231/163/1597
f 1229/110/1549 1232/111/1550 1231/164/1597
f 1231/163/1597 1234/641/1600 1233/165/1598
f 1231/164/1597 1232/111/1550 1235/166/1599
f 1697/168/1601 1698/171/1602 1677/88/1523
f 1697/169/1601 1689/113/1552 1688/115/1554
f 1698/171/1602 1699/173/1603 1681/91/1526
f 1698/170/1602 1688/115/1554 1691/117/1556
f 1699/173/1603 1700/175/1604 1683/94/1529
f 1699/172/1603 1691/117/1556 1693/119/1558
f 1700/175/1604 1701/605/1606 1685/176/1605
f 1700/174/1604 1693/119/1558 1695/121/1560
f 1237/178/1607 1240/642/1611 1239/179/1608
f 1237/181/1607 1238/584/5817 1241/182/1610
f 1239/179/1608 1240/642/1611 1243/184/1612
f 1241/182/1610 1244/125/1564 1243/185/1612
f 1242/99/1535 1243/184/1612 1246/186/1613
f 1244/125/1564 1247/126/1567 1246/188/1613
f 1249/64/1500 1267/200/1615 1266/101/1539
f 1249/61/1500 1250/63/1502 1268/132/1573
f 1252/190/1504 1255/643/1617 1254/93/1528
f 1252/66/1504 1253/65/1503 1256/191/1616
f 1254/93/1528 1255/643/1617 1258/193/1618
f 1256/191/1616 1259/127/1568 1258/194/1618
f 1257/90/1525 1258/193/1618 1261/195/1619
f 1259/127/1568 1262/128/1569 1261/196/1619
f 1260/87/1522 1261/195/1619 1264/197/1620
f 1262/128/1569 1265/129/1570 1264/198/1620
f 1267/200/1615 1270/202/1622 1269/69/1507
f 1267/189/1615 1268/132/1573 1271/133/1574
f 1270/202/1622 1273/204/1623 1272/102/1540
f 1270/201/1622 1271/133/1574 1274/134/1575
f 1245/187/1614 1246/186/1613 1273/203/1623
f 1247/126/1567 1272/102/1540 1273/204/1623
f 1170/205/1624 1169/4/1627 1309/206/1625
f 1169/4/1627 1150/25/1630 1276/208/1628
f 1148/68/1506 1314/343/1779 1276/208/1628
f 1277/210/1631 1171/346/1787 1368/211/1632
f 1172/15/1638 1277/210/1631 1278/213/1635
f 1281/216/1639 1207/82/1517 1162/3/1442
f 1287/219/1642 1280/217/1640 1279/220/1643
f 1345/225/1648 1343/287/5818 1342/226/1649
f 1415/228/76 1421/334/76 1420/229/76
f 1279/220/1651 1282/218/1788 1284/231/1652
f 1283/232/1653 1284/231/1652 1304/233/1654
f 1288/221/1644 1290/335/1766 1289/235/1656
f 1289/235/1657 1290/335/1766 1306/236/1658
f 1294/238/1660 1296/240/1663 1295/239/1661
f 1296/240/1663 1373/299/1726 1372/241/1664
f 1297/242/1665 1300/131/1572 1302/243/1666
f 1301/244/1667 1302/243/1666 1375/245/1668
f 1303/234/1655 1304/233/1654 1350/247/1670
f 1305/237/1659 1306/236/1658 1354/249/1672
f 1310/224/1647 1312/253/1676 1311/251/1674
f 1312/253/1676 1358/339/1772 1359/254/1677
f 1315/255/1678 1317/257/1680 1316/256/1679
f 1317/257/1680 1362/294/1721 1363/258/1681
f 1319/259/1682 1352/292/1719 1353/260/1683
f 1319/259/1682 1318/261/1684 1321/262/1685
f 1321/262/1687 1335/286/1711 1334/264/1688
f 1323/265/1689 1356/293/1720 1357/266/1690
f 1323/265/1689 1322/267/1691 1325/268/1692
f 1324/269/1693 1325/268/1692 1337/270/1694
f 1326/272/1696 1327/276/1700 1360/273/1697
f 1326/272/1696 1329/337/1769 1328/275/1699
f 1328/275/1701 1329/337/1769 1339/277/1702
f 1330/279/1704 1331/283/1708 1364/280/1705
f 1330/279/1704 1333/284/1709 1332/282/1707
f 1333/284/1709 1341/290/1717 1340/285/1710
f 1335/286/1711 1342/226/1770 1343/287/1712
f 1336/271/1695 1337/270/1694 1345/225/1713
f 1338/278/1703 1339/277/1702 1346/288/1715
f 1341/290/1717 1348/338/1771 1349/291/1718
f 1350/247/1670 1353/260/1683 1352/292/1719
f 1354/249/1672 1357/266/1690 1356/293/1720
f 1359/254/1677 1358/339/1772 1361/274/1698
f 1362/294/1721 1365/281/1706 1364/280/1705
f 1366/27/1466 1369/336/1768 1371/295/1722
f 1370/296/1723 1371/295/1722 1383/297/1724
f 1373/299/1726 1385/308/1735 1384/300/1727
f 1375/245/1668 1387/310/1737 1386/301/1728
f 1376/302/1729 1379/28/1467 1381/303/1730
f 1380/304/1731 1381/303/1730 1389/305/1732
f 1383/297/1724 1391/340/1773 1390/307/1734
f 1385/308/1735 1393/316/1743 1392/309/1736
f 1387/310/1737 1395/318/1745 1394/311/1738
f 1388/306/1733 1389/305/1732 1397/312/1739
f 1390/307/1734 1391/340/1773 1399/314/1741
f 1393/316/1743 1401/341/1774 1400/317/1744
f 1395/318/1745 1403/325/1754 1402/319/1746
f 1396/313/1740 1397/312/1739 1405/320/1747
f 1399/314/1749 1407/329/1758 1406/322/1750
f 1400/317/1751 1401/341/1774 1409/323/1752
f 1403/325/1754 1411/332/1762 1410/326/1755
f 1404/321/1748 1405/320/1747 1413/327/1756
f 1407/329/1758 1415/228/1775 1414/230/1759
f 1408/324/1753 1409/323/1752 1416/330/1760
f 1411/332/1762 1418/342/1776 1419/333/1763
f 1412/328/1757 1413/327/1756 1420/229/1764
f 1290/335/1766 1288/221/1644 1279/220/1651
f 1284/231/1652 1282/218/1788 1308/207/1626
f 1368/211/1632 1291/104/1662 1295/239/1661
f 1296/240/1663 1294/238/1660 1297/242/1665
f 1302/243/1666 1300/131/1572 1377/215/1637
f 1290/335/1766 1283/232/1653 1303/234/1655
f 1284/231/1652 1307/252/1675 1311/251/1674
f 1312/253/1676 1310/224/1647 1313/223/1646
f 1317/257/1680 1315/255/1678 1289/235/1657
f 1322/267/1691 1319/259/1682 1320/263/1686
f 1327/276/1700 1328/275/1699 1321/262/1685
f 1326/272/1696 1331/283/1708 1332/282/1707
f 1323/265/1689 1324/269/1693 1333/284/1709
f 1325/268/1692 1320/263/1686 1334/264/1688
f 1321/262/1687 1328/275/1701 1338/278/1703
f 1332/282/1707 1340/285/1710 1339/277/1702
f 1333/284/1709 1324/269/1693 1336/271/1695
f 1337/270/1694 1334/264/1688 1343/287/1712
f 1335/286/1711 1338/278/1703 1347/289/1716
f 1340/285/1710 1349/291/1718 1346/288/1715
f 1341/290/1717 1336/271/1695 1344/227/1714
f 1351/248/1671 1352/292/1719 1357/266/1690
f 1350/247/1670 1359/254/1677 1360/273/1697
f 1356/293/1720 1365/281/1706 1362/294/1721
f 1358/339/1772 1363/258/1681 1364/280/1705
f 1306/236/1658 1303/234/1655 1351/248/1671
f 1304/233/1654 1311/251/1674 1359/254/1677
f 1316/256/1679 1363/258/1681 1358/339/1772
f 1317/257/1680 1305/237/1659 1355/250/1673
f 1352/292/1719 1319/259/1682 1322/267/1691
f 1353/260/1683 1360/273/1697 1327/276/1700
f 1361/274/1698 1364/280/1705 1331/283/1708
f 1365/281/1706 1356/293/1720 1323/265/1689
f 1371/295/1722 1369/336/1768 1295/239/1661
f 1301/244/1667 1374/246/1669 1373/299/1726
f 1302/243/1666 1376/302/1729 1380/304/1731
f 1379/28/1467 1366/27/1466 1370/296/1723
f 1372/241/1664 1384/300/1727 1383/297/1724
f 1374/246/1669 1386/301/1728 1385/308/1735
f 1375/245/1668 1380/304/1731 1388/306/1733
f 1381/303/1730 1370/296/1723 1382/298/1725
f 1384/300/1727 1392/309/1736 1391/340/1773
f 1386/301/1728 1394/311/1738 1393/316/1743
f 1387/310/1737 1388/306/1733 1396/313/1740
f 1389/305/1732 1382/298/1725 1390/307/1734
f 1391/340/1773 1392/309/1736 1400/317/1744
f 1394/311/1738 1402/319/1746 1401/341/1774
f 1396/313/1740 1404/321/1748 1403/325/1754
f 1397/312/1739 1390/307/1734 1398/315/1742
f 1399/314/1749 1400/317/1751 1408/324/1753
f 1402/319/1746 1410/326/1755 1409/323/1752
f 1403/325/1754 1404/321/1748 1412/328/1757
f 1405/320/1747 1398/315/1742 1406/322/1750
f 1408/324/1753 1417/331/1761 1415/228/1775
f 1410/326/1755 1419/333/1763 1416/330/1760
f 1411/332/1762 1412/328/1757 1421/334/1765
f 1413/327/1756 1406/322/1750 1414/230/1759
f 1280/217/1640 1281/216/1639 1282/218/1641
f 1291/104/1543 1292/103/1542 1293/135/1576
f 1307/252/1675 1308/207/1626 1309/206/1625
f 1276/208/1628 1314/343/1779 1315/255/1778
f 1367/212/1633 1368/211/1632 1369/336/1768
f 1376/302/1729 1377/215/1637 1378/26/1465
f 1285/67/1505 1315/255/1767 1314/343/1779
f 1263/86/1521 1286/199/1621 1285/67/1505
f 1287/219/1642 1205/347/1499 1206/344/1498
f 1293/135/1576 1298/58/1497 1297/242/1665
f 1280/217/1640 1206/344/1498 1208/138/1577
f 1348/338/1783 1347/289/1786 1346/288/1784
f 1344/227/1650 1342/226/1649 1347/289/1786
f 1417/331/76 1416/330/76 1419/333/76
f 1421/334/76 1415/228/76 1417/331/76
f 1277/210/1631 1367/212/1633 1378/26/1465
f 1175/348/1789 1163/30/1793 1424/349/1790
f 1469/351/1792 1468/429/1880 1424/349/1790
f 1215/145/1794 1218/150/2005 1459/352/1795
f 1176/17/1456 1159/19/1458 1429/105/1544
f 1176/17/1456 1428/11/1450 1430/354/1800
f 1159/19/1458 1220/357/5814 1431/355/1801
f 1552/356/1802 1551/537/2002 1431/355/1801
f 1512/77/76 1443/79/76 1511/361/76
f 1446/5/1444 1447/364/1808 1448/363/1807
f 1447/364/1808 1450/366/1810 1449/365/1809
f 1450/366/1810 1464/409/1858 1463/367/1811
f 1454/358/1812 1456/369/1815 1455/368/1813
f 1456/369/1815 1466/410/1859 1465/370/1816
f 1457/371/1817 1460/408/1857 1462/372/1818
f 1470/374/1820 1472/412/1861 1471/375/1821
f 1473/376/1822 1474/414/1863 1481/377/1823
f 1476/379/1825 1483/416/1865 1482/380/1826
f 1478/382/1828 1485/417/1866 1484/383/1829
f 1479/385/1831 1480/419/1868 1487/386/1832
f 1481/377/1823 1489/421/1870 1488/388/1834
f 1482/380/1826 1483/416/1865 1491/389/1835
f 1484/383/1829 1485/417/1866 1493/391/1837
f 1487/386/1832 1495/423/1872 1494/393/1839
f 1488/388/1834 1489/421/1870 1497/394/1840
f 1491/389/1835 1499/425/1874 1498/396/1842
f 1492/392/1838 1493/391/1837 1501/397/1843
f 1494/393/1839 1495/423/1872 1503/399/1845
f 1497/394/1840 1504/428/1877 1505/401/1847
f 1498/396/1842 1499/425/1874 1506/78/1848
f 1500/398/1844 1501/397/1843 1509/403/1850
f 1503/399/1845 1510/362/1879 1511/361/1852
f 1422/350/1791 1423/360/1806 1450/366/1810
f 1447/364/1808 1446/5/1444 1175/348/1789
f 1444/76/1514 1448/363/1807 1425/405/1853
f 1456/369/1815 1454/358/1812 1212/146/1797
f 1426/406/1855 1457/371/1817 1461/373/1819
f 1460/408/1857 1449/365/1809 1463/367/1811
f 1423/360/1806 1433/411/1860 1464/409/1858
f 1426/406/1855 1432/407/1856 1466/410/1859
f 1423/360/1806 1467/359/1805 1471/375/1821
f 1472/412/1861 1470/374/1820 1455/368/1813
f 1474/414/1863 1475/381/1827 1482/380/1826
f 1435/415/1864 1437/418/1867 1483/416/1865
f 1478/382/1828 1434/413/1862 1436/378/1824
f 1479/385/1831 1486/387/1833 1437/418/1867
f 1480/419/1868 1477/384/1830 1484/383/1829
f 1481/377/1823 1482/380/1826 1490/390/1836
f 1483/416/1865 1437/418/1867 1439/422/1871
f 1485/417/1866 1436/378/1824 1438/420/1869
f 1486/387/1833 1494/393/1839 1439/422/1871
f 1487/386/1832 1484/383/1829 1492/392/1838
f 1438/420/1869 1488/388/1834 1496/395/1841
f 1489/421/1870 1490/390/1836 1498/396/1842
f 1439/422/1871 1441/426/1875 1499/425/1874
f 1493/391/1837 1438/420/1869 1440/424/1873
f 1494/393/1839 1502/400/1846 1441/426/1875
f 1495/423/1872 1492/392/1838 1500/398/1844
f 1440/424/1873 1496/395/1841 1505/401/1847
f 1497/394/1840 1498/396/1842 1507/402/1849
f 1441/426/1875 1443/79/1878 1506/78/1848
f 1501/397/1843 1440/424/1873 1442/427/1876
f 1502/400/1846 1511/361/1852 1443/79/1878
f 1503/399/1845 1500/398/1844 1508/404/1851
f 1452/81/1516 1453/137/1578 1454/358/1804
f 1458/353/1796 1459/352/1795 1460/408/1857
f 1467/359/1805 1468/429/1880 1469/351/1792
f 1467/359/1805 1422/350/1791 1424/349/1790
f 1160/1/1881 1451/80/1814 1470/374/1820
f 1208/138/1577 1453/137/1578 1452/81/1516
f 1454/358/1804 1453/137/1578 1210/139/1579
f 1212/146/1797 1458/353/1799 1457/371/1817
f 1508/404/76 1513/430/76 1512/77/76
f 1513/430/76 1504/428/76 1507/402/76
f 1509/403/76 1442/427/76 1513/430/76
f 1505/401/76 1504/428/76 1513/430/76
f 1515/431/1882 1518/435/1886 1517/432/1883
f 1515/431/1882 1514/451/1902 1519/434/1885
f 1522/436/1887 1521/440/1891 1524/437/1888
f 1520/439/1890 1525/452/1903 1524/437/1888
f 1527/441/1892 1530/445/1896 1529/442/1893
f 1527/441/1892 1526/453/1904 1531/444/1895
f 1534/446/1897 1533/450/1901 1536/447/1898
f 1532/449/1900 1537/454/1905 1536/447/1898
f 1462/372/1818 1519/434/1885 1514/451/1902
f 1463/367/1811 1464/409/1858 1525/452/1903
f 1466/410/1859 1531/444/1895 1526/453/1904
f 1471/375/1821 1472/412/1861 1537/454/1905
f 1516/433/1884 1517/432/1883 1474/414/1863
f 1523/438/1889 1476/379/1825 1475/381/1827
f 1528/443/1894 1529/442/1893 1478/382/1828
f 1535/448/1899 1480/419/1868 1479/385/1831
f 1432/407/1856 1461/373/1819 1514/451/1906
f 1462/372/1818 1463/367/1811 1520/439/1890
f 1464/409/1858 1433/411/1860 1543/456/1908
f 1432/407/1856 1538/455/1907 1531/444/1895
f 1433/411/1860 1471/375/1821 1532/449/1900
f 1465/370/1816 1526/453/1904 1537/454/1905
f 1540/457/1909 1516/433/1912 1473/376/1822
f 1517/432/1883 1522/436/1887 1475/381/1827
f 1541/458/1910 1435/415/1864 1476/379/1825
f 1529/442/1893 1540/457/1909 1434/413/1862
f 1534/446/1897 1479/385/1831 1435/415/1864
f 1535/448/1899 1528/443/1894 1477/384/1830
f 1515/431/1911 1539/459/1913 1538/455/1907
f 1516/433/1912 1540/457/1909 1539/459/1913
f 1518/435/1886 1521/440/1891 1522/436/1887
f 1519/434/1885 1520/439/1890 1521/440/1891
f 1523/438/1889 1524/437/1888 1542/460/1914
f 1524/437/1888 1525/452/1903 1543/456/1908
f 1526/453/1904 1527/441/1892 1536/447/1898
f 1528/443/1894 1535/448/1899 1536/447/1898
f 1530/445/1896 1539/459/1913 1540/457/1909
f 1530/445/1896 1531/444/1895 1538/455/1907
f 1533/450/1901 1542/460/1914 1543/456/1908
f 1533/450/1901 1534/446/1897 1541/458/1910
f 1545/461/1915 1544/465/2000 1211/140/1580
f 1586/462/1916 1587/535/1916 1593/463/1916
f 1544/465/1917 1546/528/1986 1548/466/1918
f 1548/466/1918 1594/510/1967 1595/468/1920
f 1549/469/1921 1550/472/1924 1610/470/1922
f 1550/472/1924 1549/469/1921 1553/106/1545
f 1554/473/1926 1555/476/1929 1602/474/1927
f 1555/476/1929 1554/473/1926 1557/477/1930
f 1557/477/1932 1571/531/1993 1570/479/1933
f 1559/480/1934 1608/518/1976 1609/481/1935
f 1558/482/1936 1561/530/1992 1560/483/1937
f 1560/483/1938 1561/530/1992 1573/484/1939
f 1563/486/1941 1614/521/1979 1615/487/1942
f 1563/486/1941 1562/488/1943 1565/489/1944
f 1564/490/1945 1565/489/1944 1575/491/1946
f 1566/493/1948 1567/497/1952 1598/494/1949
f 1566/493/1948 1569/498/1953 1568/496/1951
f 1569/498/1953 1577/532/1994 1576/499/1954
f 1570/479/1933 1571/531/1993 1579/500/1955
f 1573/484/1939 1581/533/1995 1580/502/1957
f 1575/491/1946 1583/534/1996 1582/503/1958
f 1576/499/1954 1577/532/1994 1585/504/1959
f 1579/500/1955 1587/535/1997 1586/462/1961
f 1580/502/1957 1581/533/1995 1588/506/1962
f 1582/503/1958 1583/534/1996 1590/508/1964
f 1585/504/1959 1592/464/1998 1593/463/1966
f 1594/510/1967 1596/536/1999 1597/511/1968
f 1597/511/1969 1596/536/1999 1599/495/1950
f 1600/512/1970 1601/514/1972 1603/475/1928
f 1600/512/1970 1605/515/1973 1604/513/1971
f 1605/515/1973 1618/527/1985 1621/516/1974
f 1607/517/1975 1609/481/1935 1608/518/1976
f 1607/517/1975 1606/519/1977 1611/471/1923
f 1613/520/1978 1615/487/1942 1614/521/1979
f 1613/520/1978 1612/522/1980 1617/523/1981
f 1616/524/1982 1617/523/1981 1622/525/1983
f 1620/12/1451 1553/106/1545 1549/469/1921
f 1546/528/1986 1165/21/1460 1430/354/1800
f 1214/142/1987 1211/140/5819 1623/529/1988
f 1214/142/1987 1550/472/1924 1552/356/1990
f 1554/473/1926 1559/480/1934 1560/483/1937
f 1563/486/1941 1564/490/1945 1561/530/1992
f 1567/497/1952 1568/496/1951 1565/489/1944
f 1566/493/1948 1555/476/1929 1556/478/1931
f 1560/483/1938 1572/485/1940 1571/531/1993
f 1564/490/1945 1574/492/1947 1573/484/1939
f 1568/496/1951 1576/499/1954 1575/491/1946
f 1569/498/1953 1556/478/1931 1570/479/1933
f 1572/485/1940 1580/502/1957 1579/500/1955
f 1574/492/1947 1582/503/1958 1581/533/1995
f 1576/499/1954 1584/505/1960 1583/534/1996
f 1577/532/1994 1570/479/1933 1578/501/1956
f 1580/502/1957 1589/507/1963 1587/535/1997
f 1581/533/1995 1582/503/1958 1591/509/1965
f 1584/505/1960 1593/463/1966 1590/508/1964
f 1578/501/1956 1586/462/1961 1592/464/1998
f 1604/513/1971 1621/516/1974 1549/469/1921
f 1550/472/1924 1622/525/1983 1617/523/1981
f 1624/526/1984 1547/467/1919 1595/468/1920
f 1618/527/1985 1605/515/1973 1594/510/1967
f 1603/475/1928 1608/518/1976 1559/480/1934
f 1614/521/1979 1563/486/1941 1558/482/1936
f 1598/494/1949 1567/497/1952 1562/488/1943
f 1599/495/1950 1602/474/1927 1555/476/1929
f 1605/515/1973 1600/512/1970 1596/536/1999
f 1602/474/1927 1599/495/1950 1596/536/1999
f 1601/514/1972 1606/519/1977 1608/518/1976
f 1601/514/1972 1604/513/1971 1611/471/1923
f 1609/481/1935 1607/517/1975 1612/522/1980
f 1610/470/1922 1617/523/1981 1612/522/1980
f 1615/487/1942 1613/520/1978 1597/511/1969
f 1616/524/1982 1595/468/1920 1597/511/1968
f 1619/13/1452 1620/12/1451 1621/516/1974
f 1427/107/1546 1620/12/1451 1428/11/1450
f 1429/105/1544 1431/355/1801 1551/537/2002
f 1619/13/1452 1618/527/1985 1430/354/1800
f 1545/461/1915 1166/16/1455 1165/21/1460
f 1587/535/1916 1589/507/1916 1590/508/1916
f 1589/507/1916 1588/506/1916 1591/509/1916
f 1626/538/2006 1625/616/2016 1631/539/2007
f 1628/541/2009 1634/544/5820 1633/542/2010
f 1626/538/2012 1632/540/2013 1634/544/2013
f 1629/545/2015 1635/549/5821 1631/546/2007
f 1629/545/2017 1630/550/2138 1636/548/2018
f 1630/550/2019 1627/622/2011 1633/551/2010
f 1632/540/2021 1631/539/2028 1637/552/2022
f 1634/544/2024 1640/555/2033 1639/554/2025
f 1634/544/2013 1632/540/2013 1638/553/2013
f 1635/549/2027 1641/557/2035 1637/556/2022
f 1636/548/2018 1642/559/2018 1641/557/2018
f 1636/548/2029 1633/551/2026 1639/558/2025
f 1638/553/2023 1637/552/2022 1643/560/2031
f 1640/555/2033 1646/563/5822 1645/562/2034
f 1640/555/2013 1638/553/2013 1644/561/2013
f 1641/557/2035 1647/565/5823 1643/564/2031
f 1642/559/2018 1648/567/2018 1647/565/2018
f 1642/559/2030 1639/558/2025 1645/566/2034
f 1643/560/2031 1649/574/2041 1650/568/2037
f 1645/562/2034 1646/563/5822 1652/569/2038
f 1646/563/2013 1644/561/2013 1650/568/2013
f 1643/564/2031 1647/565/5823 1653/571/2040
f 1648/567/2018 1654/573/2018 1653/571/2018
f 1645/566/2034 1651/577/2039 1654/573/2042
f 1649/574/2041 1655/152/2047 1656/154/2043
f 1651/570/2039 1652/569/2038 1658/153/2044
f 1652/569/2013 1650/568/2013 1656/154/2013
f 1649/572/2041 1653/571/2040 1659/576/2046
f 1654/573/2018 1660/156/2018 1659/576/2018
f 1651/577/2039 1657/157/2045 1660/156/2048
f 1236/180/2049 1661/579/2053 1662/578/2050
f 1239/179/2052 1663/580/2069 1661/579/2053
f 1191/42/2054 1664/581/5824 1663/580/2055
f 1191/42/2057 1187/39/2051 1662/578/2050
f 1241/182/2059 1238/584/2062 1665/582/2060
f 1238/584/2062 1188/41/2065 1667/585/2063
f 1192/45/2064 1668/586/2075 1667/585/2063
f 1192/45/2066 1241/182/5825 1666/583/2067
f 1661/579/2053 1669/96/1531 1670/98/1533
f 1663/580/2069 1671/587/5826 1669/96/1531
f 1663/580/2055 1664/581/5824 1672/97/2070
f 1664/581/2058 1662/578/2050 1670/98/1533
f 1666/583/2061 1665/582/2060 1673/122/1561
f 1665/582/2060 1667/585/2063 1675/588/2074
f 1668/586/2075 1676/123/5827 1675/588/2074
f 1666/583/2067 1674/124/5828 1676/123/2076
f 1168/589/2077 1680/85/5829 1679/84/2078
f 1168/589/2080 1233/602/5830 1678/83/2081
f 1152/590/2083 1679/84/5831 1682/89/2084
f 1179/591/2086 1682/89/5832 1684/92/2087
f 1187/593/2089 1686/95/5833 1685/176/2090
f 1183/592/2092 1684/92/2092 1686/95/2092
f 1167/595/2093 1690/114/5834 1689/113/2094
f 1167/595/2096 1151/597/5835 1687/112/2097
f 1151/597/2099 1180/598/5836 1692/116/2100
f 1180/598/2102 1184/599/5837 1694/118/2103
f 1184/599/2105 1188/600/2105 1696/120/2105
f 1188/600/2106 1238/607/5838 1695/121/2107
f 1234/601/2109 1697/168/5839 1678/83/2110
f 1234/603/2112 1235/596/5840 1689/113/2113
f 1237/604/2115 1236/594/5841 1685/176/2116
f 1237/606/2118 1701/177/5842 1695/121/2119
f 1219/149/1587 1702/623/2127 1705/608/2121
f 1222/609/1595 1221/74/1512 1711/610/2122
f 1221/74/2013 1218/150/2013 1705/608/2124
f 1219/151/1587 1220/357/5815 1714/612/2126
f 1223/108/2018 1717/614/2157 1714/612/2128
f 1222/160/1595 1708/628/2123 1717/614/2129
f 1707/615/2130 1704/644/2136 1625/616/2016
f 1713/617/2131 1628/541/2009 1627/543/2011
f 1707/615/2133 1626/538/2012 1628/541/2014
f 1716/619/2135 1629/545/2015 1625/547/2016
f 1716/619/2137 1719/621/2156 1630/550/2138
f 1719/621/2139 1710/645/2132 1627/622/2011
f 1702/623/2140 1703/646/2154 1706/624/2141
f 1703/625/2143 1704/644/2152 1707/615/2144
f 1706/624/2146 1712/633/2147 1711/610/2125
f 1706/626/2146 1707/615/2133 1713/617/2134
f 1708/628/2123 1709/647/2149 1718/629/2148
f 1709/630/2149 1710/645/2132 1719/621/2139
f 1709/632/2149 1712/627/2150 1713/617/2131
f 1708/611/2123 1711/610/2122 1712/633/2150
f 1703/635/2143 1715/638/5843 1716/619/2151
f 1702/613/2140 1714/612/5844 1715/636/2153
f 1715/638/2155 1718/631/2158 1719/621/2156
f 1715/636/2155 1714/612/2128 1717/614/2157
f 1733/1/2159 1736/30/2188 1737/2/2160
f 1742/4/2162 1743/205/2500 1735/3/2161
f 2019/5/2163 2018/75/2232 1731/6/2164
f 1737/2/2160 1736/30/2188 1729/8/2166
f 1741/10/2168 1742/4/2162 1737/2/2160
f 1734/14/2172 1744/346/2501 1745/15/2173
f 1749/17/2175 1746/31/2189 1730/18/2176
f 1739/16/2174 1726/23/2181 1728/20/2178
f 1739/16/2174 1745/15/2173 1740/22/2180
f 1742/4/2162 1741/10/2168 1725/24/2182
f 1951/26/2184 1940/212/2352 1939/27/2185
f 1745/15/2173 1722/130/2290 1724/29/2187
f 1736/30/2188 1748/348/2508 1747/7/2165
f 1746/31/2189 1749/17/2175 1738/21/2179
f 1725/24/2182 1752/35/2193 1751/32/2190
f 1724/29/2187 1722/130/2290 1750/33/2191
f 1752/35/2193 1756/639/5845 1755/36/2194
f 1753/34/2192 1750/33/2191 1754/37/2195
f 1755/36/2194 1756/639/5845 1760/39/2197
f 1754/37/2195 1758/44/2202 1761/41/2199
f 1759/40/2198 1760/39/2197 1764/42/2200
f 1758/44/2202 1762/48/2206 1765/45/2203
f 1763/43/2201 1764/42/2200 1768/46/2204
f 1762/48/2206 1766/52/2210 1769/49/2207
f 1767/47/2205 1768/46/2204 1772/50/2208
f 1766/52/2210 1770/56/2214 1773/53/2211
f 1771/51/2209 1772/50/2208 1776/54/2212
f 1770/56/2214 1774/70/2227 1777/57/2215
f 1871/58/2216 1866/135/2295 1779/59/2217
f 1822/61/2219 1825/190/2223 1824/62/2220
f 1822/64/2219 1821/100/2256 1826/65/2222
f 1842/69/2226 1845/102/2259 1777/57/2215
f 1803/71/2228 1806/165/2317 1741/10/2168
f 1803/71/2228 1727/9/2167 1729/8/2166
f 1797/73/2230 1747/7/2165 1731/6/2164
f 1794/74/2231 1731/6/2164 2018/75/2232
f 2085/77/76 2080/402/76 2079/78/76
f 2251/83/2237 2250/88/2242 2252/84/2238
f 1800/72/2229 1729/8/2166 1747/7/2165
f 1836/86/2240 1723/25/2183 1751/32/2190
f 2250/88/2242 2254/91/2245 2255/89/2243
f 1833/87/2241 1751/32/2190 1755/36/2194
f 2254/91/2245 2256/94/2248 2257/92/2246
f 1830/90/2244 1755/36/2194 1759/40/2198
f 2256/94/2248 2258/176/2324 2259/95/2249
f 1824/62/2220 1827/93/2247 1759/40/2198
f 2242/96/2250 2244/587/5846 2245/97/2251
f 1823/63/2221 1824/62/2220 1763/43/2201
f 1764/42/2253 1812/179/2327 1815/99/2254
f 1821/100/2256 1839/101/2258 1770/56/2214
f 1815/99/2254 1818/187/2333 1772/50/2257
f 1839/101/2258 1842/69/2226 1774/70/2227
f 1845/102/2259 1820/126/2286 1773/53/2260
f 1734/14/2172 1782/345/2499 1865/103/2261
f 1796/108/2266 1793/357/5847 1732/19/2177
f 1799/109/2267 1796/108/2266 1730/18/2176
f 1802/110/2268 1799/109/2267 1746/31/2189
f 1805/111/2269 1802/110/2268 1728/20/2178
f 1740/22/2180 1808/166/2318 1805/111/2269
f 2260/112/2270 2261/115/2273 2262/113/2271
f 2261/115/2273 2260/112/2270 2265/116/2274
f 2264/117/2275 2265/116/2274 2267/118/2276
f 2266/119/2277 2267/118/2276 2269/120/2278
f 2246/122/2280 2248/588/2793 2249/123/2281
f 1817/125/2283 1814/182/2329 1765/45/2284
f 1817/125/2283 1769/49/2285 1773/53/2260
f 1762/48/2206 1826/65/2222 1821/100/2256
f 1758/44/2202 1829/191/2335 1826/65/2222
f 1832/127/2287 1829/191/2335 1758/44/2202
f 1835/128/2288 1832/127/2287 1754/37/2195
f 1838/129/2289 1835/128/2288 1750/33/2191
f 1873/131/2291 1872/222/2364 1838/129/2289
f 1823/63/2221 1767/47/2205 1771/51/2209
f 1841/132/2292 1771/51/2209 1775/55/2213
f 1844/133/2293 1775/55/2213 1776/54/2212
f 1772/50/2257 1818/187/2333 1847/134/2294
f 1866/135/2295 1782/345/2499 1781/136/2296
f 1781/136/2296 1782/345/2499 1784/140/2299
f 1783/141/2298 1784/140/2299 1787/142/2300
f 1786/144/2301 1789/640/2305 1788/145/2302
f 1786/143/2301 1787/142/2300 1790/147/2304
f 1788/145/2302 1789/640/2305 1792/149/2306
f 1790/147/2304 1793/357/5848 1792/151/2306
f 2228/152/2308 2230/575/2312 2231/153/2309
f 2228/155/2308 2232/576/5849 2233/156/2311
f 1794/74/2231 1795/609/2314 1798/158/2313
f 1796/108/2266 1799/109/2267 1798/159/2313
f 1797/73/2230 1798/158/2313 1801/161/2315
f 1799/109/2267 1802/110/2268 1801/162/2315
f 1800/72/2229 1801/161/2315 1804/163/2316
f 1802/110/2268 1805/111/2269 1804/164/2316
f 1804/163/2316 1807/641/2319 1806/165/2317
f 1804/164/2316 1805/111/2269 1808/166/2318
f 2270/168/2320 2271/171/2321 2250/88/2242
f 2270/169/2320 2262/113/2271 2261/115/2273
f 2271/171/2321 2272/173/2322 2254/91/2245
f 2271/170/2321 2261/115/2273 2264/117/2275
f 2272/173/2322 2273/175/2323 2256/94/2248
f 2272/172/2322 2264/117/2275 2266/119/2277
f 2273/175/2323 2274/605/2325 2258/176/2324
f 2273/174/2323 2266/119/2277 2268/121/2279
f 1810/178/2326 1813/642/2330 1812/179/2327
f 1810/181/2326 1811/584/5850 1814/182/2329
f 1812/179/2327 1813/642/2330 1816/184/2331
f 1814/182/2329 1817/125/2283 1816/185/2331
f 1815/99/2254 1816/184/2331 1819/186/2332
f 1817/125/2283 1820/126/2286 1819/188/2332
f 1822/64/2219 1840/200/2334 1839/101/2258
f 1822/61/2219 1823/63/2221 1841/132/2292
f 1825/190/2223 1828/643/2336 1827/93/2247
f 1825/66/2223 1826/65/2222 1829/191/2335
f 1827/93/2247 1828/643/2336 1831/193/2337
f 1829/191/2335 1832/127/2287 1831/194/2337
f 1830/90/2244 1831/193/2337 1834/195/2338
f 1832/127/2287 1835/128/2288 1834/196/2338
f 1833/87/2241 1834/195/2338 1837/197/2339
f 1835/128/2288 1838/129/2289 1837/198/2339
f 1840/200/2334 1843/202/2341 1842/69/2226
f 1840/189/2334 1841/132/2292 1844/133/2293
f 1843/202/2341 1846/204/2342 1845/102/2259
f 1843/201/2341 1844/133/2293 1847/134/2294
f 1818/187/2333 1819/186/2332 1846/203/2342
f 1820/126/2286 1845/102/2259 1846/204/2342
f 1743/205/2343 1742/4/2346 1882/206/2344
f 1742/4/2346 1723/25/2349 1849/208/2347
f 1721/68/2225 1887/343/2498 1849/208/2347
f 1850/210/2350 1744/346/2506 1941/211/2351
f 1745/15/2357 1850/210/2350 1851/213/2354
f 1854/216/2358 1780/82/2236 1735/3/2161
f 1860/219/2361 1853/217/2359 1852/220/2362
f 1918/225/2367 1916/287/5851 1915/226/2368
f 1988/228/76 1994/334/76 1993/229/76
f 1852/220/2370 1855/218/2507 1857/231/2371
f 1856/232/2372 1857/231/2371 1877/233/2373
f 1861/221/2363 1863/335/2485 1862/235/2375
f 1862/235/2376 1863/335/2485 1879/236/2377
f 1867/238/2379 1869/240/2382 1868/239/2380
f 1869/240/2382 1946/299/2445 1945/241/2383
f 1870/242/2384 1873/131/2291 1875/243/2385
f 1874/244/2386 1875/243/2385 1948/245/2387
f 1876/234/2374 1877/233/2373 1923/247/2389
f 1878/237/2378 1879/236/2377 1927/249/2391
f 1883/224/2366 1885/253/2395 1884/251/2393
f 1885/253/2395 1931/339/2491 1932/254/2396
f 1888/255/2397 1890/257/2399 1889/256/2398
f 1890/257/2399 1935/294/2440 1936/258/2400
f 1892/259/2401 1925/292/2438 1926/260/2402
f 1892/259/2401 1891/261/2403 1894/262/2404
f 1894/262/2406 1908/286/2430 1907/264/2407
f 1896/265/2408 1929/293/2439 1930/266/2409
f 1896/265/2408 1895/267/2410 1898/268/2411
f 1897/269/2412 1898/268/2411 1910/270/2413
f 1899/272/2415 1900/276/2419 1933/273/2416
f 1899/272/2415 1902/337/2488 1901/275/2418
f 1901/275/2420 1902/337/2488 1912/277/2421
f 1903/279/2423 1904/283/2427 1937/280/2424
f 1903/279/2423 1906/284/2428 1905/282/2426
f 1906/284/2428 1914/290/2436 1913/285/2429
f 1908/286/2430 1915/226/2489 1916/287/2431
f 1909/271/2414 1910/270/2413 1918/225/2432
f 1911/278/2422 1912/277/2421 1919/288/2434
f 1914/290/2436 1921/338/2490 1922/291/2437
f 1923/247/2389 1926/260/2402 1925/292/2438
f 1927/249/2391 1930/266/2409 1929/293/2439
f 1932/254/2396 1931/339/2491 1934/274/2417
f 1935/294/2440 1938/281/2425 1937/280/2424
f 1939/27/2185 1942/336/2487 1944/295/2441
f 1943/296/2442 1944/295/2441 1956/297/2443
f 1946/299/2445 1958/308/2454 1957/300/2446
f 1948/245/2387 1960/310/2456 1959/301/2447
f 1949/302/2448 1952/28/2186 1954/303/2449
f 1953/304/2450 1954/303/2449 1962/305/2451
f 1956/297/2443 1964/340/2492 1963/307/2453
f 1958/308/2454 1966/316/2462 1965/309/2455
f 1960/310/2456 1968/318/2464 1967/311/2457
f 1961/306/2452 1962/305/2451 1970/312/2458
f 1963/307/2453 1964/340/2492 1972/314/2460
f 1966/316/2462 1974/341/2493 1973/317/2463
f 1968/318/2464 1976/325/2473 1975/319/2465
f 1969/313/2459 1970/312/2458 1978/320/2466
f 1972/314/2468 1980/329/2477 1979/322/2469
f 1973/317/2470 1974/341/2493 1982/323/2471
f 1976/325/2473 1984/332/2481 1983/326/2474
f 1977/321/2467 1978/320/2466 1986/327/2475
f 1980/329/2477 1988/228/2494 1987/230/2478
f 1981/324/2472 1982/323/2471 1989/330/2479
f 1984/332/2481 1991/342/2495 1992/333/2482
f 1985/328/2476 1986/327/2475 1993/229/2483
f 1863/335/2485 1861/221/2363 1852/220/2370
f 1857/231/2371 1855/218/2507 1881/207/2345
f 1941/211/2351 1864/104/2381 1868/239/2380
f 1869/240/2382 1867/238/2379 1870/242/2384
f 1875/243/2385 1873/131/2291 1950/215/2356
f 1863/335/2485 1856/232/2372 1876/234/2374
f 1857/231/2371 1880/252/2394 1884/251/2393
f 1885/253/2395 1883/224/2366 1886/223/2365
f 1890/257/2399 1888/255/2397 1862/235/2376
f 1895/267/2410 1892/259/2401 1893/263/2405
f 1900/276/2419 1901/275/2418 1894/262/2404
f 1899/272/2415 1904/283/2427 1905/282/2426
f 1896/265/2408 1897/269/2412 1906/284/2428
f 1898/268/2411 1893/263/2405 1907/264/2407
f 1894/262/2406 1901/275/2420 1911/278/2422
f 1905/282/2426 1913/285/2429 1912/277/2421
f 1906/284/2428 1897/269/2412 1909/271/2414
f 1910/270/2413 1907/264/2407 1916/287/2431
f 1908/286/2430 1911/278/2422 1920/289/2435
f 1913/285/2429 1922/291/2437 1919/288/2434
f 1914/290/2436 1909/271/2414 1917/227/2433
f 1924/248/2390 1925/292/2438 1930/266/2409
f 1923/247/2389 1932/254/2396 1933/273/2416
f 1929/293/2439 1938/281/2425 1935/294/2440
f 1931/339/2491 1936/258/2400 1937/280/2424
f 1879/236/2377 1876/234/2374 1924/248/2390
f 1877/233/2373 1884/251/2393 1932/254/2396
f 1889/256/2398 1936/258/2400 1931/339/2491
f 1890/257/2399 1878/237/2378 1928/250/2392
f 1925/292/2438 1892/259/2401 1895/267/2410
f 1926/260/2402 1933/273/2416 1900/276/2419
f 1934/274/2417 1937/280/2424 1904/283/2427
f 1938/281/2425 1929/293/2439 1896/265/2408
f 1944/295/2441 1942/336/2487 1868/239/2380
f 1874/244/2386 1947/246/2388 1946/299/2445
f 1875/243/2385 1949/302/2448 1953/304/2450
f 1952/28/2186 1939/27/2185 1943/296/2442
f 1945/241/2383 1957/300/2446 1956/297/2443
f 1947/246/2388 1959/301/2447 1958/308/2454
f 1948/245/2387 1953/304/2450 1961/306/2452
f 1954/303/2449 1943/296/2442 1955/298/2444
f 1957/300/2446 1965/309/2455 1964/340/2492
f 1959/301/2447 1967/311/2457 1966/316/2462
f 1960/310/2456 1961/306/2452 1969/313/2459
f 1962/305/2451 1955/298/2444 1963/307/2453
f 1964/340/2492 1965/309/2455 1973/317/2463
f 1967/311/2457 1975/319/2465 1974/341/2493
f 1969/313/2459 1977/321/2467 1976/325/2473
f 1970/312/2458 1963/307/2453 1971/315/2461
f 1972/314/2468 1973/317/2470 1981/324/2472
f 1975/319/2465 1983/326/2474 1982/323/2471
f 1976/325/2473 1977/321/2467 1985/328/2476
f 1978/320/2466 1971/315/2461 1979/322/2469
f 1981/324/2472 1990/331/2480 1988/228/2494
f 1983/326/2474 1992/333/2482 1989/330/2479
f 1984/332/2481 1985/328/2476 1994/334/2484
f 1986/327/2475 1979/322/2469 1987/230/2478
f 1853/217/2359 1854/216/2358 1855/218/2360
f 1864/104/2262 1865/103/2261 1866/135/2295
f 1880/252/2394 1881/207/2345 1882/206/2344
f 1849/208/2347 1887/343/2498 1888/255/2497
f 1940/212/2352 1941/211/2351 1942/336/2487
f 1949/302/2448 1950/215/2356 1951/26/2184
f 1858/67/2224 1888/255/2486 1887/343/2498
f 1836/86/2240 1859/199/2340 1858/67/2224
f 1860/219/2361 1778/347/2218 1779/344/2217
f 1866/135/2295 1871/58/2216 1870/242/2384
f 1853/217/2359 1779/344/2217 1781/138/2296
f 1921/338/2502 1920/289/2505 1919/288/2503
f 1917/227/2369 1915/226/2368 1920/289/2505
f 1990/331/76 1989/330/76 1992/333/76
f 1994/334/76 1988/228/76 1990/331/76
f 1850/210/2350 1940/212/2352 1951/26/2184
f 1748/348/2508 1736/30/2512 1997/349/2509
f 2042/351/2511 2041/429/2599 1997/349/2509
f 1788/145/2513 1791/150/2724 2032/352/2514
f 1749/17/2175 1732/19/2177 2002/105/2263
f 1749/17/2175 2001/11/2169 2003/354/2519
f 1732/19/2177 1793/357/5847 2004/355/2520
f 2125/356/2521 2124/537/2721 2004/355/2520
f 2085/77/76 2016/79/76 2084/361/76
f 2019/5/2163 2020/364/2527 2021/363/2526
f 2020/364/2527 2023/366/2529 2022/365/2528
f 2023/366/2529 2037/409/2577 2036/367/2530
f 2027/358/2531 2029/369/2534 2028/368/2532
f 2029/369/2534 2039/410/2578 2038/370/2535
f 2030/371/2536 2033/408/2576 2035/372/2537
f 2043/374/2539 2045/412/2580 2044/375/2540
f 2046/376/2541 2047/414/2582 2054/377/2542
f 2049/379/2544 2056/416/2584 2055/380/2545
f 2051/382/2547 2058/417/2585 2057/383/2548
f 2052/385/2550 2053/419/2587 2060/386/2551
f 2054/377/2542 2062/421/2589 2061/388/2553
f 2055/380/2545 2056/416/2584 2064/389/2554
f 2057/383/2548 2058/417/2585 2066/391/2556
f 2060/386/2551 2068/423/2591 2067/393/2558
f 2061/388/2553 2062/421/2589 2070/394/2559
f 2064/389/2554 2072/425/2593 2071/396/2561
f 2065/392/2557 2066/391/2556 2074/397/2562
f 2067/393/2558 2068/423/2591 2076/399/2564
f 2070/394/2559 2077/428/2596 2078/401/2566
f 2071/396/2561 2072/425/2593 2079/78/2567
f 2073/398/2563 2074/397/2562 2082/403/2569
f 2076/399/2564 2083/362/2598 2084/361/2571
f 1995/350/2510 1996/360/2525 2023/366/2529
f 2020/364/2527 2019/5/2163 1748/348/2508
f 2017/76/2233 2021/363/2526 1998/405/2572
f 2029/369/2534 2027/358/2531 1785/146/2516
f 1999/406/2574 2030/371/2536 2034/373/2538
f 2033/408/2576 2022/365/2528 2036/367/2530
f 1996/360/2525 2006/411/2579 2037/409/2577
f 1999/406/2574 2005/407/2575 2039/410/2578
f 1996/360/2525 2040/359/2524 2044/375/2540
f 2045/412/2580 2043/374/2539 2028/368/2532
f 2047/414/2582 2048/381/2546 2055/380/2545
f 2008/415/2583 2010/418/2586 2056/416/2584
f 2051/382/2547 2007/413/2581 2009/378/2543
f 2052/385/2550 2059/387/2552 2010/418/2586
f 2053/419/2587 2050/384/2549 2057/383/2548
f 2054/377/2542 2055/380/2545 2063/390/2555
f 2056/416/2584 2010/418/2586 2012/422/2590
f 2058/417/2585 2009/378/2543 2011/420/2588
f 2059/387/2552 2067/393/2558 2012/422/2590
f 2060/386/2551 2057/383/2548 2065/392/2557
f 2011/420/2588 2061/388/2553 2069/395/2560
f 2062/421/2589 2063/390/2555 2071/396/2561
f 2012/422/2590 2014/426/2594 2072/425/2593
f 2066/391/2556 2011/420/2588 2013/424/2592
f 2067/393/2558 2075/400/2565 2014/426/2594
f 2068/423/2591 2065/392/2557 2073/398/2563
f 2013/424/2592 2069/395/2560 2078/401/2566
f 2070/394/2559 2071/396/2561 2080/402/2568
f 2014/426/2594 2016/79/2597 2079/78/2567
f 2074/397/2562 2013/424/2592 2015/427/2595
f 2075/400/2565 2084/361/2571 2016/79/2597
f 2076/399/2564 2073/398/2563 2081/404/2570
f 2025/81/2235 2026/137/2297 2027/358/2523
f 2031/353/2515 2032/352/2514 2033/408/2576
f 2040/359/2524 2041/429/2599 2042/351/2511
f 2040/359/2524 1995/350/2510 1997/349/2509
f 1733/1/2600 2024/80/2533 2043/374/2539
f 1781/138/2296 2026/137/2297 2025/81/2235
f 2027/358/2523 2026/137/2297 1783/139/2298
f 1785/146/2516 2031/353/2518 2030/371/2536
f 2081/404/76 2086/430/76 2085/77/76
f 2086/430/76 2077/428/76 2080/402/76
f 2082/403/76 2015/427/76 2086/430/76
f 2078/401/76 2077/428/76 2086/430/76
f 2088/431/2601 2091/435/2605 2090/432/2602
f 2088/431/2601 2087/451/2621 2092/434/2604
f 2095/436/2606 2094/440/2610 2097/437/2607
f 2093/439/2609 2098/452/2622 2097/437/2607
f 2100/441/2611 2103/445/2615 2102/442/2612
f 2100/441/2611 2099/453/2623 2104/444/2614
f 2107/446/2616 2106/450/2620 2109/447/2617
f 2105/449/2619 2110/454/2624 2109/447/2617
f 2035/372/2537 2092/434/2604 2087/451/2621
f 2036/367/2530 2037/409/2577 2098/452/2622
f 2039/410/2578 2104/444/2614 2099/453/2623
f 2044/375/2540 2045/412/2580 2110/454/2624
f 2089/433/2603 2090/432/2602 2047/414/2582
f 2096/438/2608 2049/379/2544 2048/381/2546
f 2101/443/2613 2102/442/2612 2051/382/2547
f 2108/448/2618 2053/419/2587 2052/385/2550
f 2005/407/2575 2034/373/2538 2087/451/2625
f 2035/372/2537 2036/367/2530 2093/439/2609
f 2037/409/2577 2006/411/2579 2116/456/2627
f 2005/407/2575 2111/455/2626 2104/444/2614
f 2006/411/2579 2044/375/2540 2105/449/2619
f 2038/370/2535 2099/453/2623 2110/454/2624
f 2113/457/2628 2089/433/2631 2046/376/2541
f 2090/432/2602 2095/436/2606 2048/381/2546
f 2114/458/2629 2008/415/2583 2049/379/2544
f 2102/442/2612 2113/457/2628 2007/413/2581
f 2107/446/2616 2052/385/2550 2008/415/2583
f 2108/448/2618 2101/443/2613 2050/384/2549
f 2088/431/2630 2112/459/2632 2111/455/2626
f 2089/433/2631 2113/457/2628 2112/459/2632
f 2091/435/2605 2094/440/2610 2095/436/2606
f 2092/434/2604 2093/439/2609 2094/440/2610
f 2096/438/2608 2097/437/2607 2115/460/2633
f 2097/437/2607 2098/452/2622 2116/456/2627
f 2099/453/2623 2100/441/2611 2109/447/2617
f 2101/443/2613 2108/448/2618 2109/447/2617
f 2103/445/2615 2112/459/2632 2113/457/2628
f 2103/445/2615 2104/444/2614 2111/455/2626
f 2106/450/2620 2115/460/2633 2116/456/2627
f 2106/450/2620 2107/446/2616 2114/458/2629
f 2118/461/2634 2117/465/2719 1784/140/2299
f 2159/462/2635 2160/535/2635 2166/463/2635
f 2117/465/2636 2119/528/2705 2121/466/2637
f 2121/466/2637 2167/510/2686 2168/468/2639
f 2122/469/2640 2123/472/2643 2183/470/2641
f 2123/472/2643 2122/469/2640 2126/106/2264
f 2127/473/2645 2128/476/2648 2175/474/2646
f 2128/476/2648 2127/473/2645 2130/477/2649
f 2130/477/2651 2144/531/2712 2143/479/2652
f 2132/480/2653 2181/518/2695 2182/481/2654
f 2131/482/2655 2134/530/2711 2133/483/2656
f 2133/483/2657 2134/530/2711 2146/484/2658
f 2136/486/2660 2187/521/2698 2188/487/2661
f 2136/486/2660 2135/488/2662 2138/489/2663
f 2137/490/2664 2138/489/2663 2148/491/2665
f 2139/493/2667 2140/497/2671 2171/494/2668
f 2139/493/2667 2142/498/2672 2141/496/2670
f 2142/498/2672 2150/532/2713 2149/499/2673
f 2143/479/2652 2144/531/2712 2152/500/2674
f 2146/484/2658 2154/533/2714 2153/502/2676
f 2148/491/2665 2156/534/2715 2155/503/2677
f 2149/499/2673 2150/532/2713 2158/504/2678
f 2152/500/2674 2160/535/2716 2159/462/2680
f 2153/502/2676 2154/533/2714 2161/506/2681
f 2155/503/2677 2156/534/2715 2163/508/2683
f 2158/504/2678 2165/464/2717 2166/463/2685
f 2167/510/2686 2169/536/2718 2170/511/2687
f 2170/511/2688 2169/536/2718 2172/495/2669
f 2173/512/2689 2174/514/2691 2176/475/2647
f 2173/512/2689 2178/515/2692 2177/513/2690
f 2178/515/2692 2191/527/2704 2194/516/2693
f 2180/517/2694 2182/481/2654 2181/518/2695
f 2180/517/2694 2179/519/2696 2184/471/2642
f 2186/520/2697 2188/487/2661 2187/521/2698
f 2186/520/2697 2185/522/2699 2190/523/2700
f 2189/524/2701 2190/523/2700 2195/525/2702
f 2193/12/2170 2126/106/2264 2122/469/2640
f 2119/528/2705 1738/21/2179 2003/354/2519
f 1787/142/2706 1784/140/5852 2196/529/2707
f 1787/142/2706 2123/472/2643 2125/356/2709
f 2127/473/2645 2132/480/2653 2133/483/2656
f 2136/486/2660 2137/490/2664 2134/530/2711
f 2140/497/2671 2141/496/2670 2138/489/2663
f 2139/493/2667 2128/476/2648 2129/478/2650
f 2133/483/2657 2145/485/2659 2144/531/2712
f 2137/490/2664 2147/492/2666 2146/484/2658
f 2141/496/2670 2149/499/2673 2148/491/2665
f 2142/498/2672 2129/478/2650 2143/479/2652
f 2145/485/2659 2153/502/2676 2152/500/2674
f 2147/492/2666 2155/503/2677 2154/533/2714
f 2149/499/2673 2157/505/2679 2156/534/2715
f 2150/532/2713 2143/479/2652 2151/501/2675
f 2153/502/2676 2162/507/2682 2160/535/2716
f 2154/533/2714 2155/503/2677 2164/509/2684
f 2157/505/2679 2166/463/2685 2163/508/2683
f 2151/501/2675 2159/462/2680 2165/464/2717
f 2177/513/2690 2194/516/2693 2122/469/2640
f 2123/472/2643 2195/525/2702 2190/523/2700
f 2197/526/2703 2120/467/2638 2168/468/2639
f 2191/527/2704 2178/515/2692 2167/510/2686
f 2176/475/2647 2181/518/2695 2132/480/2653
f 2187/521/2698 2136/486/2660 2131/482/2655
f 2171/494/2668 2140/497/2671 2135/488/2662
f 2172/495/2669 2175/474/2646 2128/476/2648
f 2178/515/2692 2173/512/2689 2169/536/2718
f 2175/474/2646 2172/495/2669 2169/536/2718
f 2174/514/2691 2179/519/2696 2181/518/2695
f 2174/514/2691 2177/513/2690 2184/471/2642
f 2182/481/2654 2180/517/2694 2185/522/2699
f 2183/470/2641 2190/523/2700 2185/522/2699
f 2188/487/2661 2186/520/2697 2170/511/2688
f 2189/524/2701 2168/468/2639 2170/511/2687
f 2192/13/2171 2193/12/2170 2194/516/2693
f 2000/107/2265 2193/12/2170 2001/11/2169
f 2002/105/2263 2004/355/2520 2124/537/2721
f 2192/13/2171 2191/527/2704 2003/354/2519
f 2118/461/2634 1739/16/2174 1738/21/2179
f 2160/535/2635 2162/507/2635 2163/508/2635
f 2162/507/2635 2161/506/2635 2164/509/2635
f 2199/538/2725 2198/616/2735 2204/539/2726
f 2201/541/2728 2207/544/5853 2206/542/2729
f 2199/538/2731 2205/540/2732 2207/544/2732
f 2202/545/2734 2208/549/5854 2204/546/2726
f 2202/545/2736 2203/550/2857 2209/548/2737
f 2203/550/2738 2200/622/2730 2206/551/2729
f 2205/540/2740 2204/539/2747 2210/552/2741
f 2207/544/2743 2213/555/2752 2212/554/2744
f 2207/544/2732 2205/540/2732 2211/553/2732
f 2208/549/2746 2214/557/2754 2210/556/2741
f 2209/548/2737 2215/559/2737 2214/557/2737
f 2209/548/2748 2206/551/2745 2212/558/2744
f 2211/553/2742 2210/552/2741 2216/560/2750
f 2213/555/2752 2219/563/5855 2218/562/2753
f 2213/555/2732 2211/553/2732 2217/561/2732
f 2214/557/2754 2220/565/5856 2216/564/2750
f 2215/559/2737 2221/567/2737 2220/565/2737
f 2215/559/2749 2212/558/2744 2218/566/2753
f 2216/560/2750 2222/574/2760 2223/568/2756
f 2218/562/2753 2219/563/5855 2225/569/2757
f 2219/563/2732 2217/561/2732 2223/568/2732
f 2216/564/2750 2220/565/5856 2226/571/2759
f 2221/567/2737 2227/573/2737 2226/571/2737
f 2218/566/2753 2224/577/2758 2227/573/2761
f 2222/574/2760 2228/152/2766 2229/154/2762
f 2224/570/2758 2225/569/2757 2231/153/2763
f 2225/569/2732 2223/568/2732 2229/154/2732
f 2222/572/2760 2226/571/2759 2232/576/2765
f 2227/573/2737 2233/156/2737 2232/576/2737
f 2224/577/2758 2230/157/2764 2233/156/2767
f 1809/180/2768 2234/579/2772 2235/578/2769
f 1812/179/2771 2236/580/2788 2234/579/2772
f 1764/42/2773 2237/581/5857 2236/580/2774
f 1764/42/2776 1760/39/2770 2235/578/2769
f 1814/182/2778 1811/584/2781 2238/582/2779
f 1811/584/2781 1761/41/2784 2240/585/2782
f 1765/45/2783 2241/586/2794 2240/585/2782
f 1765/45/2785 1814/182/5858 2239/583/2786
f 2234/579/2772 2242/96/2250 2243/98/2252
f 2236/580/2788 2244/587/5859 2242/96/2250
f 2236/580/2774 2237/581/5857 2245/97/2789
f 2237/581/2777 2235/578/2769 2243/98/2252
f 2239/583/2780 2238/582/2779 2246/122/2280
f 2238/582/2779 2240/585/2782 2248/588/2793
f 2241/586/2794 2249/123/5860 2248/588/2793
f 2239/583/2786 2247/124/5861 2249/123/2795
f 1741/589/2796 2253/85/5862 2252/84/2797
f 1741/589/2799 1806/602/5863 2251/83/2800
f 1725/590/2802 2252/84/5864 2255/89/2803
f 1752/591/2805 2255/89/5865 2257/92/2806
f 1760/593/2808 2259/95/5866 2258/176/2809
f 1756/592/2811 2257/92/2811 2259/95/2811
f 1740/595/2812 2263/114/5867 2262/113/2813
f 1740/595/2815 1724/597/5868 2260/112/2816
f 1724/597/2818 1753/598/5869 2265/116/2819
f 1753/598/2821 1757/599/5870 2267/118/2822
f 1757/599/2824 1761/600/2824 2269/120/2824
f 1761/600/2825 1811/607/5871 2268/121/2826
f 1807/601/2828 2270/168/5872 2251/83/2829
f 1807/603/2831 1808/596/5873 2262/113/2832
f 1810/604/2834 1809/594/5874 2258/176/2835
f 1810/606/2837 2274/177/5875 2268/121/2838
f 1792/149/2306 2275/623/2846 2278/608/2840
f 1795/609/2314 1794/74/2231 2284/610/2841
f 1794/74/2732 1791/150/2732 2278/608/2843
f 1792/151/2306 1793/357/5848 2287/612/2845
f 1796/108/2737 2290/614/2876 2287/612/2847
f 1795/160/2314 2281/628/2842 2290/614/2848
f 2280/615/2849 2277/644/2855 2198/616/2735
f 2286/617/2850 2201/541/2728 2200/543/2730
f 2280/615/2852 2199/538/2731 2201/541/2733
f 2289/619/2854 2202/545/2734 2198/547/2735
f 2289/619/2856 2292/621/2875 2203/550/2857
f 2292/621/2858 2283/645/2851 2200/622/2730
f 2275/623/2859 2276/646/2873 2279/624/2860
f 2276/625/2862 2277/644/2871 2280/615/2863
f 2279/624/2865 2285/633/2866 2284/610/2844
f 2279/626/2865 2280/615/2852 2286/617/2853
f 2281/628/2842 2282/647/2868 2291/629/2867
f 2282/630/2868 2283/645/2851 2292/621/2858
f 2282/632/2868 2285/627/2869 2286/617/2850
f 2281/611/2842 2284/610/2841 2285/633/2869
f 2276/635/2862 2288/638/5876 2289/619/2870
f 2275/613/2859 2287/612/5877 2288/636/2872
f 2288/638/2874 2291/631/2877 2292/621/2875
f 2288/636/2874 2287/612/2847 2290/614/2876
f 2306/1/2878 2309/30/2907 2310/2/2879
f 2315/4/2881 2316/205/3219 2308/3/2880
f 2592/5/2882 2591/75/2951 2304/6/2883
f 2310/2/2879 2309/30/2907 2302/8/2885
f 2314/10/2887 2315/4/2881 2310/2/2879
f 2307/14/2891 2317/346/3220 2318/15/2892
f 2322/17/2894 2319/31/2908 2303/18/2895
f 2312/16/2893 2299/23/2900 2301/20/2897
f 2312/16/2893 2318/15/2892 2313/22/2899
f 2315/4/2881 2314/10/2887 2298/24/2901
f 2524/26/2903 2513/212/3071 2512/27/2904
f 2318/15/2892 2295/130/3009 2297/29/2906
f 2309/30/2907 2321/348/3227 2320/7/2884
f 2319/31/2908 2322/17/2894 2311/21/2898
f 2298/24/2901 2325/35/2912 2324/32/2909
f 2297/29/2906 2295/130/3009 2323/33/2910
f 2325/35/2912 2329/639/5878 2328/36/2913
f 2326/34/2911 2323/33/2910 2327/37/2914
f 2328/36/2913 2329/639/5878 2333/39/2916
f 2327/37/2914 2331/44/2921 2334/41/2918
f 2332/40/2917 2333/39/2916 2337/42/2919
f 2331/44/2921 2335/48/2925 2338/45/2922
f 2336/43/2920 2337/42/2919 2341/46/2923
f 2335/48/2925 2339/52/2929 2342/49/2926
f 2340/47/2924 2341/46/2923 2345/50/2927
f 2339/52/2929 2343/56/2933 2346/53/2930
f 2344/51/2928 2345/50/2927 2349/54/2931
f 2343/56/2933 2347/70/2946 2350/57/2934
f 2444/58/2935 2439/135/3014 2352/59/2936
f 2395/61/2938 2398/190/2942 2397/62/2939
f 2395/64/2938 2394/100/2975 2399/65/2941
f 2415/69/2945 2418/102/2978 2350/57/2934
f 2376/71/2947 2379/165/3036 2314/10/2887
f 2376/71/2947 2300/9/2886 2302/8/2885
f 2370/73/2949 2320/7/2884 2304/6/2883
f 2367/74/2950 2304/6/2883 2591/75/2951
f 2658/77/76 2653/402/76 2652/78/76
f 2824/83/2956 2823/88/2961 2825/84/2957
f 2373/72/2948 2302/8/2885 2320/7/2884
f 2409/86/2959 2296/25/2902 2324/32/2909
f 2823/88/2961 2827/91/2964 2828/89/2962
f 2406/87/2960 2324/32/2909 2328/36/2913
f 2827/91/2964 2829/94/2967 2830/92/2965
f 2403/90/2963 2328/36/2913 2332/40/2917
f 2829/94/2967 2831/176/3043 2832/95/2968
f 2397/62/2939 2400/93/2966 2332/40/2917
f 2815/96/2969 2817/587/5879 2818/97/2970
f 2396/63/2940 2397/62/2939 2336/43/2920
f 2337/42/2972 2385/179/3046 2388/99/2973
f 2394/100/2975 2412/101/2977 2343/56/2933
f 2388/99/2973 2391/187/3052 2345/50/2976
f 2412/101/2977 2415/69/2945 2347/70/2946
f 2418/102/2978 2393/126/3005 2346/53/2979
f 2307/14/2891 2355/345/3218 2438/103/2980
f 2369/108/2985 2366/357/5880 2305/19/2896
f 2372/109/2986 2369/108/2985 2303/18/2895
f 2375/110/2987 2372/109/2986 2319/31/2908
f 2378/111/2988 2375/110/2987 2301/20/2897
f 2313/22/2899 2381/166/3037 2378/111/2988
f 2833/112/2989 2834/115/2992 2835/113/2990
f 2834/115/2992 2833/112/2989 2838/116/2993
f 2837/117/2994 2838/116/2993 2840/118/2995
f 2839/119/2996 2840/118/2995 2842/120/2997
f 2819/122/2999 2821/588/3510 2822/123/3000
f 2390/125/3002 2387/182/3048 2338/45/3003
f 2390/125/3002 2342/49/3004 2346/53/2979
f 2335/48/2925 2399/65/2941 2394/100/2975
f 2331/44/2921 2402/191/3054 2399/65/2941
f 2405/127/3006 2402/191/3054 2331/44/2921
f 2408/128/3007 2405/127/3006 2327/37/2914
f 2411/129/3008 2408/128/3007 2323/33/2910
f 2446/131/3010 2445/222/3083 2411/129/3008
f 2396/63/2940 2340/47/2924 2344/51/2928
f 2414/132/3011 2344/51/2928 2348/55/2932
f 2417/133/3012 2348/55/2932 2349/54/2931
f 2345/50/2976 2391/187/3052 2420/134/3013
f 2439/135/3014 2355/345/3218 2354/136/3015
f 2354/136/3015 2355/345/3218 2357/140/3018
f 2356/141/3017 2357/140/3018 2360/142/3019
f 2359/144/3020 2362/640/3024 2361/145/3021
f 2359/143/3020 2360/142/3019 2363/147/3023
f 2361/145/3021 2362/640/3024 2365/149/3025
f 2363/147/3023 2366/357/5881 2365/151/3025
f 2801/152/3027 2803/575/3031 2804/153/3028
f 2801/155/3027 2805/576/5882 2806/156/3030
f 2367/74/2950 2368/609/3033 2371/158/3032
f 2369/108/2985 2372/109/2986 2371/159/3032
f 2370/73/2949 2371/158/3032 2374/161/3034
f 2372/109/2986 2375/110/2987 2374/162/3034
f 2373/72/2948 2374/161/3034 2377/163/3035
f 2375/110/2987 2378/111/2988 2377/164/3035
f 2377/163/3035 2380/641/3038 2379/165/3036
f 2377/164/3035 2378/111/2988 2381/166/3037
f 2843/168/3039 2844/171/3040 2823/88/2961
f 2843/169/3039 2835/113/2990 2834/115/2992
f 2844/171/3040 2845/173/3041 2827/91/2964
f 2844/170/3040 2834/115/2992 2837/117/2994
f 2845/173/3041 2846/175/3042 2829/94/2967
f 2845/172/3041 2837/117/2994 2839/119/2996
f 2846/175/3042 2847/605/3044 2831/176/3043
f 2846/174/3042 2839/119/2996 2841/121/2998
f 2383/178/3045 2386/642/3049 2385/179/3046
f 2383/181/3045 2384/584/5883 2387/182/3048
f 2385/179/3046 2386/642/3049 2389/184/3050
f 2387/182/3048 2390/125/3002 2389/185/3050
f 2388/99/2973 2389/184/3050 2392/186/3051
f 2390/125/3002 2393/126/3005 2392/188/3051
f 2395/64/2938 2413/200/3053 2412/101/2977
f 2395/61/2938 2396/63/2940 2414/132/3011
f 2398/190/2942 2401/643/3055 2400/93/2966
f 2398/66/2942 2399/65/2941 2402/191/3054
f 2400/93/2966 2401/643/3055 2404/193/3056
f 2402/191/3054 2405/127/3006 2404/194/3056
f 2403/90/2963 2404/193/3056 2407/195/3057
f 2405/127/3006 2408/128/3007 2407/196/3057
f 2406/87/2960 2407/195/3057 2410/197/3058
f 2408/128/3007 2411/129/3008 2410/198/3058
f 2413/200/3053 2416/202/3060 2415/69/2945
f 2413/189/3053 2414/132/3011 2417/133/3012
f 2416/202/3060 2419/204/3061 2418/102/2978
f 2416/201/3060 2417/133/3012 2420/134/3013
f 2391/187/3052 2392/186/3051 2419/203/3061
f 2393/126/3005 2418/102/2978 2419/204/3061
f 2316/205/3062 2315/4/3065 2455/206/3063
f 2315/4/3065 2296/25/3068 2422/208/3066
f 2294/68/2944 2460/343/3217 2422/208/3066
f 2423/210/3069 2317/346/3225 2514/211/3070
f 2318/15/3076 2423/210/3069 2424/213/3073
f 2427/216/3077 2353/82/2955 2308/3/2880
f 2433/219/3080 2426/217/3078 2425/220/3081
f 2491/225/3086 2489/287/5884 2488/226/3087
f 2561/228/76 2567/334/76 2566/229/76
f 2425/220/3089 2428/218/3226 2430/231/3090
f 2429/232/3091 2430/231/3090 2450/233/3092
f 2434/221/3082 2436/335/3204 2435/235/3094
f 2435/235/3095 2436/335/3204 2452/236/3096
f 2440/238/3098 2442/240/3101 2441/239/3099
f 2442/240/3101 2519/299/3164 2518/241/3102
f 2443/242/3103 2446/131/3010 2448/243/3104
f 2447/244/3105 2448/243/3104 2521/245/3106
f 2449/234/3093 2450/233/3092 2496/247/3108
f 2451/237/3097 2452/236/3096 2500/249/3110
f 2456/224/3085 2458/253/3114 2457/251/3112
f 2458/253/3114 2504/339/3210 2505/254/3115
f 2461/255/3116 2463/257/3118 2462/256/3117
f 2463/257/3118 2508/294/3159 2509/258/3119
f 2465/259/3120 2498/292/3157 2499/260/3121
f 2465/259/3120 2464/261/3122 2467/262/3123
f 2467/262/3125 2481/286/3149 2480/264/3126
f 2469/265/3127 2502/293/3158 2503/266/3128
f 2469/265/3127 2468/267/3129 2471/268/3130
f 2470/269/3131 2471/268/3130 2483/270/3132
f 2472/272/3134 2473/276/3138 2506/273/3135
f 2472/272/3134 2475/337/3207 2474/275/3137
f 2474/275/3139 2475/337/3207 2485/277/3140
f 2476/279/3142 2477/283/3146 2510/280/3143
f 2476/279/3142 2479/284/3147 2478/282/3145
f 2479/284/3147 2487/290/3155 2486/285/3148
f 2481/286/3149 2488/226/3208 2489/287/3150
f 2482/271/3133 2483/270/3132 2491/225/3151
f 2484/278/3141 2485/277/3140 2492/288/3153
f 2487/290/3155 2494/338/3209 2495/291/3156
f 2496/247/3108 2499/260/3121 2498/292/3157
f 2500/249/3110 2503/266/3128 2502/293/3158
f 2505/254/3115 2504/339/3210 2507/274/3136
f 2508/294/3159 2511/281/3144 2510/280/3143
f 2512/27/2904 2515/336/3206 2517/295/3160
f 2516/296/3161 2517/295/3160 2529/297/3162
f 2519/299/3164 2531/308/3173 2530/300/3165
f 2521/245/3106 2533/310/3175 2532/301/3166
f 2522/302/3167 2525/28/2905 2527/303/3168
f 2526/304/3169 2527/303/3168 2535/305/3170
f 2529/297/3162 2537/340/3211 2536/307/3172
f 2531/308/3173 2539/316/3181 2538/309/3174
f 2533/310/3175 2541/318/3183 2540/311/3176
f 2534/306/3171 2535/305/3170 2543/312/3177
f 2536/307/3172 2537/340/3211 2545/314/3179
f 2539/316/3181 2547/341/3212 2546/317/3182
f 2541/318/3183 2549/325/3192 2548/319/3184
f 2542/313/3178 2543/312/3177 2551/320/3185
f 2545/314/3187 2553/329/3196 2552/322/3188
f 2546/317/3189 2547/341/3212 2555/323/3190
f 2549/325/3192 2557/332/3200 2556/326/3193
f 2550/321/3186 2551/320/3185 2559/327/3194
f 2553/329/3196 2561/228/3213 2560/230/3197
f 2554/324/3191 2555/323/3190 2562/330/3198
f 2557/332/3200 2564/342/3214 2565/333/3201
f 2558/328/3195 2559/327/3194 2566/229/3202
f 2436/335/3204 2434/221/3082 2425/220/3089
f 2430/231/3090 2428/218/3226 2454/207/3064
f 2514/211/3070 2437/104/3100 2441/239/3099
f 2442/240/3101 2440/238/3098 2443/242/3103
f 2448/243/3104 2446/131/3010 2523/215/3075
f 2436/335/3204 2429/232/3091 2449/234/3093
f 2430/231/3090 2453/252/3113 2457/251/3112
f 2458/253/3114 2456/224/3085 2459/223/3084
f 2463/257/3118 2461/255/3116 2435/235/3095
f 2468/267/3129 2465/259/3120 2466/263/3124
f 2473/276/3138 2474/275/3137 2467/262/3123
f 2472/272/3134 2477/283/3146 2478/282/3145
f 2469/265/3127 2470/269/3131 2479/284/3147
f 2471/268/3130 2466/263/3124 2480/264/3126
f 2467/262/3125 2474/275/3139 2484/278/3141
f 2478/282/3145 2486/285/3148 2485/277/3140
f 2479/284/3147 2470/269/3131 2482/271/3133
f 2483/270/3132 2480/264/3126 2489/287/3150
f 2481/286/3149 2484/278/3141 2493/289/3154
f 2486/285/3148 2495/291/3156 2492/288/3153
f 2487/290/3155 2482/271/3133 2490/227/3152
f 2497/248/3109 2498/292/3157 2503/266/3128
f 2496/247/3108 2505/254/3115 2506/273/3135
f 2502/293/3158 2511/281/3144 2508/294/3159
f 2504/339/3210 2509/258/3119 2510/280/3143
f 2452/236/3096 2449/234/3093 2497/248/3109
f 2450/233/3092 2457/251/3112 2505/254/3115
f 2462/256/3117 2509/258/3119 2504/339/3210
f 2463/257/3118 2451/237/3097 2501/250/3111
f 2498/292/3157 2465/259/3120 2468/267/3129
f 2499/260/3121 2506/273/3135 2473/276/3138
f 2507/274/3136 2510/280/3143 2477/283/3146
f 2511/281/3144 2502/293/3158 2469/265/3127
f 2517/295/3160 2515/336/3206 2441/239/3099
f 2447/244/3105 2520/246/3107 2519/299/3164
f 2448/243/3104 2522/302/3167 2526/304/3169
f 2525/28/2905 2512/27/2904 2516/296/3161
f 2518/241/3102 2530/300/3165 2529/297/3162
f 2520/246/3107 2532/301/3166 2531/308/3173
f 2521/245/3106 2526/304/3169 2534/306/3171
f 2527/303/3168 2516/296/3161 2528/298/3163
f 2530/300/3165 2538/309/3174 2537/340/3211
f 2532/301/3166 2540/311/3176 2539/316/3181
f 2533/310/3175 2534/306/3171 2542/313/3178
f 2535/305/3170 2528/298/3163 2536/307/3172
f 2537/340/3211 2538/309/3174 2546/317/3182
f 2540/311/3176 2548/319/3184 2547/341/3212
f 2542/313/3178 2550/321/3186 2549/325/3192
f 2543/312/3177 2536/307/3172 2544/315/3180
f 2545/314/3187 2546/317/3189 2554/324/3191
f 2548/319/3184 2556/326/3193 2555/323/3190
f 2549/325/3192 2550/321/3186 2558/328/3195
f 2551/320/3185 2544/315/3180 2552/322/3188
f 2554/324/3191 2563/331/3199 2561/228/3213
f 2556/326/3193 2565/333/3201 2562/330/3198
f 2557/332/3200 2558/328/3195 2567/334/3203
f 2559/327/3194 2552/322/3188 2560/230/3197
f 2426/217/3078 2427/216/3077 2428/218/3079
f 2437/104/2981 2438/103/2980 2439/135/3014
f 2453/252/3113 2454/207/3064 2455/206/3063
f 2422/208/3066 2460/343/3217 2461/255/3216
f 2513/212/3071 2514/211/3070 2515/336/3206
f 2522/302/3167 2523/215/3075 2524/26/2903
f 2431/67/2943 2461/255/3205 2460/343/3217
f 2409/86/2959 2432/199/3059 2431/67/2943
f 2433/219/3080 2351/347/2937 2352/344/2936
f 2439/135/3014 2444/58/2935 2443/242/3103
f 2426/217/3078 2352/344/2936 2354/138/3015
f 2494/338/3221 2493/289/3224 2492/288/3222
f 2490/227/3088 2488/226/3087 2493/289/3224
f 2563/331/76 2562/330/76 2565/333/76
f 2567/334/76 2561/228/76 2563/331/76
f 2423/210/3069 2513/212/3071 2524/26/2903
f 2321/348/3227 2309/30/3231 2570/349/3228
f 2615/351/3230 2614/429/3318 2570/349/3228
f 2361/145/3232 2364/150/3443 2605/352/3233
f 2322/17/2894 2305/19/2896 2575/105/2982
f 2322/17/2894 2574/11/2888 2576/354/3238
f 2305/19/2896 2366/357/5880 2577/355/3239
f 2698/356/3240 2697/537/3440 2577/355/3239
f 2658/77/76 2589/79/76 2657/361/76
f 2592/5/2882 2593/364/3246 2594/363/3245
f 2593/364/3246 2596/366/3248 2595/365/3247
f 2596/366/3248 2610/409/3296 2609/367/3249
f 2600/358/3250 2602/369/3253 2601/368/3251
f 2602/369/3253 2612/410/3297 2611/370/3254
f 2603/371/3255 2606/408/3295 2608/372/3256
f 2616/374/3258 2618/412/3299 2617/375/3259
f 2619/376/3260 2620/414/3301 2627/377/3261
f 2622/379/3263 2629/416/3303 2628/380/3264
f 2624/382/3266 2631/417/3304 2630/383/3267
f 2625/385/3269 2626/419/3306 2633/386/3270
f 2627/377/3261 2635/421/3308 2634/388/3272
f 2628/380/3264 2629/416/3303 2637/389/3273
f 2630/383/3267 2631/417/3304 2639/391/3275
f 2633/386/3270 2641/423/3310 2640/393/3277
f 2634/388/3272 2635/421/3308 2643/394/3278
f 2637/389/3273 2645/425/3312 2644/396/3280
f 2638/392/3276 2639/391/3275 2647/397/3281
f 2640/393/3277 2641/423/3310 2649/399/3283
f 2643/394/3278 2650/428/3315 2651/401/3285
f 2644/396/3280 2645/425/3312 2652/78/3286
f 2646/398/3282 2647/397/3281 2655/403/3288
f 2649/399/3283 2656/362/3317 2657/361/3290
f 2568/350/3229 2569/360/3244 2596/366/3248
f 2593/364/3246 2592/5/2882 2321/348/3227
f 2590/76/2952 2594/363/3245 2571/405/3291
f 2602/369/3253 2600/358/3250 2358/146/3235
f 2572/406/3293 2603/371/3255 2607/373/3257
f 2606/408/3295 2595/365/3247 2609/367/3249
f 2569/360/3244 2579/411/3298 2610/409/3296
f 2572/406/3293 2578/407/3294 2612/410/3297
f 2569/360/3244 2613/359/3243 2617/375/3259
f 2618/412/3299 2616/374/3258 2601/368/3251
f 2620/414/3301 2621/381/3265 2628/380/3264
f 2581/415/3302 2583/418/3305 2629/416/3303
f 2624/382/3266 2580/413/3300 2582/378/3262
f 2625/385/3269 2632/387/3271 2583/418/3305
f 2626/419/3306 2623/384/3268 2630/383/3267
f 2627/377/3261 2628/380/3264 2636/390/3274
f 2629/416/3303 2583/418/3305 2585/422/3309
f 2631/417/3304 2582/378/3262 2584/420/3307
f 2632/387/3271 2640/393/3277 2585/422/3309
f 2633/386/3270 2630/383/3267 2638/392/3276
f 2584/420/3307 2634/388/3272 2642/395/3279
f 2635/421/3308 2636/390/3274 2644/396/3280
f 2585/422/3309 2587/426/3313 2645/425/3312
f 2639/391/3275 2584/420/3307 2586/424/3311
f 2640/393/3277 2648/400/3284 2587/426/3313
f 2641/423/3310 2638/392/3276 2646/398/3282
f 2586/424/3311 2642/395/3279 2651/401/3285
f 2643/394/3278 2644/396/3280 2653/402/3287
f 2587/426/3313 2589/79/3316 2652/78/3286
f 2647/397/3281 2586/424/3311 2588/427/3314
f 2648/400/3284 2657/361/3290 2589/79/3316
f 2649/399/3283 2646/398/3282 2654/404/3289
f 2598/81/2954 2599/137/3016 2600/358/3242
f 2604/353/3234 2605/352/3233 2606/408/3295
f 2613/359/3243 2614/429/3318 2615/351/3230
f 2613/359/3243 2568/350/3229 2570/349/3228
f 2306/1/3319 2597/80/3252 2616/374/3258
f 2354/138/3015 2599/137/3016 2598/81/2954
f 2600/358/3242 2599/137/3016 2356/139/3017
f 2358/146/3235 2604/353/3237 2603/371/3255
f 2654/404/76 2659/430/76 2658/77/76
f 2659/430/76 2650/428/76 2653/402/76
f 2655/403/76 2588/427/76 2659/430/76
f 2651/401/76 2650/428/76 2659/430/76
f 2661/431/3320 2664/435/3324 2663/432/3321
f 2661/431/3320 2660/451/3340 2665/434/3323
f 2668/436/3325 2667/440/3329 2670/437/3326
f 2666/439/3328 2671/452/3341 2670/437/3326
f 2673/441/3330 2676/445/3334 2675/442/3331
f 2673/441/3330 2672/453/3342 2677/444/3333
f 2680/446/3335 2679/450/3339 2682/447/3336
f 2678/449/3338 2683/454/3343 2682/447/3336
f 2608/372/3256 2665/434/3323 2660/451/3340
f 2609/367/3249 2610/409/3296 2671/452/3341
f 2612/410/3297 2677/444/3333 2672/453/3342
f 2617/375/3259 2618/412/3299 2683/454/3343
f 2662/433/3322 2663/432/3321 2620/414/3301
f 2669/438/3327 2622/379/3263 2621/381/3265
f 2674/443/3332 2675/442/3331 2624/382/3266
f 2681/448/3337 2626/419/3306 2625/385/3269
f 2578/407/3294 2607/373/3257 2660/451/3344
f 2608/372/3256 2609/367/3249 2666/439/3328
f 2610/409/3296 2579/411/3298 2689/456/3346
f 2578/407/3294 2684/455/3345 2677/444/3333
f 2579/411/3298 2617/375/3259 2678/449/3338
f 2611/370/3254 2672/453/3342 2683/454/3343
f 2686/457/3347 2662/433/3350 2619/376/3260
f 2663/432/3321 2668/436/3325 2621/381/3265
f 2687/458/3348 2581/415/3302 2622/379/3263
f 2675/442/3331 2686/457/3347 2580/413/3300
f 2680/446/3335 2625/385/3269 2581/415/3302
f 2681/448/3337 2674/443/3332 2623/384/3268
f 2661/431/3349 2685/459/3351 2684/455/3345
f 2662/433/3350 2686/457/3347 2685/459/3351
f 2664/435/3324 2667/440/3329 2668/436/3325
f 2665/434/3323 2666/439/3328 2667/440/3329
f 2669/438/3327 2670/437/3326 2688/460/3352
f 2670/437/3326 2671/452/3341 2689/456/3346
f 2672/453/3342 2673/441/3330 2682/447/3336
f 2674/443/3332 2681/448/3337 2682/447/3336
f 2676/445/3334 2685/459/3351 2686/457/3347
f 2676/445/3334 2677/444/3333 2684/455/3345
f 2679/450/3339 2688/460/3352 2689/456/3346
f 2679/450/3339 2680/446/3335 2687/458/3348
f 2691/461/3353 2690/465/3438 2357/140/3018
f 2732/462/3354 2733/535/3354 2739/463/3354
f 2690/465/3355 2692/528/3424 2694/466/3356
f 2694/466/3356 2740/510/3405 2741/468/3358
f 2695/469/3359 2696/472/3362 2756/470/3360
f 2696/472/3362 2695/469/3359 2699/106/2983
f 2700/473/3364 2701/476/3367 2748/474/3365
f 2701/476/3367 2700/473/3364 2703/477/3368
f 2703/477/3370 2717/531/3431 2716/479/3371
f 2705/480/3372 2754/518/3414 2755/481/3373
f 2704/482/3374 2707/530/3430 2706/483/3375
f 2706/483/3376 2707/530/3430 2719/484/3377
f 2709/486/3379 2760/521/3417 2761/487/3380
f 2709/486/3379 2708/488/3381 2711/489/3382
f 2710/490/3383 2711/489/3382 2721/491/3384
f 2712/493/3386 2713/497/3390 2744/494/3387
f 2712/493/3386 2715/498/3391 2714/496/3389
f 2715/498/3391 2723/532/3432 2722/499/3392
f 2716/479/3371 2717/531/3431 2725/500/3393
f 2719/484/3377 2727/533/3433 2726/502/3395
f 2721/491/3384 2729/534/3434 2728/503/3396
f 2722/499/3392 2723/532/3432 2731/504/3397
f 2725/500/3393 2733/535/3435 2732/462/3399
f 2726/502/3395 2727/533/3433 2734/506/3400
f 2728/503/3396 2729/534/3434 2736/508/3402
f 2731/504/3397 2738/464/3436 2739/463/3404
f 2740/510/3405 2742/536/3437 2743/511/3406
f 2743/511/3407 2742/536/3437 2745/495/3388
f 2746/512/3408 2747/514/3410 2749/475/3366
f 2746/512/3408 2751/515/3411 2750/513/3409
f 2751/515/3411 2764/527/3423 2767/516/3412
f 2753/517/3413 2755/481/3373 2754/518/3414
f 2753/517/3413 2752/519/3415 2757/471/3361
f 2759/520/3416 2761/487/3380 2760/521/3417
f 2759/520/3416 2758/522/3418 2763/523/3419
f 2762/524/3420 2763/523/3419 2768/525/3421
f 2766/12/2889 2699/106/2983 2695/469/3359
f 2692/528/3424 2311/21/2898 2576/354/3238
f 2360/142/3425 2357/140/5885 2769/529/3426
f 2360/142/3425 2696/472/3362 2698/356/3428
f 2700/473/3364 2705/480/3372 2706/483/3375
f 2709/486/3379 2710/490/3383 2707/530/3430
f 2713/497/3390 2714/496/3389 2711/489/3382
f 2712/493/3386 2701/476/3367 2702/478/3369
f 2706/483/3376 2718/485/3378 2717/531/3431
f 2710/490/3383 2720/492/3385 2719/484/3377
f 2714/496/3389 2722/499/3392 2721/491/3384
f 2715/498/3391 2702/478/3369 2716/479/3371
f 2718/485/3378 2726/502/3395 2725/500/3393
f 2720/492/3385 2728/503/3396 2727/533/3433
f 2722/499/3392 2730/505/3398 2729/534/3434
f 2723/532/3432 2716/479/3371 2724/501/3394
f 2726/502/3395 2735/507/3401 2733/535/3435
f 2727/533/3433 2728/503/3396 2737/509/3403
f 2730/505/3398 2739/463/3404 2736/508/3402
f 2724/501/3394 2732/462/3399 2738/464/3436
f 2750/513/3409 2767/516/3412 2695/469/3359
f 2696/472/3362 2768/525/3421 2763/523/3419
f 2770/526/3422 2693/467/3357 2741/468/3358
f 2764/527/3423 2751/515/3411 2740/510/3405
f 2749/475/3366 2754/518/3414 2705/480/3372
f 2760/521/3417 2709/486/3379 2704/482/3374
f 2744/494/3387 2713/497/3390 2708/488/3381
f 2745/495/3388 2748/474/3365 2701/476/3367
f 2751/515/3411 2746/512/3408 2742/536/3437
f 2748/474/3365 2745/495/3388 2742/536/3437
f 2747/514/3410 2752/519/3415 2754/518/3414
f 2747/514/3410 2750/513/3409 2757/471/3361
f 2755/481/3373 2753/517/3413 2758/522/3418
f 2756/470/3360 2763/523/3419 2758/522/3418
f 2761/487/3380 2759/520/3416 2743/511/3407
f 2762/524/3420 2741/468/3358 2743/511/3406
f 2765/13/2890 2766/12/2889 2767/516/3412
f 2573/107/2984 2766/12/2889 2574/11/2888
f 2575/105/2982 2577/355/3239 2697/537/3440
f 2765/13/2890 2764/527/3423 2576/354/3238
f 2691/461/3353 2312/16/2893 2311/21/2898
f 2733/535/3354 2735/507/3354 2736/508/3354
f 2735/507/3354 2734/506/3354 2737/509/3354
f 2772/538/3444 2771/616/3453 2777/539/3445
f 2774/541/3447 2780/544/5886 2779/542/3448
f 2772/538/3450 2778/540/580 2780/544/580
f 2775/545/3452 2781/549/5887 2777/546/3445
f 2775/545/3454 2776/550/3574 2782/548/575
f 2776/550/3455 2773/622/3449 2779/551/3448
f 2778/540/3457 2777/539/3464 2783/552/3458
f 2780/544/3460 2786/555/3469 2785/554/3461
f 2780/544/580 2778/540/580 2784/553/580
f 2781/549/3463 2787/557/3471 2783/556/3458
f 2782/548/575 2788/559/575 2787/557/575
f 2782/548/3465 2779/551/3462 2785/558/3461
f 2784/553/3459 2783/552/3458 2789/560/3467
f 2786/555/3469 2792/563/5888 2791/562/3470
f 2786/555/580 2784/553/580 2790/561/580
f 2787/557/3471 2793/565/5889 2789/564/3467
f 2788/559/575 2794/567/575 2793/565/575
f 2788/559/3466 2785/558/3461 2791/566/3470
f 2789/560/3467 2795/574/3477 2796/568/3473
f 2791/562/3470 2792/563/5888 2798/569/3474
f 2792/563/580 2790/561/580 2796/568/580
f 2789/564/3467 2793/565/5889 2799/571/3476
f 2794/567/575 2800/573/575 2799/571/575
f 2791/566/3470 2797/577/3475 2800/573/3478
f 2795/574/3477 2801/152/3483 2802/154/3479
f 2797/570/3475 2798/569/3474 2804/153/3480
f 2798/569/580 2796/568/580 2802/154/580
f 2795/572/3477 2799/571/3476 2805/576/3482
f 2800/573/575 2806/156/575 2805/576/575
f 2797/577/3475 2803/157/3481 2806/156/3484
f 2382/180/3485 2807/579/3489 2808/578/3486
f 2385/179/3488 2809/580/3505 2807/579/3489
f 2337/42/3490 2810/581/5890 2809/580/3491
f 2337/42/3493 2333/39/3487 2808/578/3486
f 2387/182/3495 2384/584/3498 2811/582/3496
f 2384/584/3498 2334/41/3501 2813/585/3499
f 2338/45/3500 2814/586/3511 2813/585/3499
f 2338/45/3502 2387/182/5891 2812/583/3503
f 2807/579/3489 2815/96/2969 2816/98/2971
f 2809/580/3505 2817/587/5892 2815/96/2969
f 2809/580/3491 2810/581/5890 2818/97/3506
f 2810/581/3494 2808/578/3486 2816/98/2971
f 2812/583/3497 2811/582/3496 2819/122/2999
f 2811/582/3496 2813/585/3499 2821/588/3510
f 2814/586/3511 2822/123/5893 2821/588/3510
f 2812/583/3503 2820/124/5894 2822/123/3512
f 2314/589/3513 2826/85/5895 2825/84/3514
f 2314/589/3516 2379/602/5896 2824/83/3517
f 2298/590/3519 2825/84/5897 2828/89/3520
f 2325/591/3522 2828/89/5898 2830/92/3523
f 2333/593/3525 2832/95/5899 2831/176/3526
f 2329/592/3528 2830/92/3528 2832/95/3528
f 2313/595/3529 2836/114/5900 2835/113/3530
f 2313/595/3532 2297/597/5901 2833/112/3533
f 2297/597/3535 2326/598/5902 2838/116/3536
f 2326/598/3538 2330/599/5903 2840/118/3539
f 2330/599/3541 2334/600/3541 2842/120/3541
f 2334/600/3542 2384/607/5904 2841/121/3543
f 2380/601/3545 2843/168/5905 2824/83/3546
f 2380/603/3548 2381/596/5906 2835/113/3549
f 2383/604/3551 2382/594/5907 2831/176/3552
f 2383/606/3554 2847/177/5908 2841/121/3555
f 2365/149/3025 2848/623/3563 2851/608/3557
f 2368/609/3033 2367/74/2950 2857/610/3558
f 2367/74/580 2364/150/580 2851/608/3560
f 2365/151/3025 2366/357/5881 2860/612/3562
f 2369/108/575 2863/614/3593 2860/612/3564
f 2368/160/3033 2854/628/3559 2863/614/3565
f 2853/615/3566 2850/644/3572 2771/616/3453
f 2859/617/3567 2774/541/3447 2773/543/3449
f 2853/615/3569 2772/538/3450 2774/541/3451
f 2862/619/3571 2775/545/3452 2771/547/3453
f 2862/619/3573 2865/621/3592 2776/550/3574
f 2865/621/3575 2856/645/3568 2773/622/3449
f 2848/623/3576 2849/646/3590 2852/624/3577
f 2849/625/3579 2850/644/3588 2853/615/3580
f 2852/624/3582 2858/633/3583 2857/610/3561
f 2852/626/3582 2853/615/3569 2859/617/3570
f 2854/628/3559 2855/647/3585 2864/629/3584
f 2855/630/3585 2856/645/3568 2865/621/3575
f 2855/632/3585 2858/627/3586 2859/617/3567
f 2854/611/3559 2857/610/3558 2858/633/3586
f 2849/635/3579 2861/638/5909 2862/619/3587
f 2848/613/3576 2860/612/5910 2861/636/3589
f 2861/638/3591 2864/631/3594 2865/621/3592
f 2861/636/3591 2860/612/3564 2863/614/3593
f 2879/1/3595 2882/30/3624 2883/2/3596
f 2888/4/3598 2889/205/3936 2881/3/3597
f 3165/5/3599 3164/75/3668 2877/6/3600
f 2883/2/3596 2882/30/3624 2875/8/3602
f 2887/10/3604 2888/4/3598 2883/2/3596
f 2880/14/3608 2890/346/3937 2891/15/3609
f 2895/17/3611 2892/31/3625 2876/18/3612
f 2885/16/3610 2872/23/3617 2874/20/3614
f 2885/16/3610 2891/15/3609 2886/22/3616
f 2888/4/3598 2887/10/3604 2871/24/3618
f 3097/26/3620 3086/212/3788 3085/27/3621
f 2891/15/3609 2868/130/3726 2870/29/3623
f 2882/30/3624 2894/348/3944 2893/7/3601
f 2892/31/3625 2895/17/3611 2884/21/3615
f 2871/24/3618 2898/35/3629 2897/32/3626
f 2870/29/3623 2868/130/3726 2896/33/3627
f 2898/35/3629 2902/639/5911 2901/36/3630
f 2899/34/3628 2896/33/3627 2900/37/3631
f 2901/36/3630 2902/639/5911 2906/39/3633
f 2900/37/3631 2904/44/3638 2907/41/3635
f 2905/40/3634 2906/39/3633 2910/42/3636
f 2904/44/3638 2908/48/3642 2911/45/3639
f 2909/43/3637 2910/42/3636 2914/46/3640
f 2908/48/3642 2912/52/3646 2915/49/3643
f 2913/47/3641 2914/46/3640 2918/50/3644
f 2912/52/3646 2916/56/3650 2919/53/3647
f 2917/51/3645 2918/50/3644 2922/54/3648
f 2916/56/3650 2920/70/3663 2923/57/3651
f 3017/58/3652 3012/135/3731 2925/59/3653
f 2968/61/3655 2971/190/3659 2970/62/3656
f 2968/64/3655 2967/100/3692 2972/65/3658
f 2988/69/3662 2991/102/3695 2923/57/3651
f 2949/71/3664 2952/165/3753 2887/10/3604
f 2949/71/3664 2873/9/3603 2875/8/3602
f 2943/73/3666 2893/7/3601 2877/6/3600
f 2940/74/3667 2877/6/3600 3164/75/3668
f 3231/77/76 3226/402/76 3225/78/76
f 3397/83/3673 3396/88/3678 3398/84/3674
f 2946/72/3665 2875/8/3602 2893/7/3601
f 2982/86/3676 2869/25/3619 2897/32/3626
f 3396/88/3678 3400/91/3681 3401/89/3679
f 2979/87/3677 2897/32/3626 2901/36/3630
f 3400/91/3681 3402/94/3684 3403/92/3682
f 2976/90/3680 2901/36/3630 2905/40/3634
f 3402/94/3684 3404/176/3760 3405/95/3685
f 2970/62/3656 2973/93/3683 2905/40/3634
f 3388/96/3686 3390/587/5912 3391/97/3687
f 2969/63/3657 2970/62/3656 2909/43/3637
f 2910/42/3689 2958/179/3763 2961/99/3690
f 2967/100/3692 2985/101/3694 2916/56/3650
f 2961/99/3690 2964/187/3769 2918/50/3693
f 2985/101/3694 2988/69/3662 2920/70/3663
f 2991/102/3695 2966/126/3722 2919/53/3696
f 2880/14/3608 2928/345/3935 3011/103/3697
f 2942/108/3702 2939/357/5913 2878/19/3613
f 2945/109/3703 2942/108/3702 2876/18/3612
f 2948/110/3704 2945/109/3703 2892/31/3625
f 2951/111/3705 2948/110/3704 2874/20/3614
f 2886/22/3616 2954/166/3754 2951/111/3705
f 3406/112/3706 3407/115/3709 3408/113/3707
f 3407/115/3709 3406/112/3706 3411/116/3710
f 3410/117/3711 3411/116/3710 3413/118/3712
f 3412/119/3713 3413/118/3712 3415/120/3714
f 3392/122/3716 3394/588/4227 3395/123/3717
f 2963/125/3719 2960/182/3765 2911/45/3720
f 2963/125/3719 2915/49/3721 2919/53/3696
f 2908/48/3642 2972/65/3658 2967/100/3692
f 2904/44/3638 2975/191/3771 2972/65/3658
f 2978/127/3723 2975/191/3771 2904/44/3638
f 2981/128/3724 2978/127/3723 2900/37/3631
f 2984/129/3725 2981/128/3724 2896/33/3627
f 3019/131/3727 3018/222/3800 2984/129/3725
f 2969/63/3657 2913/47/3641 2917/51/3645
f 2987/132/3728 2917/51/3645 2921/55/3649
f 2990/133/3729 2921/55/3649 2922/54/3648
f 2918/50/3693 2964/187/3769 2993/134/3730
f 3012/135/3731 2928/345/3935 2927/136/3732
f 2927/136/3732 2928/345/3935 2930/140/3735
f 2929/141/3734 2930/140/3735 2933/142/3736
f 2932/144/3737 2935/640/3741 2934/145/3738
f 2932/143/3737 2933/142/3736 2936/147/3740
f 2934/145/3738 2935/640/3741 2938/149/3742
f 2936/147/3740 2939/357/5914 2938/151/3742
f 3374/152/3744 3376/575/3748 3377/153/3745
f 3374/155/3744 3378/576/5915 3379/156/3747
f 2940/74/3667 2941/609/3750 2944/158/3749
f 2942/108/3702 2945/109/3703 2944/159/3749
f 2943/73/3666 2944/158/3749 2947/161/3751
f 2945/109/3703 2948/110/3704 2947/162/3751
f 2946/72/3665 2947/161/3751 2950/163/3752
f 2948/110/3704 2951/111/3705 2950/164/3752
f 2950/163/3752 2953/641/3755 2952/165/3753
f 2950/164/3752 2951/111/3705 2954/166/3754
f 3416/168/3756 3417/171/3757 3396/88/3678
f 3416/169/3756 3408/113/3707 3407/115/3709
f 3417/171/3757 3418/173/3758 3400/91/3681
f 3417/170/3757 3407/115/3709 3410/117/3711
f 3418/173/3758 3419/175/3759 3402/94/3684
f 3418/172/3758 3410/117/3711 3412/119/3713
f 3419/175/3759 3420/605/3761 3404/176/3760
f 3419/174/3759 3412/119/3713 3414/121/3715
f 2956/178/3762 2959/642/3766 2958/179/3763
f 2956/181/3762 2957/584/5916 2960/182/3765
f 2958/179/3763 2959/642/3766 2962/184/3767
f 2960/182/3765 2963/125/3719 2962/185/3767
f 2961/99/3690 2962/184/3767 2965/186/3768
f 2963/125/3719 2966/126/3722 2965/188/3768
f 2968/64/3655 2986/200/3770 2985/101/3694
f 2968/61/3655 2969/63/3657 2987/132/3728
f 2971/190/3659 2974/643/3772 2973/93/3683
f 2971/66/3659 2972/65/3658 2975/191/3771
f 2973/93/3683 2974/643/3772 2977/193/3773
f 2975/191/3771 2978/127/3723 2977/194/3773
f 2976/90/3680 2977/193/3773 2980/195/3774
f 2978/127/3723 2981/128/3724 2980/196/3774
f 2979/87/3677 2980/195/3774 2983/197/3775
f 2981/128/3724 2984/129/3725 2983/198/3775
f 2986/200/3770 2989/202/3777 2988/69/3662
f 2986/189/3770 2987/132/3728 2990/133/3729
f 2989/202/3777 2992/204/3778 2991/102/3695
f 2989/201/3777 2990/133/3729 2993/134/3730
f 2964/187/3769 2965/186/3768 2992/203/3778
f 2966/126/3722 2991/102/3695 2992/204/3778
f 2889/205/3779 2888/4/3782 3028/206/3780
f 2888/4/3782 2869/25/3785 2995/208/3783
f 2867/68/3661 3033/343/3934 2995/208/3783
f 2996/210/3786 2890/346/3942 3087/211/3787
f 2891/15/3793 2996/210/3786 2997/213/3790
f 3000/216/3794 2926/82/3672 2881/3/3597
f 3006/219/3797 2999/217/3795 2998/220/3798
f 3064/225/3803 3062/287/5917 3061/226/3804
f 3134/228/76 3140/334/76 3139/229/76
f 2998/220/3806 3001/218/3943 3003/231/3807
f 3002/232/3808 3003/231/3807 3023/233/3809
f 3007/221/3799 3009/335/3921 3008/235/3811
f 3008/235/3812 3009/335/3921 3025/236/3813
f 3013/238/3815 3015/240/3818 3014/239/3816
f 3015/240/3818 3092/299/3881 3091/241/3819
f 3016/242/3820 3019/131/3727 3021/243/3821
f 3020/244/3822 3021/243/3821 3094/245/3823
f 3022/234/3810 3023/233/3809 3069/247/3825
f 3024/237/3814 3025/236/3813 3073/249/3827
f 3029/224/3802 3031/253/3831 3030/251/3829
f 3031/253/3831 3077/339/3927 3078/254/3832
f 3034/255/3833 3036/257/3835 3035/256/3834
f 3036/257/3835 3081/294/3876 3082/258/3836
f 3038/259/3837 3071/292/3874 3072/260/3838
f 3038/259/3837 3037/261/3839 3040/262/3840
f 3040/262/3842 3054/286/3866 3053/264/3843
f 3042/265/3844 3075/293/3875 3076/266/3845
f 3042/265/3844 3041/267/3846 3044/268/3847
f 3043/269/3848 3044/268/3847 3056/270/3849
f 3045/272/3851 3046/276/3855 3079/273/3852
f 3045/272/3851 3048/337/3924 3047/275/3854
f 3047/275/3856 3048/337/3924 3058/277/3857
f 3049/279/3859 3050/283/3863 3083/280/3860
f 3049/279/3859 3052/284/3864 3051/282/3862
f 3052/284/3864 3060/290/3872 3059/285/3865
f 3054/286/3866 3061/226/3925 3062/287/3867
f 3055/271/3850 3056/270/3849 3064/225/3868
f 3057/278/3858 3058/277/3857 3065/288/3870
f 3060/290/3872 3067/338/3926 3068/291/3873
f 3069/247/3825 3072/260/3838 3071/292/3874
f 3073/249/3827 3076/266/3845 3075/293/3875
f 3078/254/3832 3077/339/3927 3080/274/3853
f 3081/294/3876 3084/281/3861 3083/280/3860
f 3085/27/3621 3088/336/3923 3090/295/3877
f 3089/296/3878 3090/295/3877 3102/297/3879
f 3092/299/3881 3104/308/3890 3103/300/3882
f 3094/245/3823 3106/310/3892 3105/301/3883
f 3095/302/3884 3098/28/3622 3100/303/3885
f 3099/304/3886 3100/303/3885 3108/305/3887
f 3102/297/3879 3110/340/3928 3109/307/3889
f 3104/308/3890 3112/316/3898 3111/309/3891
f 3106/310/3892 3114/318/3900 3113/311/3893
f 3107/306/3888 3108/305/3887 3116/312/3894
f 3109/307/3889 3110/340/3928 3118/314/3896
f 3112/316/3898 3120/341/3929 3119/317/3899
f 3114/318/3900 3122/325/3909 3121/319/3901
f 3115/313/3895 3116/312/3894 3124/320/3902
f 3118/314/3904 3126/329/3913 3125/322/3905
f 3119/317/3906 3120/341/3929 3128/323/3907
f 3122/325/3909 3130/332/3917 3129/326/3910
f 3123/321/3903 3124/320/3902 3132/327/3911
f 3126/329/3913 3134/228/3930 3133/230/3914
f 3127/324/3908 3128/323/3907 3135/330/3915
f 3130/332/3917 3137/342/3931 3138/333/3918
f 3131/328/3912 3132/327/3911 3139/229/3919
f 3009/335/3921 3007/221/3799 2998/220/3806
f 3003/231/3807 3001/218/3943 3027/207/3781
f 3087/211/3787 3010/104/3817 3014/239/3816
f 3015/240/3818 3013/238/3815 3016/242/3820
f 3021/243/3821 3019/131/3727 3096/215/3792
f 3009/335/3921 3002/232/3808 3022/234/3810
f 3003/231/3807 3026/252/3830 3030/251/3829
f 3031/253/3831 3029/224/3802 3032/223/3801
f 3036/257/3835 3034/255/3833 3008/235/3812
f 3041/267/3846 3038/259/3837 3039/263/3841
f 3046/276/3855 3047/275/3854 3040/262/3840
f 3045/272/3851 3050/283/3863 3051/282/3862
f 3042/265/3844 3043/269/3848 3052/284/3864
f 3044/268/3847 3039/263/3841 3053/264/3843
f 3040/262/3842 3047/275/3856 3057/278/3858
f 3051/282/3862 3059/285/3865 3058/277/3857
f 3052/284/3864 3043/269/3848 3055/271/3850
f 3056/270/3849 3053/264/3843 3062/287/3867
f 3054/286/3866 3057/278/3858 3066/289/3871
f 3059/285/3865 3068/291/3873 3065/288/3870
f 3060/290/3872 3055/271/3850 3063/227/3869
f 3070/248/3826 3071/292/3874 3076/266/3845
f 3069/247/3825 3078/254/3832 3079/273/3852
f 3075/293/3875 3084/281/3861 3081/294/3876
f 3077/339/3927 3082/258/3836 3083/280/3860
f 3025/236/3813 3022/234/3810 3070/248/3826
f 3023/233/3809 3030/251/3829 3078/254/3832
f 3035/256/3834 3082/258/3836 3077/339/3927
f 3036/257/3835 3024/237/3814 3074/250/3828
f 3071/292/3874 3038/259/3837 3041/267/3846
f 3072/260/3838 3079/273/3852 3046/276/3855
f 3080/274/3853 3083/280/3860 3050/283/3863
f 3084/281/3861 3075/293/3875 3042/265/3844
f 3090/295/3877 3088/336/3923 3014/239/3816
f 3020/244/3822 3093/246/3824 3092/299/3881
f 3021/243/3821 3095/302/3884 3099/304/3886
f 3098/28/3622 3085/27/3621 3089/296/3878
f 3091/241/3819 3103/300/3882 3102/297/3879
f 3093/246/3824 3105/301/3883 3104/308/3890
f 3094/245/3823 3099/304/3886 3107/306/3888
f 3100/303/3885 3089/296/3878 3101/298/3880
f 3103/300/3882 3111/309/3891 3110/340/3928
f 3105/301/3883 3113/311/3893 3112/316/3898
f 3106/310/3892 3107/306/3888 3115/313/3895
f 3108/305/3887 3101/298/3880 3109/307/3889
f 3110/340/3928 3111/309/3891 3119/317/3899
f 3113/311/3893 3121/319/3901 3120/341/3929
f 3115/313/3895 3123/321/3903 3122/325/3909
f 3116/312/3894 3109/307/3889 3117/315/3897
f 3118/314/3904 3119/317/3906 3127/324/3908
f 3121/319/3901 3129/326/3910 3128/323/3907
f 3122/325/3909 3123/321/3903 3131/328/3912
f 3124/320/3902 3117/315/3897 3125/322/3905
f 3127/324/3908 3136/331/3916 3134/228/3930
f 3129/326/3910 3138/333/3918 3135/330/3915
f 3130/332/3917 3131/328/3912 3140/334/3920
f 3132/327/3911 3125/322/3905 3133/230/3914
f 2999/217/3795 3000/216/3794 3001/218/3796
f 3010/104/3698 3011/103/3697 3012/135/3731
f 3026/252/3830 3027/207/3781 3028/206/3780
f 2995/208/3783 3033/343/3934 3034/255/3933
f 3086/212/3788 3087/211/3787 3088/336/3923
f 3095/302/3884 3096/215/3792 3097/26/3620
f 3004/67/3660 3034/255/3922 3033/343/3934
f 2982/86/3676 3005/199/3776 3004/67/3660
f 3006/219/3797 2924/347/3654 2925/344/3653
f 3012/135/3731 3017/58/3652 3016/242/3820
f 2999/217/3795 2925/344/3653 2927/138/3732
f 3067/338/3938 3066/289/3941 3065/288/3939
f 3063/227/3805 3061/226/3804 3066/289/3941
f 3136/331/76 3135/330/76 3138/333/76
f 3140/334/76 3134/228/76 3136/331/76
f 2996/210/3786 3086/212/3788 3097/26/3620
f 2894/348/3944 2882/30/3948 3143/349/3945
f 3188/351/3947 3187/429/4035 3143/349/3945
f 2934/145/3949 2937/150/4160 3178/352/3950
f 2895/17/3611 2878/19/3613 3148/105/3699
f 2895/17/3611 3147/11/3605 3149/354/3955
f 2878/19/3613 2939/357/5913 3150/355/3956
f 3271/356/3957 3270/537/4157 3150/355/3956
f 3231/77/76 3162/79/76 3230/361/76
f 3165/5/3599 3166/364/3963 3167/363/3962
f 3166/364/3963 3169/366/3965 3168/365/3964
f 3169/366/3965 3183/409/4013 3182/367/3966
f 3173/358/3967 3175/369/3970 3174/368/3968
f 3175/369/3970 3185/410/4014 3184/370/3971
f 3176/371/3972 3179/408/4012 3181/372/3973
f 3189/374/3975 3191/412/4016 3190/375/3976
f 3192/376/3977 3193/414/4018 3200/377/3978
f 3195/379/3980 3202/416/4020 3201/380/3981
f 3197/382/3983 3204/417/4021 3203/383/3984
f 3198/385/3986 3199/419/4023 3206/386/3987
f 3200/377/3978 3208/421/4025 3207/388/3989
f 3201/380/3981 3202/416/4020 3210/389/3990
f 3203/383/3984 3204/417/4021 3212/391/3992
f 3206/386/3987 3214/423/4027 3213/393/3994
f 3207/388/3989 3208/421/4025 3216/394/3995
f 3210/389/3990 3218/425/4029 3217/396/3997
f 3211/392/3993 3212/391/3992 3220/397/3998
f 3213/393/3994 3214/423/4027 3222/399/4000
f 3216/394/3995 3223/428/4032 3224/401/4002
f 3217/396/3997 3218/425/4029 3225/78/4003
f 3219/398/3999 3220/397/3998 3228/403/4005
f 3222/399/4000 3229/362/4034 3230/361/4007
f 3141/350/3946 3142/360/3961 3169/366/3965
f 3166/364/3963 3165/5/3599 2894/348/3944
f 3163/76/3669 3167/363/3962 3144/405/4008
f 3175/369/3970 3173/358/3967 2931/146/3952
f 3145/406/4010 3176/371/3972 3180/373/3974
f 3179/408/4012 3168/365/3964 3182/367/3966
f 3142/360/3961 3152/411/4015 3183/409/4013
f 3145/406/4010 3151/407/4011 3185/410/4014
f 3142/360/3961 3186/359/3960 3190/375/3976
f 3191/412/4016 3189/374/3975 3174/368/3968
f 3193/414/4018 3194/381/3982 3201/380/3981
f 3154/415/4019 3156/418/4022 3202/416/4020
f 3197/382/3983 3153/413/4017 3155/378/3979
f 3198/385/3986 3205/387/3988 3156/418/4022
f 3199/419/4023 3196/384/3985 3203/383/3984
f 3200/377/3978 3201/380/3981 3209/390/3991
f 3202/416/4020 3156/418/4022 3158/422/4026
f 3204/417/4021 3155/378/3979 3157/420/4024
f 3205/387/3988 3213/393/3994 3158/422/4026
f 3206/386/3987 3203/383/3984 3211/392/3993
f 3157/420/4024 3207/388/3989 3215/395/3996
f 3208/421/4025 3209/390/3991 3217/396/3997
f 3158/422/4026 3160/426/4030 3218/425/4029
f 3212/391/3992 3157/420/4024 3159/424/4028
f 3213/393/3994 3221/400/4001 3160/426/4030
f 3214/423/4027 3211/392/3993 3219/398/3999
f 3159/424/4028 3215/395/3996 3224/401/4002
f 3216/394/3995 3217/396/3997 3226/402/4004
f 3160/426/4030 3162/79/4033 3225/78/4003
f 3220/397/3998 3159/424/4028 3161/427/4031
f 3221/400/4001 3230/361/4007 3162/79/4033
f 3222/399/4000 3219/398/3999 3227/404/4006
f 3171/81/3671 3172/137/3733 3173/358/3959
f 3177/353/3951 3178/352/3950 3179/408/4012
f 3186/359/3960 3187/429/4035 3188/351/3947
f 3186/359/3960 3141/350/3946 3143/349/3945
f 2879/1/4036 3170/80/3969 3189/374/3975
f 2927/138/3732 3172/137/3733 3171/81/3671
f 3173/358/3959 3172/137/3733 2929/139/3734
f 2931/146/3952 3177/353/3954 3176/371/3972
f 3227/404/76 3232/430/76 3231/77/76
f 3232/430/76 3223/428/76 3226/402/76
f 3228/403/76 3161/427/76 3232/430/76
f 3224/401/76 3223/428/76 3232/430/76
f 3234/431/4037 3237/435/4041 3236/432/4038
f 3234/431/4037 3233/451/4057 3238/434/4040
f 3241/436/4042 3240/440/4046 3243/437/4043
f 3239/439/4045 3244/452/4058 3243/437/4043
f 3246/441/4047 3249/445/4051 3248/442/4048
f 3246/441/4047 3245/453/4059 3250/444/4050
f 3253/446/4052 3252/450/4056 3255/447/4053
f 3251/449/4055 3256/454/4060 3255/447/4053
f 3181/372/3973 3238/434/4040 3233/451/4057
f 3182/367/3966 3183/409/4013 3244/452/4058
f 3185/410/4014 3250/444/4050 3245/453/4059
f 3190/375/3976 3191/412/4016 3256/454/4060
f 3235/433/4039 3236/432/4038 3193/414/4018
f 3242/438/4044 3195/379/3980 3194/381/3982
f 3247/443/4049 3248/442/4048 3197/382/3983
f 3254/448/4054 3199/419/4023 3198/385/3986
f 3151/407/4011 3180/373/3974 3233/451/4061
f 3181/372/3973 3182/367/3966 3239/439/4045
f 3183/409/4013 3152/411/4015 3262/456/4063
f 3151/407/4011 3257/455/4062 3250/444/4050
f 3152/411/4015 3190/375/3976 3251/449/4055
f 3184/370/3971 3245/453/4059 3256/454/4060
f 3259/457/4064 3235/433/4067 3192/376/3977
f 3236/432/4038 3241/436/4042 3194/381/3982
f 3260/458/4065 3154/415/4019 3195/379/3980
f 3248/442/4048 3259/457/4064 3153/413/4017
f 3253/446/4052 3198/385/3986 3154/415/4019
f 3254/448/4054 3247/443/4049 3196/384/3985
f 3234/431/4066 3258/459/4068 3257/455/4062
f 3235/433/4067 3259/457/4064 3258/459/4068
f 3237/435/4041 3240/440/4046 3241/436/4042
f 3238/434/4040 3239/439/4045 3240/440/4046
f 3242/438/4044 3243/437/4043 3261/460/4069
f 3243/437/4043 3244/452/4058 3262/456/4063
f 3245/453/4059 3246/441/4047 3255/447/4053
f 3247/443/4049 3254/448/4054 3255/447/4053
f 3249/445/4051 3258/459/4068 3259/457/4064
f 3249/445/4051 3250/444/4050 3257/455/4062
f 3252/450/4056 3261/460/4069 3262/456/4063
f 3252/450/4056 3253/446/4052 3260/458/4065
f 3264/461/4070 3263/465/4155 2930/140/3735
f 3305/462/4071 3306/535/4071 3312/463/4071
f 3263/465/4072 3265/528/4141 3267/466/4073
f 3267/466/4073 3313/510/4122 3314/468/4075
f 3268/469/4076 3269/472/4079 3329/470/4077
f 3269/472/4079 3268/469/4076 3272/106/3700
f 3273/473/4081 3274/476/4084 3321/474/4082
f 3274/476/4084 3273/473/4081 3276/477/4085
f 3276/477/4087 3290/531/4148 3289/479/4088
f 3278/480/4089 3327/518/4131 3328/481/4090
f 3277/482/4091 3280/530/4147 3279/483/4092
f 3279/483/4093 3280/530/4147 3292/484/4094
f 3282/486/4096 3333/521/4134 3334/487/4097
f 3282/486/4096 3281/488/4098 3284/489/4099
f 3283/490/4100 3284/489/4099 3294/491/4101
f 3285/493/4103 3286/497/4107 3317/494/4104
f 3285/493/4103 3288/498/4108 3287/496/4106
f 3288/498/4108 3296/532/4149 3295/499/4109
f 3289/479/4088 3290/531/4148 3298/500/4110
f 3292/484/4094 3300/533/4150 3299/502/4112
f 3294/491/4101 3302/534/4151 3301/503/4113
f 3295/499/4109 3296/532/4149 3304/504/4114
f 3298/500/4110 3306/535/4152 3305/462/4116
f 3299/502/4112 3300/533/4150 3307/506/4117
f 3301/503/4113 3302/534/4151 3309/508/4119
f 3304/504/4114 3311/464/4153 3312/463/4121
f 3313/510/4122 3315/536/4154 3316/511/4123
f 3316/511/4124 3315/536/4154 3318/495/4105
f 3319/512/4125 3320/514/4127 3322/475/4083
f 3319/512/4125 3324/515/4128 3323/513/4126
f 3324/515/4128 3337/527/4140 3340/516/4129
f 3326/517/4130 3328/481/4090 3327/518/4131
f 3326/517/4130 3325/519/4132 3330/471/4078
f 3332/520/4133 3334/487/4097 3333/521/4134
f 3332/520/4133 3331/522/4135 3336/523/4136
f 3335/524/4137 3336/523/4136 3341/525/4138
f 3339/12/3606 3272/106/3700 3268/469/4076
f 3265/528/4141 2884/21/3615 3149/354/3955
f 2933/142/4142 2930/140/5918 3342/529/4143
f 2933/142/4142 3269/472/4079 3271/356/4145
f 3273/473/4081 3278/480/4089 3279/483/4092
f 3282/486/4096 3283/490/4100 3280/530/4147
f 3286/497/4107 3287/496/4106 3284/489/4099
f 3285/493/4103 3274/476/4084 3275/478/4086
f 3279/483/4093 3291/485/4095 3290/531/4148
f 3283/490/4100 3293/492/4102 3292/484/4094
f 3287/496/4106 3295/499/4109 3294/491/4101
f 3288/498/4108 3275/478/4086 3289/479/4088
f 3291/485/4095 3299/502/4112 3298/500/4110
f 3293/492/4102 3301/503/4113 3300/533/4150
f 3295/499/4109 3303/505/4115 3302/534/4151
f 3296/532/4149 3289/479/4088 3297/501/4111
f 3299/502/4112 3308/507/4118 3306/535/4152
f 3300/533/4150 3301/503/4113 3310/509/4120
f 3303/505/4115 3312/463/4121 3309/508/4119
f 3297/501/4111 3305/462/4116 3311/464/4153
f 3323/513/4126 3340/516/4129 3268/469/4076
f 3269/472/4079 3341/525/4138 3336/523/4136
f 3343/526/4139 3266/467/4074 3314/468/4075
f 3337/527/4140 3324/515/4128 3313/510/4122
f 3322/475/4083 3327/518/4131 3278/480/4089
f 3333/521/4134 3282/486/4096 3277/482/4091
f 3317/494/4104 3286/497/4107 3281/488/4098
f 3318/495/4105 3321/474/4082 3274/476/4084
f 3324/515/4128 3319/512/4125 3315/536/4154
f 3321/474/4082 3318/495/4105 3315/536/4154
f 3320/514/4127 3325/519/4132 3327/518/4131
f 3320/514/4127 3323/513/4126 3330/471/4078
f 3328/481/4090 3326/517/4130 3331/522/4135
f 3329/470/4077 3336/523/4136 3331/522/4135
f 3334/487/4097 3332/520/4133 3316/511/4124
f 3335/524/4137 3314/468/4075 3316/511/4123
f 3338/13/3607 3339/12/3606 3340/516/4129
f 3146/107/3701 3339/12/3606 3147/11/3605
f 3148/105/3699 3150/355/3956 3270/537/4157
f 3338/13/3607 3337/527/4140 3149/354/3955
f 3264/461/4070 2885/16/3610 2884/21/3615
f 3306/535/4071 3308/507/4071 3309/508/4071
f 3308/507/4071 3307/506/4071 3310/509/4071
f 3345/538/4161 3344/616/4170 3350/539/4162
f 3347/541/4164 3353/544/5919 3352/542/4165
f 3345/538/4167 3351/540/1299 3353/544/1299
f 3348/545/4169 3354/549/5920 3350/546/4162
f 3348/545/4171 3349/550/4291 3355/548/1294
f 3349/550/4172 3346/622/4166 3352/551/4165
f 3351/540/4174 3350/539/4181 3356/552/4175
f 3353/544/4177 3359/555/4186 3358/554/4178
f 3353/544/1299 3351/540/1299 3357/553/1299
f 3354/549/4180 3360/557/4188 3356/556/4175
f 3355/548/1294 3361/559/1294 3360/557/1294
f 3355/548/4182 3352/551/4179 3358/558/4178
f 3357/553/4176 3356/552/4175 3362/560/4184
f 3359/555/4186 3365/563/5921 3364/562/4187
f 3359/555/1299 3357/553/1299 3363/561/1299
f 3360/557/4188 3366/565/5922 3362/564/4184
f 3361/559/1294 3367/567/1294 3366/565/1294
f 3361/559/4183 3358/558/4178 3364/566/4187
f 3362/560/4184 3368/574/4194 3369/568/4190
f 3364/562/4187 3365/563/5921 3371/569/4191
f 3365/563/1299 3363/561/1299 3369/568/1299
f 3362/564/4184 3366/565/5922 3372/571/4193
f 3367/567/1294 3373/573/1294 3372/571/1294
f 3364/566/4187 3370/577/4192 3373/573/4195
f 3368/574/4194 3374/152/4200 3375/154/4196
f 3370/570/4192 3371/569/4191 3377/153/4197
f 3371/569/1299 3369/568/1299 3375/154/1299
f 3368/572/4194 3372/571/4193 3378/576/4199
f 3373/573/1294 3379/156/1294 3378/576/1294
f 3370/577/4192 3376/157/4198 3379/156/4201
f 2955/180/4202 3380/579/4206 3381/578/4203
f 2958/179/4205 3382/580/4222 3380/579/4206
f 2910/42/4207 3383/581/5923 3382/580/4208
f 2910/42/4210 2906/39/4204 3381/578/4203
f 2960/182/4212 2957/584/4215 3384/582/4213
f 2957/584/4215 2907/41/4218 3386/585/4216
f 2911/45/4217 3387/586/4228 3386/585/4216
f 2911/45/4219 2960/182/5924 3385/583/4220
f 3380/579/4206 3388/96/3686 3389/98/3688
f 3382/580/4222 3390/587/5925 3388/96/3686
f 3382/580/4208 3383/581/5923 3391/97/4223
f 3383/581/4211 3381/578/4203 3389/98/3688
f 3385/583/4214 3384/582/4213 3392/122/3716
f 3384/582/4213 3386/585/4216 3394/588/4227
f 3387/586/4228 3395/123/5926 3394/588/4227
f 3385/583/4220 3393/124/5927 3395/123/4229
f 2887/589/4230 3399/85/5928 3398/84/4231
f 2887/589/4233 2952/602/5929 3397/83/4234
f 2871/590/4236 3398/84/5930 3401/89/4237
f 2898/591/4239 3401/89/5931 3403/92/4240
f 2906/593/4242 3405/95/5932 3404/176/4243
f 2902/592/4245 3403/92/4245 3405/95/4245
f 2886/595/4246 3409/114/5933 3408/113/4247
f 2886/595/4249 2870/597/5934 3406/112/4250
f 2870/597/4252 2899/598/5935 3411/116/4253
f 2899/598/4255 2903/599/5936 3413/118/4256
f 2903/599/4258 2907/600/4258 3415/120/4258
f 2907/600/4259 2957/607/5937 3414/121/4260
f 2953/601/4262 3416/168/5938 3397/83/4263
f 2953/603/4265 2954/596/5939 3408/113/4266
f 2956/604/4268 2955/594/5940 3404/176/4269
f 2956/606/4271 3420/177/5941 3414/121/4272
f 2938/149/3742 3421/623/4280 3424/608/4274
f 2941/609/3750 2940/74/3667 3430/610/4275
f 2940/74/1299 2937/150/1299 3424/608/4277
f 2938/151/3742 2939/357/5914 3433/612/4279
f 2942/108/1294 3436/614/4310 3433/612/4281
f 2941/160/3750 3427/628/4276 3436/614/4282
f 3426/615/4283 3423/644/4289 3344/616/4170
f 3432/617/4284 3347/541/4164 3346/543/4166
f 3426/615/4286 3345/538/4167 3347/541/4168
f 3435/619/4288 3348/545/4169 3344/547/4170
f 3435/619/4290 3438/621/4309 3349/550/4291
f 3438/621/4292 3429/645/4285 3346/622/4166
f 3421/623/4293 3422/646/4307 3425/624/4294
f 3422/625/4296 3423/644/4305 3426/615/4297
f 3425/624/4299 3431/633/4300 3430/610/4278
f 3425/626/4299 3426/615/4286 3432/617/4287
f 3427/628/4276 3428/647/4302 3437/629/4301
f 3428/630/4302 3429/645/4285 3438/621/4292
f 3428/632/4302 3431/627/4303 3432/617/4284
f 3427/611/4276 3430/610/4275 3431/633/4303
f 3422/635/4296 3434/638/5942 3435/619/4304
f 3421/613/4293 3433/612/5943 3434/636/4306
f 3434/638/4308 3437/631/4311 3438/621/4309
f 3434/636/4308 3433/612/4281 3436/614/4310
f 3452/1/4312 3455/30/4341 3456/2/4313
f 3461/4/4315 3462/205/4653 3454/3/4314
f 3738/5/4316 3737/75/4385 3450/6/4317
f 3456/2/4313 3455/30/4341 3448/8/4319
f 3460/10/4321 3461/4/4315 3456/2/4313
f 3453/14/4325 3463/346/4654 3464/15/4326
f 3468/17/4328 3465/31/4342 3449/18/4329
f 3458/16/4327 3445/23/4334 3447/20/4331
f 3458/16/4327 3464/15/4326 3459/22/4333
f 3461/4/4315 3460/10/4321 3444/24/4335
f 3670/26/4337 3659/212/4505 3658/27/4338
f 3464/15/4326 3441/130/4443 3443/29/4340
f 3455/30/4341 3467/348/4661 3466/7/4318
f 3465/31/4342 3468/17/4328 3457/21/4332
f 3444/24/4335 3471/35/4346 3470/32/4343
f 3443/29/4340 3441/130/4443 3469/33/4344
f 3471/35/4346 3475/639/5944 3474/36/4347
f 3472/34/4345 3469/33/4344 3473/37/4348
f 3474/36/4347 3475/639/5944 3479/39/4350
f 3473/37/4348 3477/44/4355 3480/41/4352
f 3478/40/4351 3479/39/4350 3483/42/4353
f 3477/44/4355 3481/48/4359 3484/45/4356
f 3482/43/4354 3483/42/4353 3487/46/4357
f 3481/48/4359 3485/52/4363 3488/49/4360
f 3486/47/4358 3487/46/4357 3491/50/4361
f 3485/52/4363 3489/56/4367 3492/53/4364
f 3490/51/4362 3491/50/4361 3495/54/4365
f 3489/56/4367 3493/70/4380 3496/57/4368
f 3590/58/4369 3585/135/4448 3498/59/4370
f 3541/61/4372 3544/190/4376 3543/62/4373
f 3541/64/4372 3540/100/4409 3545/65/4375
f 3561/69/4379 3564/102/4412 3496/57/4368
f 3522/71/4381 3525/165/4470 3460/10/4321
f 3522/71/4381 3446/9/4320 3448/8/4319
f 3516/73/4383 3466/7/4318 3450/6/4317
f 3513/74/4384 3450/6/4317 3737/75/4385
f 3804/77/76 3799/402/76 3798/78/76
f 3970/83/4390 3969/88/4395 3971/84/4391
f 3519/72/4382 3448/8/4319 3466/7/4318
f 3555/86/4393 3442/25/4336 3470/32/4343
f 3969/88/4395 3973/91/4398 3974/89/4396
f 3552/87/4394 3470/32/4343 3474/36/4347
f 3973/91/4398 3975/94/4401 3976/92/4399
f 3549/90/4397 3474/36/4347 3478/40/4351
f 3975/94/4401 3977/176/4477 3978/95/4402
f 3543/62/4373 3546/93/4400 3478/40/4351
f 3961/96/4403 3963/587/5945 3964/97/4404
f 3542/63/4374 3543/62/4373 3482/43/4354
f 3483/42/4406 3531/179/4480 3534/99/4407
f 3540/100/4409 3558/101/4411 3489/56/4367
f 3534/99/4407 3537/187/4486 3491/50/4410
f 3558/101/4411 3561/69/4379 3493/70/4380
f 3564/102/4412 3539/126/4439 3492/53/4413
f 3453/14/4325 3501/345/4652 3584/103/4414
f 3515/108/4419 3512/357/5946 3451/19/4330
f 3518/109/4420 3515/108/4419 3449/18/4329
f 3521/110/4421 3518/109/4420 3465/31/4342
f 3524/111/4422 3521/110/4421 3447/20/4331
f 3459/22/4333 3527/166/4471 3524/111/4422
f 3979/112/4423 3980/115/4426 3981/113/4424
f 3980/115/4426 3979/112/4423 3984/116/4427
f 3983/117/4428 3984/116/4427 3986/118/4429
f 3985/119/4430 3986/118/4429 3988/120/4431
f 3965/122/4433 3967/588/4944 3968/123/4434
f 3536/125/4436 3533/182/4482 3484/45/4437
f 3536/125/4436 3488/49/4438 3492/53/4413
f 3481/48/4359 3545/65/4375 3540/100/4409
f 3477/44/4355 3548/191/4488 3545/65/4375
f 3551/127/4440 3548/191/4488 3477/44/4355
f 3554/128/4441 3551/127/4440 3473/37/4348
f 3557/129/4442 3554/128/4441 3469/33/4344
f 3592/131/4444 3591/222/4517 3557/129/4442
f 3542/63/4374 3486/47/4358 3490/51/4362
f 3560/132/4445 3490/51/4362 3494/55/4366
f 3563/133/4446 3494/55/4366 3495/54/4365
f 3491/50/4410 3537/187/4486 3566/134/4447
f 3585/135/4448 3501/345/4652 3500/136/4449
f 3500/136/4449 3501/345/4652 3503/140/4452
f 3502/141/4451 3503/140/4452 3506/142/4453
f 3505/144/4454 3508/640/4458 3507/145/4455
f 3505/143/4454 3506/142/4453 3509/147/4457
f 3507/145/4455 3508/640/4458 3511/149/4459
f 3509/147/4457 3512/357/5947 3511/151/4459
f 3947/152/4461 3949/575/4465 3950/153/4462
f 3947/155/4461 3951/576/5948 3952/156/4464
f 3513/74/4384 3514/609/4467 3517/158/4466
f 3515/108/4419 3518/109/4420 3517/159/4466
f 3516/73/4383 3517/158/4466 3520/161/4468
f 3518/109/4420 3521/110/4421 3520/162/4468
f 3519/72/4382 3520/161/4468 3523/163/4469
f 3521/110/4421 3524/111/4422 3523/164/4469
f 3523/163/4469 3526/641/4472 3525/165/4470
f 3523/164/4469 3524/111/4422 3527/166/4471
f 3989/168/4473 3990/171/4474 3969/88/4395
f 3989/169/4473 3981/113/4424 3980/115/4426
f 3990/171/4474 3991/173/4475 3973/91/4398
f 3990/170/4474 3980/115/4426 3983/117/4428
f 3991/173/4475 3992/175/4476 3975/94/4401
f 3991/172/4475 3983/117/4428 3985/119/4430
f 3992/175/4476 3993/605/4478 3977/176/4477
f 3992/174/4476 3985/119/4430 3987/121/4432
f 3529/178/4479 3532/642/4483 3531/179/4480
f 3529/181/4479 3530/584/5949 3533/182/4482
f 3531/179/4480 3532/642/4483 3535/184/4484
f 3533/182/4482 3536/125/4436 3535/185/4484
f 3534/99/4407 3535/184/4484 3538/186/4485
f 3536/125/4436 3539/126/4439 3538/188/4485
f 3541/64/4372 3559/200/4487 3558/101/4411
f 3541/61/4372 3542/63/4374 3560/132/4445
f 3544/190/4376 3547/643/4489 3546/93/4400
f 3544/66/4376 3545/65/4375 3548/191/4488
f 3546/93/4400 3547/643/4489 3550/193/4490
f 3548/191/4488 3551/127/4440 3550/194/4490
f 3549/90/4397 3550/193/4490 3553/195/4491
f 3551/127/4440 3554/128/4441 3553/196/4491
f 3552/87/4394 3553/195/4491 3556/197/4492
f 3554/128/4441 3557/129/4442 3556/198/4492
f 3559/200/4487 3562/202/4494 3561/69/4379
f 3559/189/4487 3560/132/4445 3563/133/4446
f 3562/202/4494 3565/204/4495 3564/102/4412
f 3562/201/4494 3563/133/4446 3566/134/4447
f 3537/187/4486 3538/186/4485 3565/203/4495
f 3539/126/4439 3564/102/4412 3565/204/4495
f 3462/205/4496 3461/4/4499 3601/206/4497
f 3461/4/4499 3442/25/4502 3568/208/4500
f 3440/68/4378 3606/343/4651 3568/208/4500
f 3569/210/4503 3463/346/4659 3660/211/4504
f 3464/15/4510 3569/210/4503 3570/213/4507
f 3573/216/4511 3499/82/4389 3454/3/4314
f 3579/219/4514 3572/217/4512 3571/220/4515
f 3637/225/4520 3635/287/5950 3634/226/4521
f 3707/228/76 3713/334/76 3712/229/76
f 3571/220/4523 3574/218/4660 3576/231/4524
f 3575/232/4525 3576/231/4524 3596/233/4526
f 3580/221/4516 3582/335/4638 3581/235/4528
f 3581/235/4529 3582/335/4638 3598/236/4530
f 3586/238/4532 3588/240/4535 3587/239/4533
f 3588/240/4535 3665/299/4598 3664/241/4536
f 3589/242/4537 3592/131/4444 3594/243/4538
f 3593/244/4539 3594/243/4538 3667/245/4540
f 3595/234/4527 3596/233/4526 3642/247/4542
f 3597/237/4531 3598/236/4530 3646/249/4544
f 3602/224/4519 3604/253/4548 3603/251/4546
f 3604/253/4548 3650/339/4644 3651/254/4549
f 3607/255/4550 3609/257/4552 3608/256/4551
f 3609/257/4552 3654/294/4593 3655/258/4553
f 3611/259/4554 3644/292/4591 3645/260/4555
f 3611/259/4554 3610/261/4556 3613/262/4557
f 3613/262/4559 3627/286/4583 3626/264/4560
f 3615/265/4561 3648/293/4592 3649/266/4562
f 3615/265/4561 3614/267/4563 3617/268/4564
f 3616/269/4565 3617/268/4564 3629/270/4566
f 3618/272/4568 3619/276/4572 3652/273/4569
f 3618/272/4568 3621/337/4641 3620/275/4571
f 3620/275/4573 3621/337/4641 3631/277/4574
f 3622/279/4576 3623/283/4580 3656/280/4577
f 3622/279/4576 3625/284/4581 3624/282/4579
f 3625/284/4581 3633/290/4589 3632/285/4582
f 3627/286/4583 3634/226/4642 3635/287/4584
f 3628/271/4567 3629/270/4566 3637/225/4585
f 3630/278/4575 3631/277/4574 3638/288/4587
f 3633/290/4589 3640/338/4643 3641/291/4590
f 3642/247/4542 3645/260/4555 3644/292/4591
f 3646/249/4544 3649/266/4562 3648/293/4592
f 3651/254/4549 3650/339/4644 3653/274/4570
f 3654/294/4593 3657/281/4578 3656/280/4577
f 3658/27/4338 3661/336/4640 3663/295/4594
f 3662/296/4595 3663/295/4594 3675/297/4596
f 3665/299/4598 3677/308/4607 3676/300/4599
f 3667/245/4540 3679/310/4609 3678/301/4600
f 3668/302/4601 3671/28/4339 3673/303/4602
f 3672/304/4603 3673/303/4602 3681/305/4604
f 3675/297/4596 3683/340/4645 3682/307/4606
f 3677/308/4607 3685/316/4615 3684/309/4608
f 3679/310/4609 3687/318/4617 3686/311/4610
f 3680/306/4605 3681/305/4604 3689/312/4611
f 3682/307/4606 3683/340/4645 3691/314/4613
f 3685/316/4615 3693/341/4646 3692/317/4616
f 3687/318/4617 3695/325/4626 3694/319/4618
f 3688/313/4612 3689/312/4611 3697/320/4619
f 3691/314/4621 3699/329/4630 3698/322/4622
f 3692/317/4623 3693/341/4646 3701/323/4624
f 3695/325/4626 3703/332/4634 3702/326/4627
f 3696/321/4620 3697/320/4619 3705/327/4628
f 3699/329/4630 3707/228/4647 3706/230/4631
f 3700/324/4625 3701/323/4624 3708/330/4632
f 3703/332/4634 3710/342/4648 3711/333/4635
f 3704/328/4629 3705/327/4628 3712/229/4636
f 3582/335/4638 3580/221/4516 3571/220/4523
f 3576/231/4524 3574/218/4660 3600/207/4498
f 3660/211/4504 3583/104/4534 3587/239/4533
f 3588/240/4535 3586/238/4532 3589/242/4537
f 3594/243/4538 3592/131/4444 3669/215/4509
f 3582/335/4638 3575/232/4525 3595/234/4527
f 3576/231/4524 3599/252/4547 3603/251/4546
f 3604/253/4548 3602/224/4519 3605/223/4518
f 3609/257/4552 3607/255/4550 3581/235/4529
f 3614/267/4563 3611/259/4554 3612/263/4558
f 3619/276/4572 3620/275/4571 3613/262/4557
f 3618/272/4568 3623/283/4580 3624/282/4579
f 3615/265/4561 3616/269/4565 3625/284/4581
f 3617/268/4564 3612/263/4558 3626/264/4560
f 3613/262/4559 3620/275/4573 3630/278/4575
f 3624/282/4579 3632/285/4582 3631/277/4574
f 3625/284/4581 3616/269/4565 3628/271/4567
f 3629/270/4566 3626/264/4560 3635/287/4584
f 3627/286/4583 3630/278/4575 3639/289/4588
f 3632/285/4582 3641/291/4590 3638/288/4587
f 3633/290/4589 3628/271/4567 3636/227/4586
f 3643/248/4543 3644/292/4591 3649/266/4562
f 3642/247/4542 3651/254/4549 3652/273/4569
f 3648/293/4592 3657/281/4578 3654/294/4593
f 3650/339/4644 3655/258/4553 3656/280/4577
f 3598/236/4530 3595/234/4527 3643/248/4543
f 3596/233/4526 3603/251/4546 3651/254/4549
f 3608/256/4551 3655/258/4553 3650/339/4644
f 3609/257/4552 3597/237/4531 3647/250/4545
f 3644/292/4591 3611/259/4554 3614/267/4563
f 3645/260/4555 3652/273/4569 3619/276/4572
f 3653/274/4570 3656/280/4577 3623/283/4580
f 3657/281/4578 3648/293/4592 3615/265/4561
f 3663/295/4594 3661/336/4640 3587/239/4533
f 3593/244/4539 3666/246/4541 3665/299/4598
f 3594/243/4538 3668/302/4601 3672/304/4603
f 3671/28/4339 3658/27/4338 3662/296/4595
f 3664/241/4536 3676/300/4599 3675/297/4596
f 3666/246/4541 3678/301/4600 3677/308/4607
f 3667/245/4540 3672/304/4603 3680/306/4605
f 3673/303/4602 3662/296/4595 3674/298/4597
f 3676/300/4599 3684/309/4608 3683/340/4645
f 3678/301/4600 3686/311/4610 3685/316/4615
f 3679/310/4609 3680/306/4605 3688/313/4612
f 3681/305/4604 3674/298/4597 3682/307/4606
f 3683/340/4645 3684/309/4608 3692/317/4616
f 3686/311/4610 3694/319/4618 3693/341/4646
f 3688/313/4612 3696/321/4620 3695/325/4626
f 3689/312/4611 3682/307/4606 3690/315/4614
f 3691/314/4621 3692/317/4623 3700/324/4625
f 3694/319/4618 3702/326/4627 3701/323/4624
f 3695/325/4626 3696/321/4620 3704/328/4629
f 3697/320/4619 3690/315/4614 3698/322/4622
f 3700/324/4625 3709/331/4633 3707/228/4647
f 3702/326/4627 3711/333/4635 3708/330/4632
f 3703/332/4634 3704/328/4629 3713/334/4637
f 3705/327/4628 3698/322/4622 3706/230/4631
f 3572/217/4512 3573/216/4511 3574/218/4513
f 3583/104/4415 3584/103/4414 3585/135/4448
f 3599/252/4547 3600/207/4498 3601/206/4497
f 3568/208/4500 3606/343/4651 3607/255/4650
f 3659/212/4505 3660/211/4504 3661/336/4640
f 3668/302/4601 3669/215/4509 3670/26/4337
f 3577/67/4377 3607/255/4639 3606/343/4651
f 3555/86/4393 3578/199/4493 3577/67/4377
f 3579/219/4514 3497/347/4371 3498/344/4370
f 3585/135/4448 3590/58/4369 3589/242/4537
f 3572/217/4512 3498/344/4370 3500/138/4449
f 3640/338/4655 3639/289/4658 3638/288/4656
f 3636/227/4522 3634/226/4521 3639/289/4658
f 3709/331/76 3708/330/76 3711/333/76
f 3713/334/76 3707/228/76 3709/331/76
f 3569/210/4503 3659/212/4505 3670/26/4337
f 3467/348/4661 3455/30/4665 3716/349/4662
f 3761/351/4664 3760/429/4752 3716/349/4662
f 3507/145/4666 3510/150/4877 3751/352/4667
f 3468/17/4328 3451/19/4330 3721/105/4416
f 3468/17/4328 3720/11/4322 3722/354/4672
f 3451/19/4330 3512/357/5946 3723/355/4673
f 3844/356/4674 3843/537/4874 3723/355/4673
f 3804/77/76 3735/79/76 3803/361/76
f 3738/5/4316 3739/364/4680 3740/363/4679
f 3739/364/4680 3742/366/4682 3741/365/4681
f 3742/366/4682 3756/409/4730 3755/367/4683
f 3746/358/4684 3748/369/4687 3747/368/4685
f 3748/369/4687 3758/410/4731 3757/370/4688
f 3749/371/4689 3752/408/4729 3754/372/4690
f 3762/374/4692 3764/412/4733 3763/375/4693
f 3765/376/4694 3766/414/4735 3773/377/4695
f 3768/379/4697 3775/416/4737 3774/380/4698
f 3770/382/4700 3777/417/4738 3776/383/4701
f 3771/385/4703 3772/419/4740 3779/386/4704
f 3773/377/4695 3781/421/4742 3780/388/4706
f 3774/380/4698 3775/416/4737 3783/389/4707
f 3776/383/4701 3777/417/4738 3785/391/4709
f 3779/386/4704 3787/423/4744 3786/393/4711
f 3780/388/4706 3781/421/4742 3789/394/4712
f 3783/389/4707 3791/425/4746 3790/396/4714
f 3784/392/4710 3785/391/4709 3793/397/4715
f 3786/393/4711 3787/423/4744 3795/399/4717
f 3789/394/4712 3796/428/4749 3797/401/4719
f 3790/396/4714 3791/425/4746 3798/78/4720
f 3792/398/4716 3793/397/4715 3801/403/4722
f 3795/399/4717 3802/362/4751 3803/361/4724
f 3714/350/4663 3715/360/4678 3742/366/4682
f 3739/364/4680 3738/5/4316 3467/348/4661
f 3736/76/4386 3740/363/4679 3717/405/4725
f 3748/369/4687 3746/358/4684 3504/146/4669
f 3718/406/4727 3749/371/4689 3753/373/4691
f 3752/408/4729 3741/365/4681 3755/367/4683
f 3715/360/4678 3725/411/4732 3756/409/4730
f 3718/406/4727 3724/407/4728 3758/410/4731
f 3715/360/4678 3759/359/4677 3763/375/4693
f 3764/412/4733 3762/374/4692 3747/368/4685
f 3766/414/4735 3767/381/4699 3774/380/4698
f 3727/415/4736 3729/418/4739 3775/416/4737
f 3770/382/4700 3726/413/4734 3728/378/4696
f 3771/385/4703 3778/387/4705 3729/418/4739
f 3772/419/4740 3769/384/4702 3776/383/4701
f 3773/377/4695 3774/380/4698 3782/390/4708
f 3775/416/4737 3729/418/4739 3731/422/4743
f 3777/417/4738 3728/378/4696 3730/420/4741
f 3778/387/4705 3786/393/4711 3731/422/4743
f 3779/386/4704 3776/383/4701 3784/392/4710
f 3730/420/4741 3780/388/4706 3788/395/4713
f 3781/421/4742 3782/390/4708 3790/396/4714
f 3731/422/4743 3733/426/4747 3791/425/4746
f 3785/391/4709 3730/420/4741 3732/424/4745
f 3786/393/4711 3794/400/4718 3733/426/4747
f 3787/423/4744 3784/392/4710 3792/398/4716
f 3732/424/4745 3788/395/4713 3797/401/4719
f 3789/394/4712 3790/396/4714 3799/402/4721
f 3733/426/4747 3735/79/4750 3798/78/4720
f 3793/397/4715 3732/424/4745 3734/427/4748
f 3794/400/4718 3803/361/4724 3735/79/4750
f 3795/399/4717 3792/398/4716 3800/404/4723
f 3744/81/4388 3745/137/4450 3746/358/4676
f 3750/353/4668 3751/352/4667 3752/408/4729
f 3759/359/4677 3760/429/4752 3761/351/4664
f 3759/359/4677 3714/350/4663 3716/349/4662
f 3452/1/4753 3743/80/4686 3762/374/4692
f 3500/138/4449 3745/137/4450 3744/81/4388
f 3746/358/4676 3745/137/4450 3502/139/4451
f 3504/146/4669 3750/353/4671 3749/371/4689
f 3800/404/76 3805/430/76 3804/77/76
f 3805/430/76 3796/428/76 3799/402/76
f 3801/403/76 3734/427/76 3805/430/76
f 3797/401/76 3796/428/76 3805/430/76
f 3807/431/4754 3810/435/4758 3809/432/4755
f 3807/431/4754 3806/451/4774 3811/434/4757
f 3814/436/4759 3813/440/4763 3816/437/4760
f 3812/439/4762 3817/452/4775 3816/437/4760
f 3819/441/4764 3822/445/4768 3821/442/4765
f 3819/441/4764 3818/453/4776 3823/444/4767
f 3826/446/4769 3825/450/4773 3828/447/4770
f 3824/449/4772 3829/454/4777 3828/447/4770
f 3754/372/4690 3811/434/4757 3806/451/4774
f 3755/367/4683 3756/409/4730 3817/452/4775
f 3758/410/4731 3823/444/4767 3818/453/4776
f 3763/375/4693 3764/412/4733 3829/454/4777
f 3808/433/4756 3809/432/4755 3766/414/4735
f 3815/438/4761 3768/379/4697 3767/381/4699
f 3820/443/4766 3821/442/4765 3770/382/4700
f 3827/448/4771 3772/419/4740 3771/385/4703
f 3724/407/4728 3753/373/4691 3806/451/4778
f 3754/372/4690 3755/367/4683 3812/439/4762
f 3756/409/4730 3725/411/4732 3835/456/4780
f 3724/407/4728 3830/455/4779 3823/444/4767
f 3725/411/4732 3763/375/4693 3824/449/4772
f 3757/370/4688 3818/453/4776 3829/454/4777
f 3832/457/4781 3808/433/4784 3765/376/4694
f 3809/432/4755 3814/436/4759 3767/381/4699
f 3833/458/4782 3727/415/4736 3768/379/4697
f 3821/442/4765 3832/457/4781 3726/413/4734
f 3826/446/4769 3771/385/4703 3727/415/4736
f 3827/448/4771 3820/443/4766 3769/384/4702
f 3807/431/4783 3831/459/4785 3830/455/4779
f 3808/433/4784 3832/457/4781 3831/459/4785
f 3810/435/4758 3813/440/4763 3814/436/4759
f 3811/434/4757 3812/439/4762 3813/440/4763
f 3815/438/4761 3816/437/4760 3834/460/4786
f 3816/437/4760 3817/452/4775 3835/456/4780
f 3818/453/4776 3819/441/4764 3828/447/4770
f 3820/443/4766 3827/448/4771 3828/447/4770
f 3822/445/4768 3831/459/4785 3832/457/4781
f 3822/445/4768 3823/444/4767 3830/455/4779
f 3825/450/4773 3834/460/4786 3835/456/4780
f 3825/450/4773 3826/446/4769 3833/458/4782
f 3837/461/4787 3836/465/4872 3503/140/4452
f 3878/462/4788 3879/535/4788 3885/463/4788
f 3836/465/4789 3838/528/4858 3840/466/4790
f 3840/466/4790 3886/510/4839 3887/468/4792
f 3841/469/4793 3842/472/4796 3902/470/4794
f 3842/472/4796 3841/469/4793 3845/106/4417
f 3846/473/4798 3847/476/4801 3894/474/4799
f 3847/476/4801 3846/473/4798 3849/477/4802
f 3849/477/4804 3863/531/4865 3862/479/4805
f 3851/480/4806 3900/518/4848 3901/481/4807
f 3850/482/4808 3853/530/4864 3852/483/4809
f 3852/483/4810 3853/530/4864 3865/484/4811
f 3855/486/4813 3906/521/4851 3907/487/4814
f 3855/486/4813 3854/488/4815 3857/489/4816
f 3856/490/4817 3857/489/4816 3867/491/4818
f 3858/493/4820 3859/497/4824 3890/494/4821
f 3858/493/4820 3861/498/4825 3860/496/4823
f 3861/498/4825 3869/532/4866 3868/499/4826
f 3862/479/4805 3863/531/4865 3871/500/4827
f 3865/484/4811 3873/533/4867 3872/502/4829
f 3867/491/4818 3875/534/4868 3874/503/4830
f 3868/499/4826 3869/532/4866 3877/504/4831
f 3871/500/4827 3879/535/4869 3878/462/4833
f 3872/502/4829 3873/533/4867 3880/506/4834
f 3874/503/4830 3875/534/4868 3882/508/4836
f 3877/504/4831 3884/464/4870 3885/463/4838
f 3886/510/4839 3888/536/4871 3889/511/4840
f 3889/511/4841 3888/536/4871 3891/495/4822
f 3892/512/4842 3893/514/4844 3895/475/4800
f 3892/512/4842 3897/515/4845 3896/513/4843
f 3897/515/4845 3910/527/4857 3913/516/4846
f 3899/517/4847 3901/481/4807 3900/518/4848
f 3899/517/4847 3898/519/4849 3903/471/4795
f 3905/520/4850 3907/487/4814 3906/521/4851
f 3905/520/4850 3904/522/4852 3909/523/4853
f 3908/524/4854 3909/523/4853 3914/525/4855
f 3912/12/4323 3845/106/4417 3841/469/4793
f 3838/528/4858 3457/21/4332 3722/354/4672
f 3506/142/4859 3503/140/5951 3915/529/4860
f 3506/142/4859 3842/472/4796 3844/356/4862
f 3846/473/4798 3851/480/4806 3852/483/4809
f 3855/486/4813 3856/490/4817 3853/530/4864
f 3859/497/4824 3860/496/4823 3857/489/4816
f 3858/493/4820 3847/476/4801 3848/478/4803
f 3852/483/4810 3864/485/4812 3863/531/4865
f 3856/490/4817 3866/492/4819 3865/484/4811
f 3860/496/4823 3868/499/4826 3867/491/4818
f 3861/498/4825 3848/478/4803 3862/479/4805
f 3864/485/4812 3872/502/4829 3871/500/4827
f 3866/492/4819 3874/503/4830 3873/533/4867
f 3868/499/4826 3876/505/4832 3875/534/4868
f 3869/532/4866 3862/479/4805 3870/501/4828
f 3872/502/4829 3881/507/4835 3879/535/4869
f 3873/533/4867 3874/503/4830 3883/509/4837
f 3876/505/4832 3885/463/4838 3882/508/4836
f 3870/501/4828 3878/462/4833 3884/464/4870
f 3896/513/4843 3913/516/4846 3841/469/4793
f 3842/472/4796 3914/525/4855 3909/523/4853
f 3916/526/4856 3839/467/4791 3887/468/4792
f 3910/527/4857 3897/515/4845 3886/510/4839
f 3895/475/4800 3900/518/4848 3851/480/4806
f 3906/521/4851 3855/486/4813 3850/482/4808
f 3890/494/4821 3859/497/4824 3854/488/4815
f 3891/495/4822 3894/474/4799 3847/476/4801
f 3897/515/4845 3892/512/4842 3888/536/4871
f 3894/474/4799 3891/495/4822 3888/536/4871
f 3893/514/4844 3898/519/4849 3900/518/4848
f 3893/514/4844 3896/513/4843 3903/471/4795
f 3901/481/4807 3899/517/4847 3904/522/4852
f 3902/470/4794 3909/523/4853 3904/522/4852
f 3907/487/4814 3905/520/4850 3889/511/4841
f 3908/524/4854 3887/468/4792 3889/511/4840
f 3911/13/4324 3912/12/4323 3913/516/4846
f 3719/107/4418 3912/12/4323 3720/11/4322
f 3721/105/4416 3723/355/4673 3843/537/4874
f 3911/13/4324 3910/527/4857 3722/354/4672
f 3837/461/4787 3458/16/4327 3457/21/4332
f 3879/535/4788 3881/507/4788 3882/508/4788
f 3881/507/4788 3880/506/4788 3883/509/4788
f 3918/538/4878 3917/616/4887 3923/539/4879
f 3920/541/4881 3926/544/5952 3925/542/4882
f 3918/538/4884 3924/540/2018 3926/544/2018
f 3921/545/4886 3927/549/5953 3923/546/4879
f 3921/545/4888 3922/550/5008 3928/548/2013
f 3922/550/4889 3919/622/4883 3925/551/4882
f 3924/540/4891 3923/539/4898 3929/552/4892
f 3926/544/4894 3932/555/4903 3931/554/4895
f 3926/544/2018 3924/540/2018 3930/553/2018
f 3927/549/4897 3933/557/4905 3929/556/4892
f 3928/548/2013 3934/559/2013 3933/557/2013
f 3928/548/4899 3925/551/4896 3931/558/4895
f 3930/553/4893 3929/552/4892 3935/560/4901
f 3932/555/4903 3938/563/5954 3937/562/4904
f 3932/555/2018 3930/553/2018 3936/561/2018
f 3933/557/4905 3939/565/5955 3935/564/4901
f 3934/559/2013 3940/567/2013 3939/565/2013
f 3934/559/4900 3931/558/4895 3937/566/4904
f 3935/560/4901 3941/574/4911 3942/568/4907
f 3937/562/4904 3938/563/5954 3944/569/4908
f 3938/563/2018 3936/561/2018 3942/568/2018
f 3935/564/4901 3939/565/5955 3945/571/4910
f 3940/567/2013 3946/573/2013 3945/571/2013
f 3937/566/4904 3943/577/4909 3946/573/4912
f 3941/574/4911 3947/152/4917 3948/154/4913
f 3943/570/4909 3944/569/4908 3950/153/4914
f 3944/569/2018 3942/568/2018 3948/154/2018
f 3941/572/4911 3945/571/4910 3951/576/4916
f 3946/573/2013 3952/156/2013 3951/576/2013
f 3943/577/4909 3949/157/4915 3952/156/4918
f 3528/180/4919 3953/579/4923 3954/578/4920
f 3531/179/4922 3955/580/4939 3953/579/4923
f 3483/42/4924 3956/581/5956 3955/580/4925
f 3483/42/4927 3479/39/4921 3954/578/4920
f 3533/182/4929 3530/584/4932 3957/582/4930
f 3530/584/4932 3480/41/4935 3959/585/4933
f 3484/45/4934 3960/586/4945 3959/585/4933
f 3484/45/4936 3533/182/5957 3958/583/4937
f 3953/579/4923 3961/96/4403 3962/98/4405
f 3955/580/4939 3963/587/5958 3961/96/4403
f 3955/580/4925 3956/581/5956 3964/97/4940
f 3956/581/4928 3954/578/4920 3962/98/4405
f 3958/583/4931 3957/582/4930 3965/122/4433
f 3957/582/4930 3959/585/4933 3967/588/4944
f 3960/586/4945 3968/123/5959 3967/588/4944
f 3958/583/4937 3966/124/5960 3968/123/4946
f 3460/589/4947 3972/85/5961 3971/84/4948
f 3460/589/4950 3525/602/5962 3970/83/4951
f 3444/590/4953 3971/84/5963 3974/89/4954
f 3471/591/4956 3974/89/5964 3976/92/4957
f 3479/593/4959 3978/95/5965 3977/176/4960
f 3475/592/4962 3976/92/4962 3978/95/4962
f 3459/595/4963 3982/114/5966 3981/113/4964
f 3459/595/4966 3443/597/5967 3979/112/4967
f 3443/597/4969 3472/598/5968 3984/116/4970
f 3472/598/4972 3476/599/5969 3986/118/4973
f 3476/599/4975 3480/600/4975 3988/120/4975
f 3480/600/4976 3530/607/5970 3987/121/4977
f 3526/601/4979 3989/168/5971 3970/83/4980
f 3526/603/4982 3527/596/5972 3981/113/4983
f 3529/604/4985 3528/594/5973 3977/176/4986
f 3529/606/4988 3993/177/5974 3987/121/4989
f 3511/149/4459 3994/623/4997 3997/608/4991
f 3514/609/4467 3513/74/4384 4003/610/4992
f 3513/74/2018 3510/150/2018 3997/608/4994
f 3511/151/4459 3512/357/5947 4006/612/4996
f 3515/108/2013 4009/614/5027 4006/612/4998
f 3514/160/4467 4000/628/4993 4009/614/4999
f 3999/615/5000 3996/644/5006 3917/616/4887
f 4005/617/5001 3920/541/4881 3919/543/4883
f 3999/615/5003 3918/538/4884 3920/541/4885
f 4008/619/5005 3921/545/4886 3917/547/4887
f 4008/619/5007 4011/621/5026 3922/550/5008
f 4011/621/5009 4002/645/5002 3919/622/4883
f 3994/623/5010 3995/646/5024 3998/624/5011
f 3995/625/5013 3996/644/5022 3999/615/5014
f 3998/624/5016 4004/633/5017 4003/610/4995
f 3998/626/5016 3999/615/5003 4005/617/5004
f 4000/628/4993 4001/647/5019 4010/629/5018
f 4001/630/5019 4002/645/5002 4011/621/5009
f 4001/632/5019 4004/627/5020 4005/617/5001
f 4000/611/4993 4003/610/4992 4004/633/5020
f 3995/635/5013 4007/638/5975 4008/619/5021
f 3994/613/5010 4006/612/5976 4007/636/5023
f 4007/638/5025 4010/631/5028 4011/621/5026
f 4007/636/5025 4006/612/4998 4009/614/5027
f 4025/1/5029 4028/30/5058 4029/2/5030
f 4034/4/5032 4035/205/5370 4027/3/5031
f 4311/5/5033 4310/75/5102 4023/6/5034
f 4029/2/5030 4028/30/5058 4021/8/5036
f 4033/10/5038 4034/4/5032 4029/2/5030
f 4026/14/5042 4036/346/5371 4037/15/5043
f 4041/17/5045 4038/31/5059 4022/18/5046
f 4031/16/5044 4018/23/5051 4020/20/5048
f 4031/16/5044 4037/15/5043 4032/22/5050
f 4034/4/5032 4033/10/5038 4017/24/5052
f 4243/26/5054 4232/212/5222 4231/27/5055
f 4037/15/5043 4014/130/5160 4016/29/5057
f 4028/30/5058 4040/348/5378 4039/7/5035
f 4038/31/5059 4041/17/5045 4030/21/5049
f 4017/24/5052 4044/35/5063 4043/32/5060
f 4016/29/5057 4014/130/5160 4042/33/5061
f 4044/35/5063 4048/639/5977 4047/36/5064
f 4045/34/5062 4042/33/5061 4046/37/5065
f 4047/36/5064 4048/639/5977 4052/39/5067
f 4046/37/5065 4050/44/5072 4053/41/5069
f 4051/40/5068 4052/39/5067 4056/42/5070
f 4050/44/5072 4054/48/5076 4057/45/5073
f 4055/43/5071 4056/42/5070 4060/46/5074
f 4054/48/5076 4058/52/5080 4061/49/5077
f 4059/47/5075 4060/46/5074 4064/50/5078
f 4058/52/5080 4062/56/5084 4065/53/5081
f 4063/51/5079 4064/50/5078 4068/54/5082
f 4062/56/5084 4066/70/5097 4069/57/5085
f 4163/58/5086 4158/135/5165 4071/59/5087
f 4114/61/5089 4117/190/5093 4116/62/5090
f 4114/64/5089 4113/100/5126 4118/65/5092
f 4134/69/5096 4137/102/5129 4069/57/5085
f 4095/71/5098 4098/165/5187 4033/10/5038
f 4095/71/5098 4019/9/5037 4021/8/5036
f 4089/73/5100 4039/7/5035 4023/6/5034
f 4086/74/5101 4023/6/5034 4310/75/5102
f 4377/77/76 4372/402/76 4371/78/76
f 4543/83/5107 4542/88/5112 4544/84/5108
f 4092/72/5099 4021/8/5036 4039/7/5035
f 4128/86/5110 4015/25/5053 4043/32/5060
f 4542/88/5112 4546/91/5115 4547/89/5113
f 4125/87/5111 4043/32/5060 4047/36/5064
f 4546/91/5115 4548/94/5118 4549/92/5116
f 4122/90/5114 4047/36/5064 4051/40/5068
f 4548/94/5118 4550/176/5194 4551/95/5119
f 4116/62/5090 4119/93/5117 4051/40/5068
f 4534/96/5120 4536/587/5978 4537/97/5121
f 4115/63/5091 4116/62/5090 4055/43/5071
f 4056/42/5123 4104/179/5197 4107/99/5124
f 4113/100/5126 4131/101/5128 4062/56/5084
f 4107/99/5124 4110/187/5203 4064/50/5127
f 4131/101/5128 4134/69/5096 4066/70/5097
f 4137/102/5129 4112/126/5156 4065/53/5130
f 4026/14/5042 4074/345/5369 4157/103/5131
f 4088/108/5136 4085/357/5979 4024/19/5047
f 4091/109/5137 4088/108/5136 4022/18/5046
f 4094/110/5138 4091/109/5137 4038/31/5059
f 4097/111/5139 4094/110/5138 4020/20/5048
f 4032/22/5050 4100/166/5188 4097/111/5139
f 4552/112/5140 4553/115/5143 4554/113/5141
f 4553/115/5143 4552/112/5140 4557/116/5144
f 4556/117/5145 4557/116/5144 4559/118/5146
f 4558/119/5147 4559/118/5146 4561/120/5148
f 4538/122/5150 4540/588/5661 4541/123/5151
f 4109/125/5153 4106/182/5199 4057/45/5154
f 4109/125/5153 4061/49/5155 4065/53/5130
f 4054/48/5076 4118/65/5092 4113/100/5126
f 4050/44/5072 4121/191/5205 4118/65/5092
f 4124/127/5157 4121/191/5205 4050/44/5072
f 4127/128/5158 4124/127/5157 4046/37/5065
f 4130/129/5159 4127/128/5158 4042/33/5061
f 4165/131/5161 4164/222/5234 4130/129/5159
f 4115/63/5091 4059/47/5075 4063/51/5079
f 4133/132/5162 4063/51/5079 4067/55/5083
f 4136/133/5163 4067/55/5083 4068/54/5082
f 4064/50/5127 4110/187/5203 4139/134/5164
f 4158/135/5165 4074/345/5369 4073/136/5166
f 4073/136/5166 4074/345/5369 4076/140/5169
f 4075/141/5168 4076/140/5169 4079/142/5170
f 4078/144/5171 4081/640/5175 4080/145/5172
f 4078/143/5171 4079/142/5170 4082/147/5174
f 4080/145/5172 4081/640/5175 4084/149/5176
f 4082/147/5174 4085/357/5980 4084/151/5176
f 4520/152/5178 4522/575/5182 4523/153/5179
f 4520/155/5178 4524/576/5981 4525/156/5181
f 4086/74/5101 4087/609/5184 4090/158/5183
f 4088/108/5136 4091/109/5137 4090/159/5183
f 4089/73/5100 4090/158/5183 4093/161/5185
f 4091/109/5137 4094/110/5138 4093/162/5185
f 4092/72/5099 4093/161/5185 4096/163/5186
f 4094/110/5138 4097/111/5139 4096/164/5186
f 4096/163/5186 4099/641/5189 4098/165/5187
f 4096/164/5186 4097/111/5139 4100/166/5188
f 4562/168/5190 4563/171/5191 4542/88/5112
f 4562/169/5190 4554/113/5141 4553/115/5143
f 4563/171/5191 4564/173/5192 4546/91/5115
f 4563/170/5191 4553/115/5143 4556/117/5145
f 4564/173/5192 4565/175/5193 4548/94/5118
f 4564/172/5192 4556/117/5145 4558/119/5147
f 4565/175/5193 4566/605/5195 4550/176/5194
f 4565/174/5193 4558/119/5147 4560/121/5149
f 4102/178/5196 4105/642/5200 4104/179/5197
f 4102/181/5196 4103/584/5982 4106/182/5199
f 4104/179/5197 4105/642/5200 4108/184/5201
f 4106/182/5199 4109/125/5153 4108/185/5201
f 4107/99/5124 4108/184/5201 4111/186/5202
f 4109/125/5153 4112/126/5156 4111/188/5202
f 4114/64/5089 4132/200/5204 4131/101/5128
f 4114/61/5089 4115/63/5091 4133/132/5162
f 4117/190/5093 4120/643/5206 4119/93/5117
f 4117/66/5093 4118/65/5092 4121/191/5205
f 4119/93/5117 4120/643/5206 4123/193/5207
f 4121/191/5205 4124/127/5157 4123/194/5207
f 4122/90/5114 4123/193/5207 4126/195/5208
f 4124/127/5157 4127/128/5158 4126/196/5208
f 4125/87/5111 4126/195/5208 4129/197/5209
f 4127/128/5158 4130/129/5159 4129/198/5209
f 4132/200/5204 4135/202/5211 4134/69/5096
f 4132/189/5204 4133/132/5162 4136/133/5163
f 4135/202/5211 4138/204/5212 4137/102/5129
f 4135/201/5211 4136/133/5163 4139/134/5164
f 4110/187/5203 4111/186/5202 4138/203/5212
f 4112/126/5156 4137/102/5129 4138/204/5212
f 4035/205/5213 4034/4/5216 4174/206/5214
f 4034/4/5216 4015/25/5219 4141/208/5217
f 4013/68/5095 4179/343/5368 4141/208/5217
f 4142/210/5220 4036/346/5376 4233/211/5221
f 4037/15/5227 4142/210/5220 4143/213/5224
f 4146/216/5228 4072/82/5106 4027/3/5031
f 4152/219/5231 4145/217/5229 4144/220/5232
f 4210/225/5237 4208/287/5983 4207/226/5238
f 4280/228/76 4286/334/76 4285/229/76
f 4144/220/5240 4147/218/5377 4149/231/5241
f 4148/232/5242 4149/231/5241 4169/233/5243
f 4153/221/5233 4155/335/5355 4154/235/5245
f 4154/235/5246 4155/335/5355 4171/236/5247
f 4159/238/5249 4161/240/5252 4160/239/5250
f 4161/240/5252 4238/299/5315 4237/241/5253
f 4162/242/5254 4165/131/5161 4167/243/5255
f 4166/244/5256 4167/243/5255 4240/245/5257
f 4168/234/5244 4169/233/5243 4215/247/5259
f 4170/237/5248 4171/236/5247 4219/249/5261
f 4175/224/5236 4177/253/5265 4176/251/5263
f 4177/253/5265 4223/339/5361 4224/254/5266
f 4180/255/5267 4182/257/5269 4181/256/5268
f 4182/257/5269 4227/294/5310 4228/258/5270
f 4184/259/5271 4217/292/5308 4218/260/5272
f 4184/259/5271 4183/261/5273 4186/262/5274
f 4186/262/5276 4200/286/5300 4199/264/5277
f 4188/265/5278 4221/293/5309 4222/266/5279
f 4188/265/5278 4187/267/5280 4190/268/5281
f 4189/269/5282 4190/268/5281 4202/270/5283
f 4191/272/5285 4192/276/5289 4225/273/5286
f 4191/272/5285 4194/337/5358 4193/275/5288
f 4193/275/5290 4194/337/5358 4204/277/5291
f 4195/279/5293 4196/283/5297 4229/280/5294
f 4195/279/5293 4198/284/5298 4197/282/5296
f 4198/284/5298 4206/290/5306 4205/285/5299
f 4200/286/5300 4207/226/5359 4208/287/5301
f 4201/271/5284 4202/270/5283 4210/225/5302
f 4203/278/5292 4204/277/5291 4211/288/5304
f 4206/290/5306 4213/338/5360 4214/291/5307
f 4215/247/5259 4218/260/5272 4217/292/5308
f 4219/249/5261 4222/266/5279 4221/293/5309
f 4224/254/5266 4223/339/5361 4226/274/5287
f 4227/294/5310 4230/281/5295 4229/280/5294
f 4231/27/5055 4234/336/5357 4236/295/5311
f 4235/296/5312 4236/295/5311 4248/297/5313
f 4238/299/5315 4250/308/5324 4249/300/5316
f 4240/245/5257 4252/310/5326 4251/301/5317
f 4241/302/5318 4244/28/5056 4246/303/5319
f 4245/304/5320 4246/303/5319 4254/305/5321
f 4248/297/5313 4256/340/5362 4255/307/5323
f 4250/308/5324 4258/316/5332 4257/309/5325
f 4252/310/5326 4260/318/5334 4259/311/5327
f 4253/306/5322 4254/305/5321 4262/312/5328
f 4255/307/5323 4256/340/5362 4264/314/5330
f 4258/316/5332 4266/341/5363 4265/317/5333
f 4260/318/5334 4268/325/5343 4267/319/5335
f 4261/313/5329 4262/312/5328 4270/320/5336
f 4264/314/5338 4272/329/5347 4271/322/5339
f 4265/317/5340 4266/341/5363 4274/323/5341
f 4268/325/5343 4276/332/5351 4275/326/5344
f 4269/321/5337 4270/320/5336 4278/327/5345
f 4272/329/5347 4280/228/5364 4279/230/5348
f 4273/324/5342 4274/323/5341 4281/330/5349
f 4276/332/5351 4283/342/5365 4284/333/5352
f 4277/328/5346 4278/327/5345 4285/229/5353
f 4155/335/5355 4153/221/5233 4144/220/5240
f 4149/231/5241 4147/218/5377 4173/207/5215
f 4233/211/5221 4156/104/5251 4160/239/5250
f 4161/240/5252 4159/238/5249 4162/242/5254
f 4167/243/5255 4165/131/5161 4242/215/5226
f 4155/335/5355 4148/232/5242 4168/234/5244
f 4149/231/5241 4172/252/5264 4176/251/5263
f 4177/253/5265 4175/224/5236 4178/223/5235
f 4182/257/5269 4180/255/5267 4154/235/5246
f 4187/267/5280 4184/259/5271 4185/263/5275
f 4192/276/5289 4193/275/5288 4186/262/5274
f 4191/272/5285 4196/283/5297 4197/282/5296
f 4188/265/5278 4189/269/5282 4198/284/5298
f 4190/268/5281 4185/263/5275 4199/264/5277
f 4186/262/5276 4193/275/5290 4203/278/5292
f 4197/282/5296 4205/285/5299 4204/277/5291
f 4198/284/5298 4189/269/5282 4201/271/5284
f 4202/270/5283 4199/264/5277 4208/287/5301
f 4200/286/5300 4203/278/5292 4212/289/5305
f 4205/285/5299 4214/291/5307 4211/288/5304
f 4206/290/5306 4201/271/5284 4209/227/5303
f 4216/248/5260 4217/292/5308 4222/266/5279
f 4215/247/5259 4224/254/5266 4225/273/5286
f 4221/293/5309 4230/281/5295 4227/294/5310
f 4223/339/5361 4228/258/5270 4229/280/5294
f 4171/236/5247 4168/234/5244 4216/248/5260
f 4169/233/5243 4176/251/5263 4224/254/5266
f 4181/256/5268 4228/258/5270 4223/339/5361
f 4182/257/5269 4170/237/5248 4220/250/5262
f 4217/292/5308 4184/259/5271 4187/267/5280
f 4218/260/5272 4225/273/5286 4192/276/5289
f 4226/274/5287 4229/280/5294 4196/283/5297
f 4230/281/5295 4221/293/5309 4188/265/5278
f 4236/295/5311 4234/336/5357 4160/239/5250
f 4166/244/5256 4239/246/5258 4238/299/5315
f 4167/243/5255 4241/302/5318 4245/304/5320
f 4244/28/5056 4231/27/5055 4235/296/5312
f 4237/241/5253 4249/300/5316 4248/297/5313
f 4239/246/5258 4251/301/5317 4250/308/5324
f 4240/245/5257 4245/304/5320 4253/306/5322
f 4246/303/5319 4235/296/5312 4247/298/5314
f 4249/300/5316 4257/309/5325 4256/340/5362
f 4251/301/5317 4259/311/5327 4258/316/5332
f 4252/310/5326 4253/306/5322 4261/313/5329
f 4254/305/5321 4247/298/5314 4255/307/5323
f 4256/340/5362 4257/309/5325 4265/317/5333
f 4259/311/5327 4267/319/5335 4266/341/5363
f 4261/313/5329 4269/321/5337 4268/325/5343
f 4262/312/5328 4255/307/5323 4263/315/5331
f 4264/314/5338 4265/317/5340 4273/324/5342
f 4267/319/5335 4275/326/5344 4274/323/5341
f 4268/325/5343 4269/321/5337 4277/328/5346
f 4270/320/5336 4263/315/5331 4271/322/5339
f 4273/324/5342 4282/331/5350 4280/228/5364
f 4275/326/5344 4284/333/5352 4281/330/5349
f 4276/332/5351 4277/328/5346 4286/334/5354
f 4278/327/5345 4271/322/5339 4279/230/5348
f 4145/217/5229 4146/216/5228 4147/218/5230
f 4156/104/5132 4157/103/5131 4158/135/5165
f 4172/252/5264 4173/207/5215 4174/206/5214
f 4141/208/5217 4179/343/5368 4180/255/5367
f 4232/212/5222 4233/211/5221 4234/336/5357
f 4241/302/5318 4242/215/5226 4243/26/5054
f 4150/67/5094 4180/255/5356 4179/343/5368
f 4128/86/5110 4151/199/5210 4150/67/5094
f 4152/219/5231 4070/347/5088 4071/344/5087
f 4158/135/5165 4163/58/5086 4162/242/5254
f 4145/217/5229 4071/344/5087 4073/138/5166
f 4213/338/5372 4212/289/5375 4211/288/5373
f 4209/227/5239 4207/226/5238 4212/289/5375
f 4282/331/76 4281/330/76 4284/333/76
f 4286/334/76 4280/228/76 4282/331/76
f 4142/210/5220 4232/212/5222 4243/26/5054
f 4040/348/5378 4028/30/5382 4289/349/5379
f 4334/351/5381 4333/429/5469 4289/349/5379
f 4080/145/5383 4083/150/5594 4324/352/5384
f 4041/17/5045 4024/19/5047 4294/105/5133
f 4041/17/5045 4293/11/5039 4295/354/5389
f 4024/19/5047 4085/357/5979 4296/355/5390
f 4417/356/5391 4416/537/5591 4296/355/5390
f 4377/77/76 4308/79/76 4376/361/76
f 4311/5/5033 4312/364/5397 4313/363/5396
f 4312/364/5397 4315/366/5399 4314/365/5398
f 4315/366/5399 4329/409/5447 4328/367/5400
f 4319/358/5401 4321/369/5404 4320/368/5402
f 4321/369/5404 4331/410/5448 4330/370/5405
f 4322/371/5406 4325/408/5446 4327/372/5407
f 4335/374/5409 4337/412/5450 4336/375/5410
f 4338/376/5411 4339/414/5452 4346/377/5412
f 4341/379/5414 4348/416/5454 4347/380/5415
f 4343/382/5417 4350/417/5455 4349/383/5418
f 4344/385/5420 4345/419/5457 4352/386/5421
f 4346/377/5412 4354/421/5459 4353/388/5423
f 4347/380/5415 4348/416/5454 4356/389/5424
f 4349/383/5418 4350/417/5455 4358/391/5426
f 4352/386/5421 4360/423/5461 4359/393/5428
f 4353/388/5423 4354/421/5459 4362/394/5429
f 4356/389/5424 4364/425/5463 4363/396/5431
f 4357/392/5427 4358/391/5426 4366/397/5432
f 4359/393/5428 4360/423/5461 4368/399/5434
f 4362/394/5429 4369/428/5466 4370/401/5436
f 4363/396/5431 4364/425/5463 4371/78/5437
f 4365/398/5433 4366/397/5432 4374/403/5439
f 4368/399/5434 4375/362/5468 4376/361/5441
f 4287/350/5380 4288/360/5395 4315/366/5399
f 4312/364/5397 4311/5/5033 4040/348/5378
f 4309/76/5103 4313/363/5396 4290/405/5442
f 4321/369/5404 4319/358/5401 4077/146/5386
f 4291/406/5444 4322/371/5406 4326/373/5408
f 4325/408/5446 4314/365/5398 4328/367/5400
f 4288/360/5395 4298/411/5449 4329/409/5447
f 4291/406/5444 4297/407/5445 4331/410/5448
f 4288/360/5395 4332/359/5394 4336/375/5410
f 4337/412/5450 4335/374/5409 4320/368/5402
f 4339/414/5452 4340/381/5416 4347/380/5415
f 4300/415/5453 4302/418/5456 4348/416/5454
f 4343/382/5417 4299/413/5451 4301/378/5413
f 4344/385/5420 4351/387/5422 4302/418/5456
f 4345/419/5457 4342/384/5419 4349/383/5418
f 4346/377/5412 4347/380/5415 4355/390/5425
f 4348/416/5454 4302/418/5456 4304/422/5460
f 4350/417/5455 4301/378/5413 4303/420/5458
f 4351/387/5422 4359/393/5428 4304/422/5460
f 4352/386/5421 4349/383/5418 4357/392/5427
f 4303/420/5458 4353/388/5423 4361/395/5430
f 4354/421/5459 4355/390/5425 4363/396/5431
f 4304/422/5460 4306/426/5464 4364/425/5463
f 4358/391/5426 4303/420/5458 4305/424/5462
f 4359/393/5428 4367/400/5435 4306/426/5464
f 4360/423/5461 4357/392/5427 4365/398/5433
f 4305/424/5462 4361/395/5430 4370/401/5436
f 4362/394/5429 4363/396/5431 4372/402/5438
f 4306/426/5464 4308/79/5467 4371/78/5437
f 4366/397/5432 4305/424/5462 4307/427/5465
f 4367/400/5435 4376/361/5441 4308/79/5467
f 4368/399/5434 4365/398/5433 4373/404/5440
f 4317/81/5105 4318/137/5167 4319/358/5393
f 4323/353/5385 4324/352/5384 4325/408/5446
f 4332/359/5394 4333/429/5469 4334/351/5381
f 4332/359/5394 4287/350/5380 4289/349/5379
f 4025/1/5470 4316/80/5403 4335/374/5409
f 4073/138/5166 4318/137/5167 4317/81/5105
f 4319/358/5393 4318/137/5167 4075/139/5168
f 4077/146/5386 4323/353/5388 4322/371/5406
f 4373/404/76 4378/430/76 4377/77/76
f 4378/430/76 4369/428/76 4372/402/76
f 4374/403/76 4307/427/76 4378/430/76
f 4370/401/76 4369/428/76 4378/430/76
f 4380/431/5471 4383/435/5475 4382/432/5472
f 4380/431/5471 4379/451/5491 4384/434/5474
f 4387/436/5476 4386/440/5480 4389/437/5477
f 4385/439/5479 4390/452/5492 4389/437/5477
f 4392/441/5481 4395/445/5485 4394/442/5482
f 4392/441/5481 4391/453/5493 4396/444/5484
f 4399/446/5486 4398/450/5490 4401/447/5487
f 4397/449/5489 4402/454/5494 4401/447/5487
f 4327/372/5407 4384/434/5474 4379/451/5491
f 4328/367/5400 4329/409/5447 4390/452/5492
f 4331/410/5448 4396/444/5484 4391/453/5493
f 4336/375/5410 4337/412/5450 4402/454/5494
f 4381/433/5473 4382/432/5472 4339/414/5452
f 4388/438/5478 4341/379/5414 4340/381/5416
f 4393/443/5483 4394/442/5482 4343/382/5417
f 4400/448/5488 4345/419/5457 4344/385/5420
f 4297/407/5445 4326/373/5408 4379/451/5495
f 4327/372/5407 4328/367/5400 4385/439/5479
f 4329/409/5447 4298/411/5449 4408/456/5497
f 4297/407/5445 4403/455/5496 4396/444/5484
f 4298/411/5449 4336/375/5410 4397/449/5489
f 4330/370/5405 4391/453/5493 4402/454/5494
f 4405/457/5498 4381/433/5501 4338/376/5411
f 4382/432/5472 4387/436/5476 4340/381/5416
f 4406/458/5499 4300/415/5453 4341/379/5414
f 4394/442/5482 4405/457/5498 4299/413/5451
f 4399/446/5486 4344/385/5420 4300/415/5453
f 4400/448/5488 4393/443/5483 4342/384/5419
f 4380/431/5500 4404/459/5502 4403/455/5496
f 4381/433/5501 4405/457/5498 4404/459/5502
f 4383/435/5475 4386/440/5480 4387/436/5476
f 4384/434/5474 4385/439/5479 4386/440/5480
f 4388/438/5478 4389/437/5477 4407/460/5503
f 4389/437/5477 4390/452/5492 4408/456/5497
f 4391/453/5493 4392/441/5481 4401/447/5487
f 4393/443/5483 4400/448/5488 4401/447/5487
f 4395/445/5485 4404/459/5502 4405/457/5498
f 4395/445/5485 4396/444/5484 4403/455/5496
f 4398/450/5490 4407/460/5503 4408/456/5497
f 4398/450/5490 4399/446/5486 4406/458/5499
f 4410/461/5504 4409/465/5589 4076/140/5169
f 4451/462/5505 4452/535/5505 4458/463/5505
f 4409/465/5506 4411/528/5575 4413/466/5507
f 4413/466/5507 4459/510/5556 4460/468/5509
f 4414/469/5510 4415/472/5513 4475/470/5511
f 4415/472/5513 4414/469/5510 4418/106/5134
f 4419/473/5515 4420/476/5518 4467/474/5516
f 4420/476/5518 4419/473/5515 4422/477/5519
f 4422/477/5521 4436/531/5582 4435/479/5522
f 4424/480/5523 4473/518/5565 4474/481/5524
f 4423/482/5525 4426/530/5581 4425/483/5526
f 4425/483/5527 4426/530/5581 4438/484/5528
f 4428/486/5530 4479/521/5568 4480/487/5531
f 4428/486/5530 4427/488/5532 4430/489/5533
f 4429/490/5534 4430/489/5533 4440/491/5535
f 4431/493/5537 4432/497/5541 4463/494/5538
f 4431/493/5537 4434/498/5542 4433/496/5540
f 4434/498/5542 4442/532/5583 4441/499/5543
f 4435/479/5522 4436/531/5582 4444/500/5544
f 4438/484/5528 4446/533/5584 4445/502/5546
f 4440/491/5535 4448/534/5585 4447/503/5547
f 4441/499/5543 4442/532/5583 4450/504/5548
f 4444/500/5544 4452/535/5586 4451/462/5550
f 4445/502/5546 4446/533/5584 4453/506/5551
f 4447/503/5547 4448/534/5585 4455/508/5553
f 4450/504/5548 4457/464/5587 4458/463/5555
f 4459/510/5556 4461/536/5588 4462/511/5557
f 4462/511/5558 4461/536/5588 4464/495/5539
f 4465/512/5559 4466/514/5561 4468/475/5517
f 4465/512/5559 4470/515/5562 4469/513/5560
f 4470/515/5562 4483/527/5574 4486/516/5563
f 4472/517/5564 4474/481/5524 4473/518/5565
f 4472/517/5564 4471/519/5566 4476/471/5512
f 4478/520/5567 4480/487/5531 4479/521/5568
f 4478/520/5567 4477/522/5569 4482/523/5570
f 4481/524/5571 4482/523/5570 4487/525/5572
f 4485/12/5040 4418/106/5134 4414/469/5510
f 4411/528/5575 4030/21/5049 4295/354/5389
f 4079/142/5576 4076/140/5984 4488/529/5577
f 4079/142/5576 4415/472/5513 4417/356/5579
f 4419/473/5515 4424/480/5523 4425/483/5526
f 4428/486/5530 4429/490/5534 4426/530/5581
f 4432/497/5541 4433/496/5540 4430/489/5533
f 4431/493/5537 4420/476/5518 4421/478/5520
f 4425/483/5527 4437/485/5529 4436/531/5582
f 4429/490/5534 4439/492/5536 4438/484/5528
f 4433/496/5540 4441/499/5543 4440/491/5535
f 4434/498/5542 4421/478/5520 4435/479/5522
f 4437/485/5529 4445/502/5546 4444/500/5544
f 4439/492/5536 4447/503/5547 4446/533/5584
f 4441/499/5543 4449/505/5549 4448/534/5585
f 4442/532/5583 4435/479/5522 4443/501/5545
f 4445/502/5546 4454/507/5552 4452/535/5586
f 4446/533/5584 4447/503/5547 4456/509/5554
f 4449/505/5549 4458/463/5555 4455/508/5553
f 4443/501/5545 4451/462/5550 4457/464/5587
f 4469/513/5560 4486/516/5563 4414/469/5510
f 4415/472/5513 4487/525/5572 4482/523/5570
f 4489/526/5573 4412/467/5508 4460/468/5509
f 4483/527/5574 4470/515/5562 4459/510/5556
f 4468/475/5517 4473/518/5565 4424/480/5523
f 4479/521/5568 4428/486/5530 4423/482/5525
f 4463/494/5538 4432/497/5541 4427/488/5532
f 4464/495/5539 4467/474/5516 4420/476/5518
f 4470/515/5562 4465/512/5559 4461/536/5588
f 4467/474/5516 4464/495/5539 4461/536/5588
f 4466/514/5561 4471/519/5566 4473/518/5565
f 4466/514/5561 4469/513/5560 4476/471/5512
f 4474/481/5524 4472/517/5564 4477/522/5569
f 4475/470/5511 4482/523/5570 4477/522/5569
f 4480/487/5531 4478/520/5567 4462/511/5558
f 4481/524/5571 4460/468/5509 4462/511/5557
f 4484/13/5041 4485/12/5040 4486/516/5563
f 4292/107/5135 4485/12/5040 4293/11/5039
f 4294/105/5133 4296/355/5390 4416/537/5591
f 4484/13/5041 4483/527/5574 4295/354/5389
f 4410/461/5504 4031/16/5044 4030/21/5049
f 4452/535/5505 4454/507/5505 4455/508/5505
f 4454/507/5505 4453/506/5505 4456/509/5505
f 4491/538/5595 4490/616/5604 4496/539/5596
f 4493/541/5598 4499/544/5985 4498/542/5599
f 4491/538/5601 4497/540/2737 4499/544/2737
f 4494/545/5603 4500/549/5986 4496/546/5596
f 4494/545/5605 4495/550/5725 4501/548/2732
f 4495/550/5606 4492/622/5600 4498/551/5599
f 4497/540/5608 4496/539/5615 4502/552/5609
f 4499/544/5611 4505/555/5620 4504/554/5612
f 4499/544/2737 4497/540/2737 4503/553/2737
f 4500/549/5614 4506/557/5622 4502/556/5609
f 4501/548/2732 4507/559/2732 4506/557/2732
f 4501/548/5616 4498/551/5613 4504/558/5612
f 4503/553/5610 4502/552/5609 4508/560/5618
f 4505/555/5620 4511/563/5987 4510/562/5621
f 4505/555/2737 4503/553/2737 4509/561/2737
f 4506/557/5622 4512/565/5988 4508/564/5618
f 4507/559/2732 4513/567/2732 4512/565/2732
f 4507/559/5617 4504/558/5612 4510/566/5621
f 4508/560/5618 4514/574/5628 4515/568/5624
f 4510/562/5621 4511/563/5987 4517/569/5625
f 4511/563/2737 4509/561/2737 4515/568/2737
f 4508/564/5618 4512/565/5988 4518/571/5627
f 4513/567/2732 4519/573/2732 4518/571/2732
f 4510/566/5621 4516/577/5626 4519/573/5629
f 4514/574/5628 4520/152/5634 4521/154/5630
f 4516/570/5626 4517/569/5625 4523/153/5631
f 4517/569/2737 4515/568/2737 4521/154/2737
f 4514/572/5628 4518/571/5627 4524/576/5633
f 4519/573/2732 4525/156/2732 4524/576/2732
f 4516/577/5626 4522/157/5632 4525/156/5635
f 4101/180/5636 4526/579/5640 4527/578/5637
f 4104/179/5639 4528/580/5656 4526/579/5640
f 4056/42/5641 4529/581/5989 4528/580/5642
f 4056/42/5644 4052/39/5638 4527/578/5637
f 4106/182/5646 4103/584/5649 4530/582/5647
f 4103/584/5649 4053/41/5652 4532/585/5650
f 4057/45/5651 4533/586/5662 4532/585/5650
f 4057/45/5653 4106/182/5990 4531/583/5654
f 4526/579/5640 4534/96/5120 4535/98/5122
f 4528/580/5656 4536/587/5991 4534/96/5120
f 4528/580/5642 4529/581/5989 4537/97/5657
f 4529/581/5645 4527/578/5637 4535/98/5122
f 4531/583/5648 4530/582/5647 4538/122/5150
f 4530/582/5647 4532/585/5650 4540/588/5661
f 4533/586/5662 4541/123/5992 4540/588/5661
f 4531/583/5654 4539/124/5993 4541/123/5663
f 4033/589/5664 4545/85/5994 4544/84/5665
f 4033/589/5667 4098/602/5995 4543/83/5668
f 4017/590/5670 4544/84/5996 4547/89/5671
f 4044/591/5673 4547/89/5997 4549/92/5674
f 4052/593/5676 4551/95/5998 4550/176/5677
f 4048/592/5679 4549/92/5679 4551/95/5679
f 4032/595/5680 4555/114/5999 4554/113/5681
f 4032/595/5683 4016/597/6000 4552/112/5684
f 4016/597/5686 4045/598/6001 4557/116/5687
f 4045/598/5689 4049/599/6002 4559/118/5690
f 4049/599/5692 4053/600/5692 4561/120/5692
f 4053/600/5693 4103/607/6003 4560/121/5694
f 4099/601/5696 4562/168/6004 4543/83/5697
f 4099/603/5699 4100/596/6005 4554/113/5700
f 4102/604/5702 4101/594/6006 4550/176/5703
f 4102/606/5705 4566/177/6007 4560/121/5706
f 4084/149/5176 4567/623/5714 4570/608/5708
f 4087/609/5184 4086/74/5101 4576/610/5709
f 4086/74/2737 4083/150/2737 4570/608/5711
f 4084/151/5176 4085/357/5980 4579/612/5713
f 4088/108/2732 4582/614/5744 4579/612/5715
f 4087/160/5184 4573/628/5710 4582/614/5716
f 4572/615/5717 4569/644/5723 4490/616/5604
f 4578/617/5718 4493/541/5598 4492/543/5600
f 4572/615/5720 4491/538/5601 4493/541/5602
f 4581/619/5722 4494/545/5603 4490/547/5604
f 4581/619/5724 4584/621/5743 4495/550/5725
f 4584/621/5726 4575/645/5719 4492/622/5600
f 4567/623/5727 4568/646/5741 4571/624/5728
f 4568/625/5730 4569/644/5739 4572/615/5731
f 4571/624/5733 4577/633/5734 4576/610/5712
f 4571/626/5733 4572/615/5720 4578/617/5721
f 4573/628/5710 4574/647/5736 4583/629/5735
f 4574/630/5736 4575/645/5719 4584/621/5726
f 4574/632/5736 4577/627/5737 4578/617/5718
f 4573/611/5710 4576/610/5709 4577/633/5737
f 4568/635/5730 4580/638/6008 4581/619/5738
f 4567/613/5727 4579/612/6009 4580/636/5740
f 4580/638/5742 4583/631/5745 4584/621/5743
f 4580/636/5742 4579/612/5715 4582/614/5744
