# Blender 5.2.0 LTS
# www.blender.org
mtllib top.mtl
o Top
v -2.250444 0.402088 2.285800
v -2.285800 0.402088 2.250444
v -2.334096 0.402088 2.263386
v -2.347037 0.402088 2.311682
v -2.311681 0.402088 2.347037
v -2.263385 0.402088 2.334096
v -2.250444 4.597913 2.285800
v -2.285800 4.597913 2.250444
v -2.334096 4.597913 2.263385
v -2.347037 4.597913 2.311682
v -2.311681 4.597913 2.347037
v -2.263385 4.597913 2.334096
v -3.207609 0.402088 0.025000
v -3.207609 0.402088 -0.025000
v -3.250910 0.402088 -0.050000
v -3.294211 0.402088 -0.025000
v -3.294211 0.402088 0.025000
v -3.250910 0.402088 0.050000
v -3.207609 4.597913 0.025000
v -3.207609 4.597913 -0.025000
v -3.250910 4.597913 -0.050000
v -3.294211 4.597913 -0.025000
v -3.294211 4.597913 0.025000
v -3.250910 4.597913 0.050000
v -2.285800 0.402088 -2.250443
v -2.250444 0.402088 -2.285799
v -2.263385 0.402088 -2.334095
v -2.311681 0.402088 -2.347036
v -2.347037 0.402088 -2.311681
v -2.334096 0.402088 -2.263385
v -2.285800 4.597913 -2.250444
v -2.250444 4.597913 -2.285799
v -2.263385 4.597913 -2.334095
v -2.311681 4.597913 -2.347037
v -2.347037 4.597913 -2.311681
v -2.334096 4.597913 -2.263385
v -0.025000 0.402088 -3.207608
v 0.025000 0.402088 -3.207608
v 0.050000 0.402088 -3.250910
v 0.025000 0.402088 -3.294211
v -0.025000 0.402088 -3.294211
v -0.050000 0.402088 -3.250910
v -0.025000 4.597912 -3.207608
v 0.025000 4.597912 -3.207608
v 0.050000 4.597912 -3.250910
v 0.025000 4.597912 -3.294211
v -0.025000 4.597912 -3.294211
v -0.050000 4.597912 -3.250910
v 2.250444 0.402088 -2.285799
v 2.285800 0.402088 -2.250443
v 2.334096 0.402088 -2.263385
v 2.347037 0.402088 -2.311681
v 2.311681 0.402088 -2.347036
v 2.263385 0.402088 -2.334095
v 2.250444 4.597913 -2.285799
v 2.285800 4.597913 -2.250444
v 2.334096 4.597913 -2.263385
v 2.347037 4.597913 -2.311681
v 2.311681 4.597913 -2.347037
v 2.263385 4.597913 -2.334095
v 3.207609 0.402088 -0.025000
v 3.207609 0.402088 0.025000
v 3.250910 0.402088 0.050000
v 3.294211 0.402088 0.025000
v 3.294211 0.402088 -0.025000
v 3.250910 0.402088 -0.050000
v 3.207609 4.597913 -0.025000
v 3.207609 4.597913 0.025000
v 3.250910 4.597913 0.050000
v 3.294211 4.597913 0.025000
v 3.294211 4.597913 -0.025000
v 3.250910 4.597913 -0.050000
v 2.285800 0.402088 2.250444
v 2.250444 0.402088 2.285800
v 2.263385 0.402088 2.334096
v 2.311681 0.402088 2.347037
v 2.347037 0.402088 2.311682
v 2.334096 0.402088 2.263386
v 2.285800 4.597913 2.250444
v 2.250444 4.597913 2.285800
v 2.263385 4.597913 2.334096
v 2.311681 4.597913 2.347037
v 2.347037 4.597913 2.311682
v 2.334096 4.597913 2.263385
v 4.342311 0.232335 -1.410902
v 3.693790 0.232335 -2.683695
v 2.683696 0.232335 -3.693790
v 1.410902 0.232335 -4.342310
v -0.000000 0.232335 -4.565775
v -1.410902 0.232335 -4.342309
v -2.683695 0.232335 -3.693789
v -3.693789 0.232335 -2.683694
v -4.342308 0.232335 -1.410901
v -4.565774 0.232336 0.000000
v -4.342308 0.232336 1.410901
v -3.693789 0.232336 2.683694
v -2.683694 0.232336 3.693789
v -1.410901 0.232336 4.342309
v -0.000000 0.232336 4.565774
v 1.410901 0.232336 4.342308
v 2.683693 0.232336 3.693789
v 3.693787 0.232336 2.683694
v 4.342308 0.232336 1.410901
v 4.565773 0.232336 0.000000
v 1.521196 4.513880 -0.494267
v 1.294007 4.513880 -0.940152
v 0.940150 4.513880 -1.294008
v 0.494266 4.513880 -1.521194
v -0.000001 4.513880 -1.599483
v -0.494267 4.513880 -1.521194
v -0.940152 4.513880 -1.294008
v -1.294008 4.513880 -0.940152
v -1.521197 4.513880 -0.494267
v -1.599483 4.513880 -0.000001
v -1.521197 4.513880 0.494265
v -1.294008 4.513880 0.940150
v -0.940152 4.513880 1.294006
v -0.494267 4.513880 1.521192
v -0.000001 4.513880 1.599481
v 0.494265 4.513880 1.521192
v 0.940150 4.513880 1.294006
v 1.294006 4.513880 0.940150
v 1.521196 4.513880 0.494265
v 1.599481 4.513880 -0.000001
v 0.961917 1.546529 -0.312546
v 0.818256 1.546529 -0.594498
v 0.818256 3.434840 -0.594499
v 0.961917 3.434840 -0.312547
v 0.594497 1.546529 -0.818258
v 0.594497 3.434840 -0.818258
v 0.312545 1.546529 -0.961917
v 0.312545 3.434840 -0.961917
v -0.000001 1.546529 -1.011422
v -0.000001 3.434840 -1.011423
v -0.312546 1.546529 -0.961917
v -0.312546 3.434840 -0.961917
v -0.594499 1.546529 -0.818257
v -0.594499 3.434840 -0.818257
v -0.818257 1.546529 -0.594498
v -0.818257 3.434840 -0.594499
v -0.961918 1.546529 -0.312546
v -0.961918 3.434840 -0.312546
v -1.011422 1.546529 -0.000001
v -1.011422 3.434840 -0.000001
v -0.961918 1.546529 0.312545
v -0.961918 3.434840 0.312545
v -0.818257 1.546529 0.594497
v -0.818257 3.434840 0.594497
v -0.594499 1.546529 0.818256
v -0.594499 3.434840 0.818256
v -0.312546 1.546529 0.961915
v -0.312546 3.434840 0.961915
v -0.000001 1.546529 1.011421
v -0.000001 3.434840 1.011421
v 0.312545 1.546529 0.961915
v 0.312545 3.434840 0.961915
v 0.594497 1.546529 0.818256
v 0.594497 3.434840 0.818256
v 0.818255 1.546529 0.594497
v 0.818255 3.434840 0.594497
v 0.961917 1.546529 0.312545
v 0.961917 3.434840 0.312545
v 1.011420 1.546529 -0.000001
v 1.011420 3.434840 -0.000001
v 1.521196 1.432460 -0.494267
v 1.409351 1.543532 -0.457926
v 1.294007 1.432460 -0.940151
v 1.198866 1.543532 -0.871028
v 0.940150 1.432460 -1.294008
v 0.871027 1.543532 -1.198867
v 0.494266 1.432460 -1.521194
v 0.457925 1.543532 -1.409350
v -0.000001 1.432460 -1.599483
v -0.000001 1.543532 -1.481883
v -0.494267 1.432460 -1.521194
v -0.457926 1.543532 -1.409350
v -0.940152 1.432460 -1.294008
v -0.871028 1.543532 -1.198867
v -1.294008 1.432460 -0.940151
v -1.198867 1.543532 -0.871028
v -1.521197 1.432460 -0.494267
v -1.409353 1.543532 -0.457926
v -1.599483 1.432460 -0.000001
v -1.481883 1.543532 -0.000001
v -1.521197 1.432460 0.494266
v -1.409353 1.543532 0.457925
v -1.294008 1.432460 0.940150
v -1.198867 1.543532 0.871026
v -0.940152 1.432460 1.294007
v -0.871028 1.543532 1.198866
v -0.494267 1.432460 1.521193
v -0.457926 1.543532 1.409348
v -0.000001 1.432460 1.599482
v -0.000001 1.543532 1.481881
v 0.494265 1.432460 1.521193
v 0.457925 1.543532 1.409348
v 0.940150 1.432460 1.294007
v 0.871026 1.543532 1.198866
v 1.294006 1.432460 0.940150
v 1.198865 1.543532 0.871026
v 1.521196 1.432460 0.494265
v 1.409351 1.543532 0.457925
v 1.599481 1.432460 -0.000001
v 1.481881 1.543532 -0.000001
v 1.521196 3.548910 -0.494267
v 1.409351 3.437838 -0.457926
v 1.294007 3.548910 -0.940152
v 1.198866 3.437838 -0.871028
v 0.940150 3.548910 -1.294008
v 0.871027 3.437838 -1.198868
v 0.494266 3.548910 -1.521194
v 0.457925 3.437838 -1.409350
v -0.000001 3.548909 -1.599483
v -0.000001 3.437838 -1.481883
v -0.494267 3.548910 -1.521194
v -0.457926 3.437838 -1.409350
v -0.940152 3.548910 -1.294008
v -0.871028 3.437838 -1.198867
v -1.294008 3.548910 -0.940152
v -1.198867 3.437838 -0.871028
v -1.521197 3.548910 -0.494267
v -1.409353 3.437838 -0.457926
v -1.599483 3.548910 -0.000001
v -1.481883 3.437838 -0.000001
v -1.521197 3.548910 0.494265
v -1.409353 3.437838 0.457925
v -1.294008 3.548910 0.940150
v -1.198867 3.437838 0.871026
v -0.940152 3.548910 1.294006
v -0.871028 3.437838 1.198866
v -0.494267 3.548910 1.521192
v -0.457926 3.437838 1.409348
v -0.000001 3.548910 1.599481
v -0.000001 3.437838 1.481881
v 0.494265 3.548910 1.521192
v 0.457925 3.437838 1.409348
v 0.940150 3.548910 1.294006
v 0.871026 3.437838 1.198866
v 1.294006 3.548910 0.940150
v 1.198865 3.437838 0.871026
v 1.521196 3.548910 0.494265
v 1.409351 3.437838 0.457925
v 1.599481 3.548910 -0.000001
v 1.481881 3.437838 -0.000001
v 1.527384 1.548845 -0.496277
v 1.567890 1.451923 -0.509438
v 1.605988 1.548845 -0.000001
v 1.648579 1.451923 -0.000000
v 1.428579 1.589797 -0.464173
v 1.502098 1.589797 0.000000
v 1.299271 1.548845 -0.943975
v 1.215222 1.589797 -0.882911
v 1.333728 1.451923 -0.969010
v 0.943975 1.548845 -1.299272
v 0.882910 1.589797 -1.215223
v 0.969009 1.451923 -1.333730
v 0.496275 1.548845 -1.527383
v 0.464173 1.589797 -1.428577
v 0.509438 1.451923 -1.567889
v -0.000001 1.548845 -1.605990
v -0.000000 1.589797 -1.502100
v -0.000001 1.451923 -1.648581
v -0.496278 1.548845 -1.527382
v -0.464175 1.589797 -1.428577
v -0.509439 1.451923 -1.567889
v -0.943977 1.548845 -1.299271
v -0.882911 1.589797 -1.215223
v -0.969010 1.451923 -1.333729
v -1.299272 1.548845 -0.943976
v -1.215223 1.589797 -0.882911
v -1.333729 1.451923 -0.969010
v -1.527385 1.548845 -0.496277
v -1.428580 1.589797 -0.464173
v -1.567892 1.451923 -0.509439
v -1.605989 1.548845 0.000000
v -1.502100 1.589797 -0.000002
v -1.648581 1.451923 -0.000000
v -1.527384 1.548845 0.496278
v -1.428580 1.589797 0.464172
v -1.567892 1.451923 0.509438
v -1.299272 1.548845 0.943975
v -1.215223 1.589798 0.882909
v -1.333729 1.451923 0.969009
v -0.943976 1.548845 1.299271
v -0.882912 1.589798 1.215221
v -0.969010 1.451923 1.333728
v -0.496277 1.548845 1.527381
v -0.464173 1.589798 1.428576
v -0.509439 1.451923 1.567887
v -0.000002 1.548845 1.605988
v -0.000002 1.589798 1.502098
v -0.000001 1.451923 1.648580
v 0.496277 1.548845 1.527380
v 0.464172 1.589798 1.428576
v 0.509438 1.451923 1.567887
v 0.943975 1.548845 1.299270
v 0.882909 1.589798 1.215222
v 0.969009 1.451923 1.333728
v 1.299270 1.548845 0.943975
v 1.215221 1.589798 0.882909
v 1.333727 1.451923 0.969009
v 1.527383 1.548845 0.496276
v 1.428578 1.589797 0.464173
v 1.567890 1.451923 0.509438
v 1.527383 3.432524 -0.496278
v 1.567890 3.529447 -0.509439
v 1.299271 3.432524 -0.943976
v 1.333728 3.529447 -0.969010
v 1.428578 3.391572 -0.464174
v 1.215223 3.391572 -0.882911
v 0.943974 3.432524 -1.299272
v 0.969009 3.529446 -1.333730
v 0.882909 3.391572 -1.215224
v 0.496277 3.432524 -1.527382
v 0.509438 3.529447 -1.567889
v 0.464174 3.391572 -1.428577
v -0.000001 3.432524 -1.605990
v -0.000001 3.529446 -1.648581
v -0.000001 3.391572 -1.502100
v -0.496278 3.432524 -1.527382
v -0.509439 3.529447 -1.567889
v -0.464174 3.391572 -1.428577
v -0.943976 3.432524 -1.299272
v -0.969010 3.529446 -1.333729
v -0.882911 3.391572 -1.215223
v -1.299272 3.432524 -0.943976
v -1.333729 3.529446 -0.969010
v -1.215223 3.391572 -0.882911
v -1.527385 3.432524 -0.496278
v -1.567892 3.529447 -0.509439
v -1.428580 3.391572 -0.464175
v -1.605989 3.432524 -0.000000
v -1.648581 3.529446 -0.000001
v -1.502100 3.391572 0.000000
v -1.527385 3.432524 0.496276
v -1.567892 3.529446 0.509438
v -1.428580 3.391572 0.464172
v -1.299272 3.432524 0.943974
v -1.333729 3.529447 0.969008
v -1.215223 3.391572 0.882909
v -0.943976 3.432524 1.299270
v -0.969010 3.529447 1.333727
v -0.882911 3.391572 1.215222
v -0.496277 3.432524 1.527381
v -0.509439 3.529447 1.567887
v -0.464174 3.391572 1.428576
v -0.000001 3.432524 1.605988
v -0.000001 3.529447 1.648579
v 0.000001 3.391572 1.502098
v 0.496276 3.432524 1.527380
v 0.509437 3.529446 1.567887
v 0.464172 3.391572 1.428575
v 0.943974 3.432524 1.299270
v 0.969009 3.529446 1.333727
v 0.882908 3.391572 1.215222
v 1.299270 3.432524 0.943974
v 1.333727 3.529446 0.969008
v 1.215222 3.391572 0.882908
v 1.527383 3.432524 0.496276
v 1.567890 3.529446 0.509437
v 1.428578 3.391572 0.464173
v 1.605988 3.432524 -0.000001
v 1.648579 3.529446 -0.000000
v 1.502098 3.391572 -0.000003
v 1.619015 0.467495 -0.526050
v 1.521196 0.571285 -0.494267
v 1.377218 0.467495 -1.000607
v 1.294007 0.571285 -0.940151
v 1.000606 0.467495 -1.377219
v 0.940150 0.571285 -1.294008
v 0.526050 0.467495 -1.619014
v 0.494266 0.571285 -1.521194
v -0.000001 0.467495 -1.702337
v -0.000001 0.571285 -1.599483
v -0.526051 0.467495 -1.619014
v -0.494267 0.571285 -1.521194
v -1.000607 0.467495 -1.377219
v -0.940152 0.571285 -1.294008
v -1.377219 0.467495 -1.000607
v -1.294008 0.571285 -0.940151
v -1.619017 0.467495 -0.526050
v -1.521197 0.571285 -0.494267
v -1.702337 0.467495 -0.000000
v -1.599483 0.571285 -0.000000
v -1.619017 0.467495 0.526050
v -1.521197 0.571285 0.494266
v -1.377219 0.467495 1.000606
v -1.294008 0.571285 0.940150
v -1.000607 0.467495 1.377217
v -0.940152 0.571285 1.294007
v -0.526050 0.467495 1.619012
v -0.494267 0.571285 1.521193
v -0.000001 0.467495 1.702336
v -0.000001 0.571285 1.599482
v 0.526049 0.467495 1.619012
v 0.494265 0.571285 1.521193
v 1.000606 0.467495 1.377217
v 0.940150 0.571285 1.294007
v 1.377217 0.467495 1.000606
v 1.294006 0.571285 0.940150
v 1.619015 0.467495 0.526049
v 1.521196 0.571285 0.494266
v 1.702335 0.467495 -0.000000
v 1.599481 0.571285 -0.000000
v 1.603692 0.521646 -0.521071
v 1.686223 0.521647 0.000000
v 1.567856 0.559612 -0.509428
v 1.648544 0.559612 -0.000001
v 1.364182 0.521647 -0.991137
v 1.333699 0.559612 -0.968989
v 0.991135 0.521647 -1.364184
v 0.968988 0.559612 -1.333700
v 0.521071 0.521647 -1.603690
v 0.509427 0.559612 -1.567855
v -0.000001 0.521647 -1.686225
v -0.000001 0.559612 -1.648545
v -0.521071 0.521647 -1.603690
v -0.509428 0.559612 -1.567855
v -0.991136 0.521647 -1.364184
v -0.968989 0.559612 -1.333700
v -1.364184 0.521647 -0.991136
v -1.333700 0.559612 -0.968989
v -1.603693 0.521647 -0.521071
v -1.567858 0.559612 -0.509428
v -1.686225 0.521647 0.000000
v -1.648545 0.559612 -0.000000
v -1.603693 0.521647 0.521070
v -1.567858 0.559612 0.509427
v -1.364184 0.521647 0.991135
v -1.333700 0.559612 0.968988
v -0.991136 0.521647 1.364182
v -0.968990 0.559612 1.333699
v -0.521071 0.521647 1.603689
v -0.509428 0.559612 1.567853
v 0.000000 0.521647 1.686224
v -0.000001 0.559612 1.648544
v 0.521070 0.521647 1.603689
v 0.509426 0.559612 1.567853
v 0.991135 0.521647 1.364182
v 0.968988 0.559612 1.333699
v 1.364182 0.521647 0.991135
v 1.333698 0.559612 0.968988
v 1.603691 0.521647 0.521070
v 1.567856 0.559612 0.509426
v 4.342311 0.422396 -1.410902
v 4.290199 0.467495 -1.393970
v 3.693790 0.422395 -2.683695
v 3.649462 0.467495 -2.651489
v 2.683696 0.422395 -3.693790
v 2.651489 0.467495 -3.649461
v 1.410902 0.422395 -4.342310
v 1.393969 0.467495 -4.290199
v -0.000000 0.422395 -4.565775
v -0.000000 0.467495 -4.510982
v -1.410902 0.422395 -4.342309
v -1.393970 0.467495 -4.290197
v -2.683695 0.422395 -3.693789
v -2.651488 0.467495 -3.649460
v -3.693789 0.422395 -2.683694
v -3.649460 0.467495 -2.651487
v -4.342308 0.422396 -1.410901
v -4.290197 0.467495 -1.393969
v -4.565774 0.422396 0.000000
v -4.510982 0.467495 0.000000
v -4.342308 0.422396 1.410901
v -4.290197 0.467495 1.393969
v -3.693789 0.422396 2.683694
v -3.649460 0.467495 2.651488
v -2.683694 0.422396 3.693789
v -2.651487 0.467495 3.649460
v -1.410901 0.422396 4.342309
v -1.393969 0.467495 4.290197
v -0.000000 0.422396 4.565774
v -0.000000 0.467495 4.510981
v 1.410901 0.422396 4.342308
v 1.393969 0.467495 4.290197
v 2.683693 0.422396 3.693789
v 2.651486 0.467495 3.649460
v 3.693787 0.422396 2.683694
v 3.649459 0.467495 2.651487
v 4.342308 0.422396 1.410901
v 4.290196 0.467495 1.393969
v 4.565773 0.422396 0.000000
v 4.510980 0.467495 0.000000
v 4.371266 0.492554 -1.420308
v 4.395492 0.422827 -1.428182
v 4.596219 0.492554 0.000001
v 4.621692 0.422827 0.000000
v 4.292597 0.513855 -1.394749
v 4.513500 0.513855 0.000001
v 3.718421 0.492554 -2.701591
v 3.651502 0.513855 -2.652968
v 3.739030 0.422827 -2.716562
v 2.701591 0.492553 -3.718422
v 2.652971 0.513855 -3.651500
v 2.716564 0.422827 -3.739028
v 1.420309 0.492554 -4.371266
v 1.394749 0.513855 -4.292596
v 1.428182 0.422826 -4.395492
v 0.000000 0.492554 -4.596221
v 0.000000 0.513855 -4.513503
v 0.000001 0.422826 -4.621694
v -1.420311 0.492553 -4.371264
v -1.394748 0.513855 -4.292595
v -1.428181 0.422827 -4.395491
v -2.701591 0.492554 -3.718419
v -2.652970 0.513855 -3.651500
v -2.716564 0.422827 -3.739027
v -3.718421 0.492554 -2.701590
v -3.651501 0.513855 -2.652968
v -3.739029 0.422827 -2.716561
v -4.371264 0.492554 -1.420310
v -4.292594 0.513855 -1.394750
v -4.395491 0.422827 -1.428181
v -4.596220 0.492554 -0.000000
v -4.513502 0.513855 0.000000
v -4.621693 0.422827 0.000000
v -4.371264 0.492554 1.420310
v -4.292595 0.513855 1.394749
v -4.395491 0.422827 1.428182
v -3.718422 0.492554 2.701589
v -3.651500 0.513855 2.652969
v -3.739029 0.422827 2.716562
v -2.701591 0.492554 3.718420
v -2.652969 0.513855 3.651499
v -2.716562 0.422828 3.739028
v -1.420311 0.492554 4.371264
v -1.394747 0.513855 4.292595
v -1.428181 0.422828 4.395490
v -0.000001 0.492554 4.596220
v -0.000002 0.513855 4.513503
v 0.000001 0.422828 4.621692
v 1.420310 0.492555 4.371264
v 1.394747 0.513855 4.292594
v 1.428180 0.422827 4.395490
v 2.701589 0.492554 3.718420
v 2.652968 0.513855 3.651499
v 2.716561 0.422827 3.739028
v 3.718419 0.492554 2.701590
v 3.651497 0.513855 2.652970
v 3.739026 0.422827 2.716562
v 4.371264 0.492554 1.420309
v 4.292594 0.513855 1.394749
v 4.395490 0.422827 1.428182
v 3.265912 4.411738 -3.265912
v -0.000000 4.411738 -4.618681
v -3.265912 4.411738 -3.265912
v -4.618681 4.411739 -0.000000
v -3.265912 4.411739 3.265912
v -0.000000 4.411739 4.618681
v 3.265912 4.411739 3.265912
v 4.618681 4.411739 -0.000000
v 3.265912 4.922818 -3.265912
v -0.000000 4.922818 -4.618681
v -3.265912 4.922818 -3.265912
v -4.618681 4.922818 -0.000000
v -3.265912 4.922819 3.265912
v -0.000000 4.922819 4.618681
v 3.265912 4.922819 3.265912
v 4.618681 4.922818 -0.000000
v 0.249618 8.483615 -0.249619
v 0.000000 8.483615 -0.353014
v -0.249618 8.483615 -0.249619
v -0.353014 8.483615 -0.000000
v -0.249618 8.483615 0.249618
v 0.000000 8.483615 0.353013
v 0.249618 8.483615 0.249618
v 0.353014 8.483615 -0.000000
v -0.000000 4.411739 -0.000000
v 3.378250 4.411738 -3.378250
v -0.000000 4.411738 -4.777551
v -0.000000 4.922818 -4.777551
v 3.378250 4.922818 -3.378250
v -3.378251 4.411738 -3.378250
v -3.378251 4.922818 -3.378250
v -4.777551 4.411739 -0.000000
v -4.777551 4.922819 -0.000000
v -3.378251 4.411739 3.378251
v -3.378251 4.922819 3.378250
v -0.000000 4.411739 4.777551
v -0.000000 4.922819 4.777551
v 3.378250 4.411739 3.378251
v 3.378250 4.922819 3.378250
v 4.777551 4.411739 -0.000000
v 4.777551 4.922819 -0.000000
v 3.302986 5.444630 -3.302986
v -0.000000 5.444630 -4.671112
v 3.416600 5.444631 -3.416600
v -0.000000 5.444631 -4.831785
v -3.302986 5.444630 -3.302986
v -3.416600 5.444631 -3.416600
v -4.671112 5.444631 -0.000000
v -4.831785 5.444631 -0.000000
v -3.302986 5.444631 3.302986
v -3.416600 5.444632 3.416600
v -0.000000 5.444631 4.671112
v -0.000000 5.444632 4.831785
v 3.302986 5.444631 3.302986
v 3.416600 5.444632 3.416600
v 4.671112 5.444631 -0.000000
v 4.831785 5.444631 -0.000000
v 3.301396 4.200811 -3.301396
v -0.000000 4.200811 -4.668863
v -0.000000 4.200811 -4.829459
v 3.414955 4.200811 -3.414955
v -3.301397 4.200811 -3.301396
v -3.414956 4.200811 -3.414955
v -4.668863 4.200812 -0.000000
v -4.829459 4.200812 -0.000000
v -3.301397 4.200812 3.301397
v -3.414956 4.200812 3.414956
v -0.000000 4.200812 4.668864
v -0.000000 4.200812 4.829460
v 3.301396 4.200812 3.301397
v 3.414955 4.200812 3.414956
v 4.668863 4.200812 -0.000000
v 4.829459 4.200812 -0.000000
v 2.298818 5.613718 -2.298818
v 1.819556 6.010035 -1.819557
v 1.381596 6.483254 -1.381597
v 0.994074 7.024123 -0.994075
v 0.661711 7.626755 -0.661712
v -0.000000 7.626755 -0.935799
v -0.000000 7.024123 -1.405829
v -0.000000 6.483254 -1.953866
v -0.000000 6.010035 -2.573233
v -0.000000 5.613717 -3.251009
v -0.661712 7.626755 -0.661712
v -0.994074 7.024123 -0.994075
v -1.381597 6.483254 -1.381597
v -1.819557 6.010035 -1.819557
v -2.298818 5.613718 -2.298818
v -0.935799 7.626755 -0.000000
v -1.405829 7.024123 -0.000000
v -1.953866 6.483254 -0.000000
v -2.573233 6.010035 -0.000000
v -3.251009 5.613718 -0.000000
v -0.661712 7.626755 0.661711
v -0.994074 7.024123 0.994074
v -1.381597 6.483254 1.381596
v -1.819557 6.010035 1.819556
v -2.298818 5.613718 2.298818
v -0.000000 7.626755 0.935798
v -0.000000 7.024123 1.405829
v -0.000000 6.483254 1.953866
v -0.000000 6.010035 2.573233
v -0.000000 5.613718 3.251009
v 0.661711 7.626755 0.661711
v 0.994074 7.024123 0.994074
v 1.381596 6.483254 1.381596
v 1.819556 6.010035 1.819556
v 2.298818 5.613718 2.298818
v 0.935799 7.626755 -0.000000
v 1.405829 7.024123 -0.000000
v 1.953866 6.483254 -0.000000
v 2.573233 6.010035 -0.000000
v 3.251009 5.613718 -0.000000
v 0.249618 8.640038 -0.249619
v 0.000000 8.640038 -0.353014
v -0.249618 8.640038 -0.249619
v -0.353014 8.640038 -0.000000
v -0.249618 8.640038 0.249618
v 0.000000 8.640038 0.353013
v 0.249618 8.640038 0.249618
v 0.353014 8.640038 -0.000000
v 0.314276 8.743132 -0.314276
v -0.000000 8.743132 -0.444453
v -0.314276 8.743132 -0.314276
v -0.444453 8.743132 -0.000000
v -0.314276 8.743132 0.314275
v -0.000000 8.743132 0.444453
v 0.314276 8.743132 0.314276
v 0.444453 8.743132 -0.000000
v 0.094488 8.743132 -0.094488
v 0.000000 8.743132 -0.133626
v -0.094488 8.743132 -0.094488
v -0.133626 8.743132 -0.000000
v -0.094488 8.743132 0.094487
v 0.000000 8.743132 0.133625
v 0.094488 8.743132 0.094487
v 0.133626 8.743132 -0.000000
v 0.094488 9.025639 -0.094488
v 0.000000 9.025639 -0.133626
v -0.094488 9.025639 -0.094488
v -0.133626 9.025639 -0.000000
v -0.094488 9.025639 0.094487
v 0.000000 9.025639 0.133625
v 0.094488 9.025639 0.094487
v 0.133626 9.025639 -0.000000
v 0.076409 9.002998 -0.095815
v -0.027270 9.002998 -0.119479
v -0.110415 9.002998 -0.053173
v -0.110415 9.002998 0.053173
v -0.027270 9.002998 0.119478
v 0.076409 9.002998 0.095814
v 0.122551 9.002998 -0.000000
v 0.137685 9.081373 -0.172652
v -0.049139 9.081373 -0.215293
v -0.198961 9.081373 -0.095815
v -0.198961 9.081373 0.095814
v -0.049139 9.081373 0.215293
v 0.137685 9.081373 0.172651
v 0.220830 9.081373 -0.000000
v 0.171690 9.194628 -0.215293
v -0.061276 9.194628 -0.268466
v -0.248100 9.194628 -0.119479
v -0.248100 9.194628 0.119478
v -0.061276 9.194628 0.268466
v 0.171690 9.194628 0.215293
v 0.275370 9.194628 -0.000000
v 0.171690 9.320330 -0.215293
v -0.061276 9.320330 -0.268466
v -0.248100 9.320330 -0.119479
v -0.248100 9.320330 0.119478
v -0.061276 9.320330 0.268466
v 0.171690 9.320330 0.215293
v 0.275370 9.320330 -0.000000
v 0.137685 9.433584 -0.172652
v -0.049139 9.433584 -0.215293
v -0.198961 9.433584 -0.095815
v -0.198961 9.433584 0.095814
v -0.049139 9.433584 0.215293
v 0.137685 9.433584 0.172651
v 0.220830 9.433584 -0.000000
v 0.076409 9.511959 -0.095815
v -0.027270 9.511959 -0.119479
v -0.110415 9.511959 -0.053173
v -0.110415 9.511959 0.053173
v -0.027270 9.511959 0.119478
v 0.076409 9.511959 0.095814
v 0.122551 9.511959 -0.000000
v 0.000000 9.539930 -0.000000
v 0.025000 0.402088 3.207609
v -0.025000 0.402088 3.207609
v -0.050000 0.402088 3.250911
v -0.025000 0.402088 3.294212
v 0.025000 0.402088 3.294212
v 0.050000 0.402088 3.250911
v 0.025000 4.597913 3.207609
v -0.025000 4.597913 3.207609
v -0.050000 4.597913 3.250910
v -0.025000 4.597913 3.294212
v 0.025000 4.597913 3.294212
v 0.050000 4.597913 3.250910
v 3.416600 5.444631 -3.416600
v -0.000000 5.444631 -4.831785
vn 0.2588 -0.0000 -0.9659
vn 0.9659 -0.0000 -0.2588
vn -0.7071 -0.0000 -0.7071
vn -0.9659 -0.0000 0.2588
vn -0.2588 -0.0000 0.9659
vn 0.7071 -0.0000 0.7071
vn 0.8660 -0.0000 -0.5000
vn 0.8660 -0.0000 0.5000
vn -0.0000 -0.0000 -1.0000
vn -0.8660 -0.0000 -0.5000
vn -0.8660 -0.0000 0.5000
vn -0.0000 -0.0000 1.0000
vn 0.9659 -0.0000 0.2588
vn 0.2588 -0.0000 0.9659
vn 0.7071 -0.0000 -0.7071
vn -0.2588 -0.0000 -0.9659
vn -0.9659 -0.0000 -0.2588
vn -0.7071 -0.0000 0.7071
vn 0.5000 -0.0000 0.8660
vn -0.5000 -0.0000 0.8660
vn 1.0000 -0.0000 -0.0000
vn 0.5000 -0.0000 -0.8660
vn -0.5000 -0.0000 -0.8660
vn -1.0000 -0.0000 -0.0000
vn 0.8090 -0.0000 -0.5878
vn 0.9511 -0.0000 -0.3090
vn 0.5878 -0.0000 -0.8090
vn 0.3090 -0.0000 -0.9511
vn -0.3090 -0.0000 -0.9511
vn -0.5878 -0.0000 -0.8090
vn -0.8090 -0.0000 -0.5878
vn -0.9511 -0.0000 -0.3090
vn -0.9511 -0.0000 0.3090
vn -0.8090 -0.0000 0.5878
vn -0.5878 -0.0000 0.8090
vn -0.3090 -0.0000 0.9511
vn 0.3090 -0.0000 0.9511
vn 0.5878 -0.0000 0.8090
vn 0.8090 -0.0000 0.5878
vn 0.9511 -0.0000 0.3090
vn 0.0061 1.0000 -0.0020
vn 0.0052 1.0000 -0.0037
vn 0.0061 -1.0000 -0.0020
vn 0.0052 -1.0000 -0.0037
vn 0.0037 1.0000 -0.0052
vn 0.0037 -1.0000 -0.0052
vn 0.0020 1.0000 -0.0061
vn 0.0020 -1.0000 -0.0061
vn -0.0000 1.0000 -0.0064
vn -0.0000 -1.0000 -0.0064
vn -0.0020 1.0000 -0.0061
vn -0.0020 -1.0000 -0.0061
vn -0.0037 1.0000 -0.0052
vn -0.0037 -1.0000 -0.0052
vn -0.0052 1.0000 -0.0037
vn -0.0052 -1.0000 -0.0037
vn -0.0061 1.0000 -0.0020
vn -0.0061 -1.0000 -0.0020
vn -0.0064 1.0000 -0.0000
vn -0.0064 -1.0000 -0.0000
vn -0.0061 1.0000 0.0020
vn -0.0061 -1.0000 0.0020
vn -0.0052 1.0000 0.0037
vn -0.0052 -1.0000 0.0037
vn -0.0037 1.0000 0.0052
vn -0.0037 -1.0000 0.0052
vn -0.0020 1.0000 0.0061
vn -0.0020 -1.0000 0.0061
vn -0.0000 1.0000 0.0064
vn -0.0000 -1.0000 0.0064
vn 0.0020 1.0000 0.0061
vn 0.0020 -1.0000 0.0061
vn 0.0037 1.0000 0.0052
vn 0.0037 -1.0000 0.0052
vn 0.0052 1.0000 0.0037
vn 0.0052 -1.0000 0.0037
vn 0.0061 1.0000 0.0020
vn 0.0061 -1.0000 0.0020
vn 0.0064 1.0000 -0.0000
vn 0.0064 -1.0000 -0.0000
vn 0.8707 0.4023 -0.2829
vn 0.7130 0.7011 -0.0000
vn 0.9155 0.4023 -0.0000
vn 0.3488 0.9303 -0.1133
vn 0.6772 0.7021 -0.2200
vn 0.5761 0.7021 -0.4186
vn 0.2967 0.9303 -0.2156
vn 0.4186 0.7021 -0.5761
vn 0.2156 0.9303 -0.2967
vn 0.7407 0.4023 -0.5381
vn 0.1133 0.9303 -0.3488
vn 0.2829 0.4023 -0.8707
vn 0.2200 0.7021 -0.6772
vn -0.0000 0.9303 -0.3667
vn -0.0000 0.4023 -0.9155
vn -0.0000 0.7021 -0.7121
vn -0.2201 0.7021 -0.6772
vn -0.1133 0.9303 -0.3488
vn -0.2829 0.4023 -0.8707
vn -0.2156 0.9303 -0.2967
vn -0.5381 0.4023 -0.7407
vn -0.4186 0.7021 -0.5761
vn -0.2967 0.9303 -0.2156
vn -0.5761 0.7021 -0.4186
vn -0.6772 0.7021 -0.2201
vn -0.3488 0.9303 -0.1133
vn -0.7407 0.4023 -0.5381
vn -0.3667 0.9303 -0.0000
vn -0.9155 0.4023 -0.0000
vn -0.7121 0.7021 -0.0000
vn -0.3488 0.9303 0.1133
vn -0.8707 0.4023 0.2829
vn -0.6772 0.7021 0.2201
vn -0.2967 0.9303 0.2156
vn -0.7407 0.4023 0.5381
vn -0.5761 0.7021 0.4186
vn -0.2156 0.9303 0.2967
vn -0.5381 0.4023 0.7407
vn -0.4186 0.7021 0.5761
vn -0.2201 0.7021 0.6772
vn -0.1133 0.9303 0.3488
vn -0.2829 0.4023 0.8707
vn -0.0000 0.9303 0.3667
vn -0.0000 0.7021 0.7121
vn 0.2201 0.7021 0.6772
vn 0.1133 0.9303 0.3488
vn 0.2829 0.4023 0.8707
vn 0.2156 0.9303 0.2967
vn 0.5381 0.4023 0.7407
vn 0.4188 0.7021 0.5759
vn 0.5761 0.7021 0.4186
vn 0.2967 0.9303 0.2156
vn 0.7407 0.4023 0.5381
vn 0.6772 0.7021 0.2201
vn 0.3488 0.9303 0.1133
vn 0.3667 0.9303 -0.0000
vn 0.8707 -0.4023 -0.2829
vn 0.7407 -0.4023 -0.5381
vn 0.3488 -0.9303 -0.1133
vn 0.2967 -0.9303 -0.2156
vn 0.5381 -0.4023 -0.7407
vn 0.2156 -0.9303 -0.2967
vn 0.2829 -0.4023 -0.8707
vn 0.1133 -0.9303 -0.3488
vn -0.0000 -0.4023 -0.9155
vn -0.0000 -0.9303 -0.3667
vn -0.2829 -0.4023 -0.8707
vn -0.1133 -0.9303 -0.3488
vn -0.5381 -0.4023 -0.7407
vn -0.2156 -0.9303 -0.2967
vn -0.7407 -0.4023 -0.5381
vn -0.2967 -0.9303 -0.2156
vn -0.8707 -0.4023 -0.2829
vn -0.3488 -0.9303 -0.1133
vn -0.9155 -0.4023 -0.0000
vn -0.3667 -0.9303 -0.0000
vn -0.8707 -0.4023 0.2829
vn -0.3488 -0.9303 0.1133
vn -0.7407 -0.4023 0.5381
vn -0.2967 -0.9303 0.2156
vn -0.5381 -0.4023 0.7407
vn -0.2156 -0.9303 0.2967
vn -0.2829 -0.4023 0.8707
vn -0.1133 -0.9303 0.3488
vn -0.0000 -0.4023 0.9155
vn -0.0000 -0.9303 0.3667
vn 0.2829 -0.4023 0.8707
vn 0.1133 -0.9303 0.3488
vn 0.5381 -0.4023 0.7407
vn 0.2156 -0.9303 0.2967
vn 0.7407 -0.4023 0.5381
vn 0.2967 -0.9303 0.2156
vn 0.8707 -0.4023 0.2829
vn 0.3488 -0.9303 0.1133
vn 0.9155 -0.4023 -0.0000
vn 0.3667 -0.9303 -0.0000
vn 0.3685 -0.9296 -0.0000
vn 0.3505 -0.9296 -0.1139
vn -0.9163 0.4004 -0.0000
vn -0.8715 0.4004 0.2832
vn -0.7413 0.4004 0.5386
vn 0.2981 -0.9296 -0.2166
vn -0.5386 0.4004 0.7413
vn 0.2166 -0.9296 -0.2981
vn -0.2832 0.4004 0.8715
vn 0.1139 -0.9296 -0.3505
vn -0.0000 0.4004 0.9163
vn -0.0000 -0.9296 -0.3685
vn 0.2832 0.4004 0.8715
vn -0.1139 -0.9296 -0.3505
vn 0.5386 0.4004 0.7413
vn -0.2166 -0.9296 -0.2981
vn 0.7413 0.4004 0.5386
vn -0.2981 -0.9296 -0.2166
vn 0.8715 0.4004 0.2832
vn -0.3505 -0.9296 -0.1139
vn 0.9163 0.4004 -0.0000
vn -0.3685 -0.9296 -0.0000
vn 0.8715 0.4004 -0.2832
vn -0.3505 -0.9296 0.1139
vn 0.7413 0.4004 -0.5386
vn -0.2981 -0.9296 0.2166
vn 0.5386 0.4004 -0.7413
vn -0.2166 -0.9296 0.2981
vn 0.2832 0.4004 -0.8715
vn -0.1139 -0.9296 0.3505
vn -0.0000 0.4004 -0.9163
vn -0.0000 -0.9296 0.3685
vn -0.2832 0.4004 -0.8715
vn 0.1139 -0.9296 0.3505
vn -0.5386 0.4004 -0.7413
vn 0.2166 -0.9296 0.2981
vn -0.7413 0.4004 -0.5386
vn 0.2981 -0.9296 0.2166
vn -0.8715 0.4004 -0.2832
vn 0.3505 -0.9296 0.1139
vn 0.3505 0.9296 -0.1139
vn 0.2981 0.9296 -0.2166
vn -0.8715 -0.4004 0.2832
vn -0.7413 -0.4004 0.5386
vn 0.2166 0.9296 -0.2981
vn -0.5386 -0.4004 0.7413
vn 0.1139 0.9296 -0.3505
vn -0.2832 -0.4004 0.8715
vn -0.0000 0.9296 -0.3685
vn -0.0000 -0.4004 0.9163
vn -0.1139 0.9296 -0.3505
vn 0.2832 -0.4004 0.8715
vn -0.2166 0.9296 -0.2981
vn 0.5386 -0.4004 0.7413
vn -0.2981 0.9296 -0.2166
vn 0.7413 -0.4004 0.5386
vn -0.3505 0.9296 -0.1139
vn 0.8715 -0.4004 0.2832
vn -0.3685 0.9296 -0.0000
vn 0.9163 -0.4004 -0.0000
vn -0.3505 0.9296 0.1139
vn 0.8715 -0.4004 -0.2832
vn -0.2981 0.9296 0.2166
vn 0.7413 -0.4004 -0.5386
vn -0.2166 0.9296 0.2981
vn 0.5386 -0.4004 -0.7413
vn -0.1139 0.9296 0.3505
vn 0.2832 -0.4004 -0.8715
vn -0.0000 0.9296 0.3685
vn -0.0000 -0.4004 -0.9163
vn 0.1139 0.9296 0.3505
vn -0.2832 -0.4004 -0.8715
vn 0.2166 0.9296 0.2981
vn -0.5386 -0.4004 -0.7413
vn 0.2981 0.9296 0.2166
vn -0.7413 -0.4004 -0.5386
vn 0.3505 0.9296 0.1139
vn -0.8715 -0.4004 -0.2832
vn 0.3685 0.9296 -0.0000
vn -0.9163 -0.4004 -0.0000
vn 0.8279 0.4917 -0.2700
vn 0.9585 0.2852 -0.0000
vn 0.9116 0.2852 -0.2962
vn 0.5206 0.8538 -0.0000
vn 0.8657 0.5004 -0.0094
vn 0.4211 0.8539 -0.3059
vn 0.4794 0.8612 -0.1690
vn 0.6955 0.4991 -0.5169
vn 0.3059 0.8539 -0.4211
vn 0.5634 0.2852 -0.7754
vn 0.5017 0.4992 -0.7065
vn 0.2691 0.4916 -0.8282
vn 0.1608 0.8539 -0.4950
vn 0.2962 0.2852 -0.9116
vn -0.0000 0.8539 -0.5205
vn -0.0094 0.4992 -0.8665
vn -0.2691 0.4916 -0.8282
vn -0.1609 0.8538 -0.4951
vn -0.2962 0.2852 -0.9116
vn -0.3059 0.8539 -0.4211
vn -0.5169 0.4992 -0.6954
vn -0.4211 0.8539 -0.3059
vn -0.5634 0.2852 -0.7754
vn -0.7065 0.4991 -0.5017
vn -0.4950 0.8539 -0.1608
vn -0.9116 0.2852 -0.2962
vn -0.8270 0.4991 -0.2588
vn -0.5205 0.8539 -0.0000
vn -0.9585 0.2852 -0.0000
vn -0.8665 0.4992 0.0094
vn -0.8282 0.4916 0.2691
vn -0.4950 0.8539 0.1608
vn -0.9116 0.2852 0.2962
vn -0.7045 0.4916 0.5119
vn -0.4212 0.8538 0.3060
vn -0.3059 0.8539 0.4211
vn -0.7754 0.2852 0.5634
vn -0.5017 0.4991 0.7065
vn -0.1608 0.8539 0.4950
vn -0.2962 0.2852 0.9116
vn -0.2588 0.4991 0.8270
vn -0.0000 0.8539 0.5205
vn -0.0000 0.2852 0.9585
vn 0.0095 0.4991 0.8665
vn 0.2691 0.4916 0.8282
vn 0.1608 0.8539 0.4950
vn 0.2962 0.2852 0.9116
vn 0.3060 0.8538 0.4211
vn 0.5169 0.4992 0.6955
vn 0.4211 0.8539 0.3059
vn 0.5634 0.2852 0.7754
vn 0.7065 0.4992 0.5017
vn 0.4950 0.8539 0.1608
vn 0.9116 0.2852 0.2962
vn 0.8270 0.4992 0.2588
vn 0.2315 0.9728 -0.0000
vn 0.2201 0.9728 -0.0715
vn 0.1873 0.9728 -0.1361
vn 0.1361 0.9728 -0.1873
vn 0.0715 0.9728 -0.2201
vn -0.0000 0.9728 -0.2315
vn -0.0715 0.9728 -0.2201
vn -0.1361 0.9728 -0.1873
vn -0.1873 0.9728 -0.1361
vn -0.2201 0.9728 -0.0715
vn -0.2315 0.9728 -0.0000
vn -0.2201 0.9728 0.0715
vn -0.1873 0.9728 0.1361
vn -0.1361 0.9728 0.1873
vn -0.0715 0.9728 0.2201
vn -0.0000 0.9728 0.2315
vn 0.0715 0.9728 0.2201
vn 0.1361 0.9728 0.1873
vn 0.1873 0.9728 0.1361
vn 0.2201 0.9728 0.0715
vn -0.0000 1.0000 -0.0000
vn 0.6410 0.7391 -0.2068
vn 0.9393 0.3431 -0.0000
vn 0.8933 0.3431 -0.2903
vn 0.2494 0.9684 -0.0000
vn 0.6977 0.7158 0.0303
vn 0.2372 0.9684 -0.0771
vn 0.5452 0.7388 -0.3961
vn 0.2017 0.9684 -0.1466
vn 0.1466 0.9684 -0.2018
vn 0.5521 0.3431 -0.7599
vn 0.4314 0.7205 -0.5429
vn 0.0771 0.9684 -0.2372
vn 0.2903 0.3431 -0.8933
vn 0.2426 0.7205 -0.6496
vn -0.0000 0.9684 -0.2494
vn -0.0000 0.3431 -0.9393
vn 0.0300 0.7205 -0.6928
vn -0.0771 0.9684 -0.2372
vn -0.2903 0.3431 -0.8933
vn -0.1856 0.7205 -0.6681
vn -0.1466 0.9684 -0.2018
vn -0.5521 0.3431 -0.7599
vn -0.3822 0.7206 -0.5785
vn -0.5449 0.7391 -0.3959
vn -0.2018 0.9684 -0.1466
vn -0.6408 0.7390 -0.2082
vn -0.2372 0.9684 -0.0771
vn -0.7599 0.3431 -0.5521
vn -0.2494 0.9684 -0.0000
vn -0.8933 0.3432 -0.2903
vn -0.6927 0.7205 -0.0303
vn -0.6406 0.7391 0.2081
vn -0.2372 0.9684 0.0771
vn -0.9393 0.3431 -0.0000
vn -0.5449 0.7391 0.3959
vn -0.2018 0.9684 0.1466
vn -0.8933 0.3431 0.2903
vn -0.3959 0.7391 0.5449
vn -0.1466 0.9684 0.2018
vn -0.7599 0.3431 0.5521
vn -0.2081 0.7391 0.6406
vn -0.0771 0.9684 0.2372
vn -0.5521 0.3431 0.7599
vn -0.0000 0.7390 0.6738
vn -0.0000 0.9684 0.2494
vn -0.2903 0.3431 0.8933
vn 0.0771 0.9684 0.2372
vn -0.0000 0.3431 0.9393
vn 0.1856 0.7205 0.6681
vn 0.1466 0.9684 0.2017
vn 0.2903 0.3431 0.8933
vn 0.3830 0.7205 0.5781
vn 0.2018 0.9684 0.1466
vn 0.5521 0.3431 0.7599
vn 0.5430 0.7205 0.4313
vn 0.2372 0.9684 0.0771
vn 0.8933 0.3431 0.2903
vn 0.6495 0.7205 0.2429
vn 0.0073 -1.0000 -0.0024
vn 0.0077 -1.0000 -0.0000
vn -0.9985 0.0543 -0.0000
vn -0.9497 0.0543 0.3086
vn -0.8078 0.0543 0.5869
vn 0.0062 -1.0000 -0.0045
vn -0.5869 0.0543 0.8078
vn 0.0045 -1.0000 -0.0062
vn -0.3086 0.0543 0.9497
vn 0.0024 -1.0000 -0.0073
vn -0.0000 0.0543 0.9985
vn -0.0000 -1.0000 -0.0077
vn 0.3086 0.0543 0.9497
vn -0.0024 -1.0000 -0.0073
vn 0.5869 0.0543 0.8078
vn -0.0045 -1.0000 -0.0062
vn 0.8078 0.0543 0.5869
vn -0.0062 -1.0000 -0.0045
vn 0.9497 0.0543 0.3086
vn -0.0073 -1.0000 -0.0024
vn 0.9985 0.0543 -0.0000
vn -0.0077 -1.0000 -0.0000
vn 0.9497 0.0543 -0.3086
vn -0.0073 -1.0000 0.0024
vn 0.8078 0.0543 -0.5869
vn -0.0062 -1.0000 0.0045
vn 0.5869 0.0543 -0.8078
vn -0.0045 -1.0000 0.0062
vn 0.3086 0.0543 -0.9497
vn -0.0024 -1.0000 0.0073
vn -0.0000 0.0543 -0.9985
vn -0.0000 -1.0000 0.0077
vn -0.3086 0.0543 -0.9497
vn 0.0024 -1.0000 0.0073
vn -0.5869 0.0543 -0.8078
vn 0.0045 -1.0000 0.0062
vn -0.8078 0.0543 -0.5869
vn 0.0062 -1.0000 0.0045
vn -0.9497 0.0543 -0.3086
vn 0.0073 -1.0000 0.0024
vn 0.3827 -0.0000 -0.9239
vn -0.3827 -0.0000 -0.9239
vn -0.9239 -0.0000 -0.3827
vn -0.9239 -0.0000 0.3827
vn -0.3827 -0.0000 0.9239
vn 0.3827 -0.0000 0.9239
vn 0.9239 -0.0000 0.3827
vn 0.9239 -0.0000 -0.3827
vn -0.0000 -1.0000 -0.0000
vn -0.3810 0.0924 0.9199
vn 0.3809 -0.0956 -0.9197
vn 0.3810 0.0924 0.9199
vn -0.3809 -0.0956 -0.9197
vn 0.9199 0.0924 0.3810
vn -0.9197 -0.0956 -0.3809
vn 0.9199 0.0924 -0.3810
vn -0.9197 -0.0956 0.3809
vn 0.3810 0.0924 -0.9199
vn -0.3809 -0.0956 0.9197
vn -0.3810 0.0924 -0.9199
vn 0.3809 -0.0956 0.9197
vn -0.9199 0.0924 -0.3810
vn 0.9197 -0.0956 0.3809
vn -0.9199 0.0924 0.3810
vn 0.9197 -0.0956 -0.3809
vn -0.3738 -0.2147 0.9023
vn 0.3732 0.2217 -0.9009
vn 0.3738 -0.2147 0.9023
vn -0.3732 0.2217 -0.9009
vn 0.9023 -0.2147 0.3738
vn -0.9009 0.2217 -0.3732
vn 0.9023 -0.2147 -0.3738
vn -0.9009 0.2217 0.3732
vn 0.3738 -0.2147 -0.9023
vn -0.3732 0.2217 0.9009
vn -0.3738 -0.2147 -0.9023
vn 0.3732 0.2217 0.9009
vn -0.9023 -0.2147 -0.3738
vn 0.9009 0.2217 0.3732
vn -0.9023 -0.2147 0.3738
vn 0.9009 0.2217 -0.3732
vn 0.3155 0.5659 -0.7617
vn 0.2903 0.6514 -0.7009
vn 0.3155 0.5660 -0.7617
vn 0.2903 0.6515 -0.7009
vn 0.2563 0.7425 -0.6189
vn 0.2563 0.7425 -0.6188
vn 0.2184 0.8212 -0.5273
vn 0.2184 0.8212 -0.5272
vn 0.1878 0.8713 -0.4534
vn 0.3240 0.5320 -0.7823
vn -0.3155 0.5659 -0.7617
vn -0.3240 0.5320 -0.7823
vn -0.7617 0.5660 -0.3155
vn -0.7823 0.5320 -0.3240
vn -0.7617 0.5660 0.3155
vn -0.7823 0.5320 0.3240
vn -0.3155 0.5659 0.7617
vn -0.3240 0.5320 0.7823
vn 0.3155 0.5660 0.7617
vn 0.3240 0.5320 0.7823
vn 0.7617 0.5660 0.3155
vn 0.7823 0.5320 0.3240
vn 0.7617 0.5659 0.3155
vn 0.7617 0.5660 -0.3155
vn 0.7823 0.5320 -0.3240
vn 0.1836 0.8774 -0.4432
vn -0.1836 0.8774 -0.4432
vn -0.1878 0.8713 -0.4534
vn -0.4432 0.8774 -0.1836
vn -0.4534 0.8713 -0.1878
vn -0.4432 0.8774 0.1836
vn -0.4534 0.8713 0.1878
vn -0.1836 0.8774 0.4432
vn -0.1878 0.8713 0.4534
vn 0.1836 0.8774 0.4432
vn 0.1878 0.8713 0.4534
vn 0.4432 0.8774 0.1836
vn 0.4534 0.8713 0.1878
vn 0.4432 0.8774 -0.1836
vn 0.4534 0.8713 -0.1878
vn -0.2184 0.8212 -0.5272
vn -0.2563 0.7425 -0.6188
vn -0.2563 0.7425 -0.6189
vn -0.2903 0.6514 -0.7009
vn -0.2903 0.6515 -0.7009
vn -0.5272 0.8212 -0.2184
vn -0.6188 0.7425 -0.2563
vn -0.6189 0.7425 -0.2564
vn -0.7009 0.6514 -0.2903
vn -0.7009 0.6515 -0.2903
vn -0.5272 0.8212 0.2184
vn -0.6188 0.7425 0.2563
vn -0.6189 0.7425 0.2563
vn -0.7009 0.6514 0.2903
vn -0.7617 0.5659 0.3155
vn -0.7009 0.6515 0.2903
vn -0.2184 0.8212 0.5272
vn -0.2563 0.7425 0.6188
vn -0.2563 0.7425 0.6189
vn -0.2903 0.6514 0.7009
vn -0.2903 0.6515 0.7009
vn 0.2184 0.8212 0.5272
vn 0.2184 0.8212 0.5273
vn 0.2563 0.7425 0.6188
vn 0.2563 0.7425 0.6189
vn 0.2903 0.6514 0.7009
vn 0.3155 0.5659 0.7617
vn 0.2903 0.6515 0.7009
vn 0.5272 0.8212 0.2184
vn 0.6188 0.7425 0.2563
vn 0.6189 0.7425 0.2563
vn 0.7009 0.6515 0.2903
vn 0.5272 0.8212 -0.2184
vn 0.6188 0.7425 -0.2563
vn 0.7009 0.6515 -0.2903
vn 0.6189 0.7425 -0.2563
vn 0.7617 0.5659 -0.3155
vn 0.7009 0.6514 -0.2903
vn 0.2960 -0.6338 -0.7146
vn -0.2960 -0.6338 -0.7146
vn -0.7146 -0.6338 -0.2960
vn -0.7146 -0.6338 0.2960
vn -0.2960 -0.6338 0.7146
vn 0.2960 -0.6338 0.7146
vn 0.7146 -0.6338 0.2960
vn 0.7146 -0.6338 -0.2960
vn 0.3887 -0.7818 -0.4875
vn -0.1846 -0.5587 -0.8086
vn 0.5172 -0.5585 -0.6485
vn -0.5617 -0.7818 -0.2705
vn -0.1387 -0.7818 -0.6079
vn -0.5617 -0.7818 0.2705
vn -0.7115 -0.5844 -0.3901
vn -0.1387 -0.7818 0.6079
vn -0.7486 -0.5844 0.3131
vn 0.5171 -0.5587 0.6484
vn -0.2223 -0.5843 0.7805
vn 0.6235 -0.7818 -0.0000
vn 0.3887 -0.7818 0.4875
vn 0.8104 -0.5843 0.0430
vn -0.2182 -0.1963 -0.9560
vn 0.6114 -0.1963 -0.7666
vn -0.8749 -0.2088 -0.4370
vn -0.8871 -0.2088 0.4116
vn 0.6114 -0.1963 0.7666
vn -0.2313 -0.2088 0.9502
vn 0.9779 -0.2088 0.0140
vn 0.6114 0.1963 -0.7666
vn -0.2313 0.2116 -0.9496
vn -0.8866 0.2116 -0.4114
vn -0.8744 0.2116 0.4367
vn -0.2036 0.2116 0.9559
vn 0.6203 0.2116 0.7553
vn 0.9773 0.2116 -0.0140
vn -0.1846 0.5584 -0.8088
vn 0.5170 0.5589 -0.6483
vn -0.7475 0.5582 -0.3600
vn -0.6983 0.6041 0.3839
vn 0.5172 0.5585 0.6485
vn -0.1359 0.6040 0.7853
vn 0.8297 0.5582 -0.0000
vn 0.3508 0.8267 -0.4399
vn -0.5075 0.8263 -0.2444
vn -0.1833 0.8896 -0.4183
vn -0.1252 0.8267 0.5485
vn -0.3670 0.8896 0.2718
vn 0.3508 0.8267 0.4398
vn 0.5632 0.8263 -0.0000
vn 0.5381 0.4023 -0.7407
vn -0.8707 0.4023 -0.2829
vn -0.0000 0.4023 0.9155
vn 0.8707 0.4023 0.2829
vn 0.7754 0.2852 -0.5634
vn -0.0000 0.2852 -0.9585
vn -0.7754 0.2852 -0.5634
vn -0.5634 0.2852 0.7754
vn 0.7754 0.2852 0.5634
vn 0.7599 0.3431 -0.5521
vn 0.7599 0.3431 0.5521
vt 0.969075 -0.000087
vt 0.963126 0.499121
vt 0.963126 -0.000087
vt 0.975024 -0.000087
vt 0.969075 0.499121
vt 0.980972 -0.000087
vt 0.975024 0.499121
vt 0.986921 -0.000087
vt 0.980972 0.499121
vt 0.992870 -0.000087
vt 0.986921 0.499121
vt 0.998819 -0.000087
vt 0.992870 0.499121
vt 0.208021 0.256933
vt 0.185007 0.394266
vt 0.185007 0.256933
vt 0.231035 0.256933
vt 0.208021 0.394266
vt 0.254049 0.256933
vt 0.231035 0.394266
vt 0.277063 0.256933
vt 0.254049 0.394266
vt 0.300078 0.256933
vt 0.277063 0.394266
vt 0.323092 0.256933
vt 0.300078 0.394266
vt 0.346106 0.256933
vt 0.323092 0.394266
vt 0.369120 0.256933
vt 0.346106 0.394266
vt 0.392134 0.256933
vt 0.369120 0.394266
vt 0.415148 0.256933
vt 0.392134 0.394266
vt 0.438163 0.256933
vt 0.415148 0.394266
vt 0.461177 0.256933
vt 0.438163 0.394266
vt 0.023907 0.256933
vt 0.000893 0.394266
vt 0.000893 0.256933
vt 0.046921 0.256933
vt 0.023907 0.394266
vt 0.069936 0.256933
vt 0.046921 0.394266
vt 0.092950 0.256933
vt 0.069936 0.394266
vt 0.115964 0.256933
vt 0.092950 0.394266
vt 0.138978 0.256933
vt 0.115964 0.394266
vt 0.161992 0.256933
vt 0.138978 0.394266
vt 0.161992 0.394266
vt 0.186799 0.395160
vt 0.166144 0.434990
vt 0.166144 0.395160
vt 0.207455 0.395160
vt 0.186799 0.434990
vt 0.228110 0.395160
vt 0.207455 0.434990
vt 0.248765 0.395160
vt 0.228110 0.434990
vt 0.269421 0.395160
vt 0.248765 0.434990
vt 0.290076 0.395160
vt 0.269421 0.434990
vt 0.310731 0.395160
vt 0.290076 0.434990
vt 0.331386 0.395160
vt 0.310731 0.434990
vt 0.352042 0.395160
vt 0.331386 0.434990
vt 0.372697 0.395160
vt 0.352042 0.434990
vt 0.393352 0.395160
vt 0.372697 0.434990
vt 0.414008 0.395160
vt 0.393352 0.434990
vt 0.021557 0.395160
vt 0.000901 0.434990
vt 0.000901 0.395160
vt 0.042212 0.395160
vt 0.021557 0.434990
vt 0.062867 0.395160
vt 0.042212 0.434990
vt 0.083522 0.395160
vt 0.062867 0.434990
vt 0.104178 0.395160
vt 0.083522 0.434990
vt 0.124833 0.395160
vt 0.104178 0.434990
vt 0.145488 0.395160
vt 0.124833 0.434990
vt 0.145488 0.434990
vt 0.245371 0.816358
vt 0.225935 0.820849
vt 0.230659 0.811577
vt 0.238450 0.829941
vt 0.227670 0.840721
vt 0.218578 0.828206
vt 0.214087 0.847642
vt 0.209307 0.832930
vt 0.199030 0.834557
vt 0.199030 0.850027
vt 0.183972 0.847642
vt 0.188753 0.832930
vt 0.179482 0.828206
vt 0.170389 0.840721
vt 0.159609 0.829941
vt 0.172124 0.820849
vt 0.152688 0.816358
vt 0.167400 0.811577
vt 0.165773 0.801301
vt 0.150303 0.801301
vt 0.152688 0.786243
vt 0.167400 0.791024
vt 0.159609 0.772660
vt 0.172124 0.781753
vt 0.179482 0.774395
vt 0.172124 0.781753
vt 0.170389 0.761880
vt 0.183972 0.754960
vt 0.188753 0.769672
vt 0.199030 0.768044
vt 0.199030 0.752574
vt 0.214087 0.754960
vt 0.209306 0.769672
vt 0.218578 0.774395
vt 0.227670 0.761880
vt 0.238450 0.772660
vt 0.225935 0.781753
vt 0.230659 0.791024
vt 0.225935 0.781753
vt 0.245371 0.786243
vt 0.232287 0.801301
vt 0.247756 0.801301
vt 0.890113 0.245189
vt 0.894753 0.205382
vt 0.902641 0.206650
vt 0.875505 0.237721
vt 0.883003 0.241546
vt 0.860653 0.272309
vt 0.854705 0.266355
vt 0.829891 0.294660
vt 0.826074 0.287160
vt 0.866290 0.277971
vt 0.792415 0.298098
vt 0.794959 0.314306
vt 0.793728 0.306412
vt 0.757023 0.298101
vt 0.754434 0.314301
vt 0.755702 0.306413
vt 0.719539 0.294664
vt 0.723363 0.287166
vt 0.715895 0.301774
vt 0.694729 0.266366
vt 0.683113 0.277952
vt 0.688775 0.272315
vt 0.673924 0.237735
vt 0.666423 0.241553
vt 0.654672 0.205389
vt 0.662985 0.204076
vt 0.659296 0.245164
vt 0.662983 0.168685
vt 0.646782 0.166096
vt 0.654671 0.167364
vt 0.673917 0.135024
vt 0.659310 0.127557
vt 0.666420 0.131200
vt 0.694718 0.106391
vt 0.683133 0.094774
vt 0.688770 0.100436
vt 0.723349 0.085586
vt 0.715921 0.070958
vt 0.719532 0.078086
vt 0.755695 0.066335
vt 0.757008 0.074648
vt 0.754463 0.058441
vt 0.792399 0.074645
vt 0.793719 0.066333
vt 0.829884 0.078082
vt 0.826060 0.085579
vt 0.833527 0.070971
vt 0.854693 0.106379
vt 0.866310 0.094794
vt 0.860648 0.100431
vt 0.882999 0.131193
vt 0.875498 0.135011
vt 0.890126 0.127582
vt 0.894751 0.167356
vt 0.886438 0.168669
vt 0.886440 0.204061
vt 0.686647 0.172436
vt 0.680951 0.201222
vt 0.680956 0.171518
vt 0.692640 0.199388
vt 0.686648 0.200335
vt 0.695274 0.226868
vt 0.690132 0.229475
vt 0.711677 0.249433
vt 0.707593 0.253502
vt 0.700680 0.224113
vt 0.734251 0.265824
vt 0.731624 0.270956
vt 0.737005 0.260419
vt 0.759877 0.280129
vt 0.760787 0.274436
vt 0.788682 0.274423
vt 0.789578 0.280118
vt 0.787729 0.268432
vt 0.817806 0.270934
vt 0.815199 0.265793
vt 0.841824 0.253493
vt 0.833475 0.245110
vt 0.837760 0.249404
vt 0.854159 0.226838
vt 0.859288 0.229469
vt 0.848755 0.224080
vt 0.868471 0.201219
vt 0.862779 0.200305
vt 0.862776 0.172407
vt 0.868472 0.171518
vt 0.856787 0.199354
vt 0.854151 0.145877
vt 0.859293 0.143271
vt 0.856784 0.173355
vt 0.841831 0.119239
vt 0.848744 0.148630
vt 0.837747 0.123309
vt 0.815171 0.106918
vt 0.817796 0.101785
vt 0.812420 0.112325
vt 0.789554 0.092617
vt 0.788642 0.098309
vt 0.760750 0.098314
vt 0.759862 0.092618
vt 0.761697 0.104306
vt 0.734219 0.106938
vt 0.731613 0.101796
vt 0.736973 0.112344
vt 0.711654 0.123342
vt 0.707584 0.119258
vt 0.695265 0.145911
vt 0.690134 0.143282
vt 0.715944 0.127631
vt 0.700669 0.148666
vt 0.692638 0.173390
vt 0.740430 0.253526
vt 0.762523 0.263330
vt 0.739336 0.255797
vt 0.823615 0.283450
vt 0.792361 0.297367
vt 0.791270 0.293794
vt 0.757165 0.297370
vt 0.757229 0.293635
vt 0.762859 0.260832
vt 0.786903 0.263328
vt 0.723719 0.286522
vt 0.724932 0.282990
vt 0.808889 0.253575
vt 0.786450 0.260849
vt 0.695260 0.265870
vt 0.697504 0.262885
vt 0.829805 0.241463
vt 0.810086 0.255794
vt 0.674577 0.237439
vt 0.677634 0.235293
vt 0.841860 0.220650
vt 0.827983 0.239722
vt 0.667262 0.202908
vt 0.663692 0.204004
vt 0.851662 0.198565
vt 0.844131 0.221744
vt 0.667446 0.168875
vt 0.663712 0.168817
vt 0.849183 0.174636
vt 0.849165 0.198223
vt 0.674596 0.135351
vt 0.678130 0.136558
vt 0.841915 0.152199
vt 0.851663 0.174190
vt 0.698276 0.109143
vt 0.695288 0.106903
vt 0.828066 0.133103
vt 0.844136 0.151007
vt 0.723708 0.086284
vt 0.725855 0.089341
vt 0.808995 0.119223
vt 0.829810 0.131283
vt 0.757094 0.075401
vt 0.758186 0.078973
vt 0.786902 0.109416
vt 0.810089 0.116952
vt 0.792267 0.075377
vt 0.792201 0.079111
vt 0.786566 0.111914
vt 0.762522 0.109420
vt 0.825723 0.086233
vt 0.824509 0.089765
vt 0.762975 0.111899
vt 0.739339 0.116955
vt 0.854194 0.106895
vt 0.851949 0.109879
vt 0.740536 0.119173
vt 0.719622 0.131284
vt 0.874860 0.135332
vt 0.871802 0.137477
vt 0.707569 0.152096
vt 0.721444 0.133025
vt 0.885728 0.168776
vt 0.882157 0.169871
vt 0.697764 0.174181
vt 0.705298 0.151001
vt 0.885731 0.203954
vt 0.881996 0.203893
vt 0.700240 0.198110
vt 0.700261 0.174523
vt 0.874869 0.237413
vt 0.871335 0.236203
vt 0.707509 0.220550
vt 0.697759 0.198555
vt 0.854181 0.265872
vt 0.851194 0.263630
vt 0.719615 0.241468
vt 0.705288 0.221741
vt 0.825760 0.286507
vt 0.721358 0.239647
vt 0.688108 0.230484
vt 0.675543 0.202066
vt 0.678715 0.201563
vt 0.695347 0.173818
vt 0.675548 0.170653
vt 0.678720 0.171156
vt 0.703122 0.222864
vt 0.695349 0.198956
vt 0.685259 0.140780
vt 0.688121 0.142238
vt 0.715966 0.245143
vt 0.705997 0.117640
vt 0.703726 0.115369
vt 0.717903 0.243201
vt 0.729143 0.096908
vt 0.730601 0.099770
vt 0.762157 0.265733
vt 0.738246 0.257973
vt 0.759522 0.090378
vt 0.759019 0.087205
vt 0.787293 0.265724
vt 0.761733 0.268443
vt 0.790431 0.087210
vt 0.789929 0.090382
vt 0.812445 0.260388
vt 0.820305 0.096921
vt 0.818848 0.099783
vt 0.811197 0.257947
vt 0.845716 0.115388
vt 0.843445 0.117660
vt 0.846310 0.222837
vt 0.831535 0.243172
vt 0.864177 0.140804
vt 0.861315 0.142263
vt 0.854077 0.198928
vt 0.873879 0.170681
vt 0.870707 0.171184
vt 0.854076 0.173788
vt 0.873875 0.202094
vt 0.870702 0.201592
vt 0.846302 0.149878
vt 0.864163 0.231967
vt 0.861301 0.230509
vt 0.831521 0.129543
vt 0.843425 0.255107
vt 0.845696 0.257378
vt 0.811180 0.114772
vt 0.833458 0.127600
vt 0.820280 0.275838
vt 0.818822 0.272976
vt 0.787270 0.107010
vt 0.789902 0.282369
vt 0.790404 0.285541
vt 0.787694 0.104301
vt 0.758991 0.285537
vt 0.759494 0.282365
vt 0.762129 0.107014
vt 0.730575 0.272964
vt 0.729118 0.275826
vt 0.717887 0.129567
vt 0.738222 0.114786
vt 0.705978 0.255087
vt 0.703707 0.257359
vt 0.703113 0.149908
vt 0.685246 0.231942
vt 0.248217 0.199958
vt 0.220717 0.255563
vt 0.220717 0.199958
vt 0.275716 0.199958
vt 0.248217 0.255563
vt 0.303216 0.199958
vt 0.275716 0.255563
vt 0.330715 0.199958
vt 0.303216 0.255563
vt 0.358215 0.199958
vt 0.330715 0.255563
vt 0.385714 0.199958
vt 0.358215 0.255563
vt 0.413213 0.199958
vt 0.385714 0.255563
vt 0.440713 0.199958
vt 0.413213 0.255563
vt 0.468212 0.199958
vt 0.440713 0.255563
vt 0.495712 0.199958
vt 0.468212 0.255563
vt 0.523211 0.199958
vt 0.495712 0.255563
vt 0.550711 0.199958
vt 0.523211 0.255563
vt 0.028221 0.199958
vt 0.000722 0.255563
vt 0.000722 0.199958
vt 0.055721 0.199958
vt 0.028221 0.255563
vt 0.083220 0.199958
vt 0.055721 0.255563
vt 0.110720 0.199958
vt 0.083220 0.255563
vt 0.138219 0.199958
vt 0.110720 0.255563
vt 0.165719 0.199958
vt 0.138219 0.255563
vt 0.193218 0.199958
vt 0.165719 0.255563
vt 0.193218 0.255563
vt 0.839509 0.313526
vt 0.878957 0.290606
vt 0.841645 0.317718
vt 0.872464 0.284114
vt 0.875630 0.287280
vt 0.796344 0.322905
vt 0.837476 0.309538
vt 0.797045 0.327327
vt 0.753095 0.322907
vt 0.751659 0.331976
vt 0.752394 0.327329
vt 0.709929 0.313534
vt 0.711962 0.309545
vt 0.707793 0.317726
vt 0.676970 0.284126
vt 0.673805 0.287291
vt 0.647558 0.251170
vt 0.651547 0.249138
vt 0.643367 0.253307
vt 0.638180 0.208006
vt 0.633758 0.208706
vt 0.638177 0.164756
vt 0.629111 0.209442
vt 0.633755 0.164056
vt 0.651540 0.123623
vt 0.643359 0.119455
vt 0.647551 0.121591
vt 0.676959 0.088632
vt 0.670466 0.082140
vt 0.673793 0.085466
vt 0.709914 0.059220
vt 0.711947 0.063208
vt 0.707778 0.055028
vt 0.752378 0.045420
vt 0.753079 0.049841
vt 0.796328 0.049839
vt 0.751642 0.040773
vt 0.797028 0.045417
vt 0.837462 0.063202
vt 0.841629 0.055021
vt 0.839494 0.059213
vt 0.872453 0.088621
vt 0.878945 0.082128
vt 0.875618 0.085455
vt 0.901865 0.121576
vt 0.897876 0.123609
vt 0.906056 0.119440
vt 0.911243 0.164740
vt 0.915665 0.164040
vt 0.911246 0.207990
vt 0.920312 0.163303
vt 0.915667 0.208690
vt 0.897884 0.249124
vt 0.906065 0.253291
vt 0.901872 0.251155
vt 0.869476 0.281127
vt 0.835558 0.305773
vt 0.795683 0.318732
vt 0.753755 0.318734
vt 0.713880 0.305780
vt 0.679958 0.281138
vt 0.655311 0.247219
vt 0.642353 0.207345
vt 0.642350 0.165417
vt 0.655305 0.125541
vt 0.679946 0.091619
vt 0.713865 0.066973
vt 0.753740 0.054015
vt 0.795667 0.054012
vt 0.835544 0.066966
vt 0.869465 0.091608
vt 0.894111 0.125527
vt 0.907070 0.165401
vt 0.907072 0.207329
vt 0.894119 0.247205
vt 0.380392 0.447067
vt 0.414902 0.442475
vt 0.414902 0.447067
vt 0.345881 0.447067
vt 0.380392 0.442475
vt 0.311371 0.447067
vt 0.345881 0.442475
vt 0.276860 0.447067
vt 0.311371 0.442475
vt 0.242349 0.447067
vt 0.276860 0.442475
vt 0.207838 0.447067
vt 0.242349 0.442475
vt 0.173328 0.447067
vt 0.207838 0.442475
vt 0.138817 0.447067
vt 0.173328 0.442475
vt 0.104306 0.447067
vt 0.138817 0.442475
vt 0.069796 0.447067
vt 0.104306 0.442475
vt 0.035285 0.447067
vt 0.069796 0.442475
vt 0.000775 0.447067
vt 0.035285 0.442475
vt 0.656477 0.447067
vt 0.690987 0.442475
vt 0.690987 0.447067
vt 0.621966 0.447067
vt 0.656477 0.442475
vt 0.587456 0.447067
vt 0.621966 0.442475
vt 0.552945 0.447067
vt 0.587456 0.442475
vt 0.518434 0.447067
vt 0.552945 0.442475
vt 0.483923 0.447067
vt 0.518434 0.442475
vt 0.449413 0.447067
vt 0.483923 0.442475
vt 0.449413 0.442475
vt 0.340097 0.847136
vt 0.244315 0.834202
vt 0.252265 0.818598
vt 0.286214 0.921300
vt 0.319029 0.888485
vt 0.244865 0.942368
vt 0.231931 0.846585
vt 0.199030 0.857276
vt 0.216327 0.854536
vt 0.153194 0.942368
vt 0.199030 0.949628
vt 0.166128 0.846585
vt 0.181733 0.854536
vt 0.079030 0.888485
vt 0.111845 0.921300
vt 0.057962 0.847136
vt 0.153745 0.834202
vt 0.143055 0.801301
vt 0.145794 0.818598
vt 0.057962 0.755465
vt 0.050703 0.801301
vt 0.153745 0.768400
vt 0.145794 0.784004
vt 0.079030 0.714116
vt 0.166128 0.756016
vt 0.153194 0.660233
vt 0.111845 0.681301
vt 0.199030 0.745326
vt 0.181733 0.748065
vt 0.244865 0.660233
vt 0.199030 0.652974
vt 0.231931 0.756016
vt 0.216327 0.748065
vt 0.319029 0.714116
vt 0.286214 0.681301
vt 0.340097 0.755465
vt 0.244314 0.768400
vt 0.255005 0.801301
vt 0.252265 0.784004
vt 0.347357 0.801301
vt 0.846135 0.326605
vt 0.887755 0.299453
vt 0.847279 0.328851
vt 0.883925 0.295621
vt 0.885973 0.297670
vt 0.844820 0.324023
vt 0.799306 0.341813
vt 0.798853 0.338951
vt 0.750522 0.338943
vt 0.749673 0.344294
vt 0.750068 0.341805
vt 0.704559 0.324001
vt 0.702098 0.328828
vt 0.703243 0.326582
vt 0.665464 0.295587
vt 0.661631 0.299417
vt 0.663415 0.297635
vt 0.637061 0.256482
vt 0.632234 0.258940
vt 0.634480 0.257797
vt 0.622134 0.210515
vt 0.616782 0.211361
vt 0.619272 0.210967
vt 0.619280 0.161730
vt 0.622141 0.162184
vt 0.634503 0.114906
vt 0.637084 0.116221
vt 0.616791 0.161335
vt 0.665498 0.077125
vt 0.632257 0.113760
vt 0.663449 0.075076
vt 0.703288 0.046142
vt 0.704602 0.048723
vt 0.661668 0.073293
vt 0.750117 0.030934
vt 0.750570 0.033796
vt 0.702144 0.043896
vt 0.799354 0.030942
vt 0.798901 0.033803
vt 0.749724 0.028444
vt 0.846179 0.046164
vt 0.844863 0.048746
vt 0.799750 0.028453
vt 0.886009 0.075111
vt 0.883959 0.077160
vt 0.847325 0.043919
vt 0.912361 0.116265
vt 0.887791 0.073330
vt 0.914943 0.114950
vt 0.927289 0.162232
vt 0.917190 0.113806
vt 0.930151 0.161779
vt 0.927281 0.210563
vt 0.932640 0.161386
vt 0.930143 0.211016
vt 0.912339 0.256525
vt 0.917166 0.258986
vt 0.914921 0.257841
vt 0.749111 0.347896
vt 0.699542 0.333864
vt 0.700451 0.332079
vt 0.882814 0.294511
vt 0.844107 0.322624
vt 0.798607 0.337400
vt 0.800278 0.347901
vt 0.748798 0.349874
vt 0.750767 0.337392
vt 0.849851 0.333880
vt 0.800591 0.349879
vt 0.705272 0.322602
vt 0.848941 0.332095
vt 0.891755 0.303441
vt 0.666574 0.294476
vt 0.890339 0.302024
vt 0.922202 0.261543
vt 0.638461 0.255769
vt 0.920418 0.260633
vt 0.938212 0.212286
vt 0.623685 0.210269
vt 0.936239 0.160808
vt 0.936234 0.211973
vt 0.623692 0.162430
vt 0.920433 0.112144
vt 0.938217 0.160494
vt 0.638483 0.116934
vt 0.890363 0.070747
vt 0.922218 0.111235
vt 0.666608 0.078236
vt 0.848973 0.040667
vt 0.891780 0.069331
vt 0.705316 0.050123
vt 0.800312 0.024851
vt 0.849882 0.038883
vt 0.750816 0.035347
vt 0.748833 0.022867
vt 0.800626 0.022873
vt 0.798655 0.035354
vt 0.749146 0.024846
vt 0.699573 0.038867
vt 0.844151 0.050145
vt 0.659085 0.070722
vt 0.700483 0.040652
vt 0.882849 0.078270
vt 0.629006 0.112113
vt 0.657669 0.069305
vt 0.910962 0.116978
vt 0.613190 0.160773
vt 0.627221 0.111203
vt 0.925738 0.162478
vt 0.613184 0.211939
vt 0.611211 0.160459
vt 0.925730 0.210317
vt 0.628990 0.260603
vt 0.611206 0.212252
vt 0.910940 0.255813
vt 0.657644 0.303416
vt 0.627205 0.261512
vt 0.659060 0.302000
vt 0.094008 0.553867
vt 0.003459 0.568595
vt 0.002832 0.559653
vt 0.185524 0.551795
vt 0.094417 0.562863
vt 0.277041 0.553882
vt 0.185524 0.560790
vt 0.368202 0.559549
vt 0.276630 0.562883
vt 0.093289 0.528626
vt 0.002718 0.543350
vt 0.002093 0.534406
vt 0.184825 0.526561
vt 0.093698 0.537624
vt 0.276362 0.528656
vt 0.184825 0.535558
vt 0.367543 0.534331
vt 0.275951 0.537658
vt 0.554727 0.998623
vt 0.668827 0.951363
vt 0.554727 0.837263
vt 0.440628 0.951363
vt 0.393367 0.837263
vt 0.440628 0.723164
vt 0.554727 0.675903
vt 0.668827 0.723164
vt 0.716087 0.837263
vt 0.525845 0.457978
vt 0.591839 0.518887
vt 0.588249 0.520376
vt 0.437593 0.457905
vt 0.527337 0.454388
vt 0.375094 0.520305
vt 0.436116 0.454310
vt 0.375097 0.608624
vt 0.371505 0.518813
vt 0.437501 0.671022
vt 0.371507 0.610113
vt 0.525752 0.671095
vt 0.436009 0.674611
vt 0.588251 0.608695
vt 0.527230 0.674690
vt 0.591841 0.610187
vt 0.394305 0.600703
vt 0.387354 0.525450
vt 0.394365 0.528314
vt 0.094831 0.572109
vt 0.003572 0.577842
vt 0.445518 0.477248
vt 0.442562 0.470275
vt 0.520607 0.470136
vt 0.517795 0.477165
vt 0.185521 0.570045
vt 0.576012 0.525340
vt 0.569041 0.528297
vt 0.367604 0.568503
vt 0.276210 0.572147
vt 0.568980 0.600686
vt 0.575991 0.603550
vt 0.002831 0.552599
vt 0.520783 0.658724
vt 0.517827 0.651751
vt 0.094111 0.546872
vt 0.442738 0.658864
vt 0.445551 0.651834
vt 0.184821 0.544815
vt 0.387334 0.603659
vt 0.366944 0.543287
vt 0.275530 0.546925
vt 0.584727 0.521857
vt 0.093829 0.549967
vt 0.524395 0.461513
vt 0.185526 0.547894
vt 0.439062 0.461433
vt 0.277221 0.549987
vt 0.378619 0.607143
vt 0.378630 0.521754
vt 0.368961 0.555698
vt 0.093111 0.524725
vt 0.438950 0.667487
vt 0.184828 0.522659
vt 0.584716 0.607245
vt 0.524284 0.667567
vt 0.276543 0.524760
vt 0.368303 0.530479
vt 0.851586 0.635320
vt 0.828042 0.661796
vt 0.828042 0.645072
vt 0.863412 0.647146
vt 0.828042 0.681296
vt 0.877201 0.660934
vt 0.828042 0.703333
vt 0.892783 0.676517
vt 0.828042 0.727449
vt 0.836924 0.620658
vt 0.819161 0.620658
vt 0.828042 0.624337
vt 0.794746 0.611776
vt 0.804498 0.635320
vt 0.819161 0.602895
vt 0.815482 0.611776
vt 0.828042 0.578480
vt 0.804498 0.588232
vt 0.836924 0.602895
vt 0.828042 0.599216
vt 0.861339 0.611776
vt 0.851586 0.588232
vt 0.840603 0.611776
vt 0.828042 0.776111
vt 0.909836 0.693569
vt 0.944245 0.727979
vt 0.746249 0.693569
vt 0.663707 0.611776
vt 0.711840 0.727979
vt 0.746249 0.529983
vt 0.712370 0.611776
vt 0.828042 0.447441
vt 0.711840 0.495573
vt 0.909836 0.529983
vt 0.828042 0.496103
vt 0.992378 0.611776
vt 0.944245 0.495573
vt 0.943715 0.611776
vt 0.763302 0.676517
vt 0.778885 0.660934
vt 0.792673 0.647146
vt 0.736485 0.611776
vt 0.758523 0.611776
vt 0.778022 0.611776
vt 0.763302 0.547035
vt 0.778885 0.562618
vt 0.792673 0.576406
vt 0.828042 0.520219
vt 0.828042 0.542256
vt 0.828042 0.561756
vt 0.892783 0.547035
vt 0.877201 0.562618
vt 0.863412 0.576406
vt 0.919600 0.611776
vt 0.897562 0.611776
vt 0.878063 0.611776
vt 0.633419 0.474683
vt 0.652263 0.468739
vt 0.649899 0.474840
vt 0.621673 0.486236
vt 0.630768 0.468704
vt 0.621547 0.502718
vt 0.615565 0.483898
vt 0.633077 0.514484
vt 0.615566 0.505366
vt 0.649556 0.514641
vt 0.630714 0.520586
vt 0.661302 0.503089
vt 0.652207 0.520619
vt 0.661428 0.486607
vt 0.667410 0.505426
vt 0.667410 0.483959
vt 0.627742 0.461520
vt 0.655217 0.461525
vt 0.608380 0.508388
vt 0.608342 0.480974
vt 0.655234 0.527803
vt 0.627761 0.527800
vt 0.674596 0.480939
vt 0.674633 0.508352
vt 0.645693 0.598289
vt 0.627756 0.575005
vt 0.636048 0.575005
vt 0.598608 0.578786
vt 0.618111 0.598289
vt 0.621892 0.560849
vt 0.621892 0.569141
vt 0.618111 0.531701
vt 0.598608 0.551204
vt 0.645693 0.531701
vt 0.627756 0.554985
vt 0.665196 0.551204
vt 0.636048 0.554985
vt 0.665196 0.578786
vt 0.641912 0.560849
vt 0.641912 0.569141
vt 0.899806 0.394741
vt 0.885185 0.423252
vt 0.885187 0.394740
vt 0.914426 0.394742
vt 0.899804 0.423253
vt 0.929046 0.394743
vt 0.914424 0.423254
vt 0.943666 0.394744
vt 0.929044 0.423255
vt 0.841327 0.394737
vt 0.826706 0.423248
vt 0.826708 0.394736
vt 0.855947 0.394738
vt 0.841326 0.423249
vt 0.870567 0.394739
vt 0.855945 0.423250
vt 0.870565 0.423251
vt 0.946283 0.730017
vt 0.828042 0.784745
vt 0.828042 0.778993
vt 1.001011 0.611776
vt 0.950350 0.734084
vt 0.946283 0.493535
vt 0.995259 0.611776
vt 0.828042 0.438807
vt 0.950350 0.489468
vt 0.709802 0.493535
vt 0.828042 0.444559
vt 0.660825 0.611776
vt 0.705735 0.489468
vt 0.709802 0.730017
vt 0.655074 0.611776
vt 0.705735 0.734084
vt 0.756485 0.381788
vt 0.759735 0.390100
vt 0.750458 0.387320
vt 0.770530 0.384161
vt 0.762573 0.383920
vt 0.779190 0.383906
vt 0.769253 0.390442
vt 0.788134 0.383682
vt 0.778636 0.390213
vt 0.797624 0.390048
vt 0.788039 0.390021
vt 0.805340 0.383386
vt 0.797031 0.383604
vt 0.817817 0.388528
vt 0.807541 0.390084
vt 0.758172 0.396793
vt 0.746587 0.395050
vt 0.768656 0.396984
vt 0.778473 0.396776
vt 0.798020 0.396590
vt 0.788117 0.396578
vt 0.820709 0.397018
vt 0.808680 0.396865
vt 0.746178 0.403888
vt 0.758162 0.403695
vt 0.768745 0.403621
vt 0.778564 0.403444
vt 0.788136 0.403247
vt 0.797899 0.403228
vt 0.808342 0.403757
vt 0.759671 0.410462
vt 0.749547 0.412354
vt 0.769374 0.410154
vt 0.778718 0.410001
vt 0.797068 0.409759
vt 0.787888 0.409811
vt 0.806421 0.410415
vt 0.819880 0.405831
vt 0.756080 0.418991
vt 0.770322 0.416586
vt 0.762471 0.417107
vt 0.787201 0.416113
vt 0.778721 0.416340
vt 0.795443 0.416010
vt 0.803047 0.416519
vt 0.815576 0.413494
vt 0.761509 0.424027
vt 0.767277 0.423167
vt 0.775015 0.422826
vt 0.783294 0.422600
vt 0.791398 0.422443
vt 0.798577 0.422611
vt 0.808963 0.418925
vt 0.803191 0.423450
vt 0.998819 0.499121
vt 0.461177 0.394266
vt 0.414008 0.434990
vt 0.833502 0.301787
vt 0.646778 0.206621
vt 0.794987 0.058444
vt 0.902645 0.166125
vt 0.550711 0.255563
vt 0.797781 0.331973
vt 0.670478 0.290619
vt 0.629108 0.163320
vt 0.797764 0.040770
vt 0.920314 0.209425
vt 0.000775 0.442475
vt 0.799699 0.344302
vt 0.932632 0.211412
vt 0.367508 0.577788
vt 0.366848 0.552574
vt 0.002062 0.555795
vt 0.001323 0.530547
vt 0.943664 0.423256
vt 0.811987 0.381797
s 1
usemtl m_carousel
f 2/1/1 7/2/2 1/3/2
f 3/4/3 8/5/1 2/1/1
f 4/6/4 9/7/3 3/4/3
f 5/8/5 10/9/4 4/6/4
f 6/10/6 11/11/5 5/8/5
f 1/12/2 12/13/6 6/10/6
f 14/1/7 19/2/8 13/3/8
f 15/4/9 20/5/7 14/1/7
f 16/6/10 21/7/9 15/4/9
f 17/8/11 22/9/10 16/6/10
f 18/10/12 23/11/11 17/8/11
f 13/12/8 24/13/12 18/10/12
f 26/1/13 31/2/14 25/3/14
f 27/4/15 32/5/13 26/1/13
f 28/6/16 33/7/15 27/4/15
f 29/8/17 34/9/16 28/6/16
f 30/10/18 35/11/17 29/8/17
f 25/12/14 36/13/18 30/10/18
f 38/1/19 43/2/20 37/3/20
f 39/4/21 44/5/19 38/1/19
f 40/6/22 45/7/21 39/4/21
f 41/8/23 46/9/22 40/6/22
f 42/10/24 47/11/23 41/8/23
f 37/12/20 48/13/24 42/10/24
f 50/1/5 55/2/4 49/3/4
f 51/4/6 56/5/5 50/1/5
f 52/6/2 57/7/6 51/4/6
f 53/8/1 58/9/2 52/6/2
f 54/10/3 59/11/1 53/8/1
f 49/12/4 60/13/3 54/10/3
f 62/1/11 67/2/10 61/3/10
f 63/4/12 68/5/11 62/1/11
f 64/6/8 69/7/12 63/4/12
f 65/8/7 70/9/8 64/6/8
f 66/10/9 71/11/7 65/8/7
f 61/12/10 72/13/9 66/10/9
f 74/1/17 79/2/16 73/3/16
f 75/4/18 80/5/17 74/1/17
f 76/6/14 81/7/18 75/4/18
f 77/8/13 82/9/14 76/6/14
f 78/10/15 83/11/13 77/8/13
f 73/12/16 84/13/15 78/10/15
f 126/14/25 128/15/26 125/16/26
f 129/17/27 127/18/25 126/14/25
f 131/19/28 130/20/27 129/17/27
f 133/21/9 132/22/28 131/19/28
f 135/23/29 134/24/9 133/21/9
f 137/25/30 136/26/29 135/23/29
f 139/27/31 138/28/30 137/25/30
f 141/29/32 140/30/31 139/27/31
f 143/31/24 142/32/32 141/29/32
f 145/33/33 144/34/24 143/31/24
f 147/35/34 146/36/33 145/33/33
f 149/37/35 148/38/34 147/35/34
f 151/39/36 150/40/35 149/41/35
f 153/42/12 152/43/36 151/39/36
f 155/44/37 154/45/12 153/42/12
f 157/46/38 156/47/37 155/44/37
f 159/48/39 158/49/38 157/46/38
f 161/50/40 160/51/39 159/48/39
f 163/52/21 162/53/40 161/50/40
f 125/16/26 164/54/21 163/52/21
f 207/55/25 105/56/26 205/57/26
f 209/58/27 106/59/25 207/55/25
f 211/60/28 107/61/27 209/58/27
f 213/62/9 108/63/28 211/60/28
f 215/64/29 109/65/9 213/62/9
f 217/66/30 110/67/29 215/64/29
f 219/68/31 111/69/30 217/66/30
f 221/70/32 112/71/31 219/68/31
f 223/72/24 113/73/32 221/70/32
f 225/74/33 114/75/24 223/72/24
f 227/76/34 115/77/33 225/74/33
f 229/78/35 116/79/34 227/76/34
f 231/80/36 117/81/35 229/82/35
f 233/83/12 118/84/36 231/80/36
f 235/85/37 119/86/12 233/83/12
f 237/87/38 120/88/37 235/85/37
f 239/89/39 121/90/38 237/87/38
f 241/91/40 122/92/39 239/89/39
f 243/93/21 123/94/40 241/91/40
f 205/57/26 124/95/21 243/93/21
f 166/96/41 126/97/42 125/98/41
f 206/96/43 127/97/44 208/99/44
f 170/100/45 126/97/42 168/99/42
f 210/100/46 127/97/44 130/101/46
f 172/102/47 129/101/45 170/100/45
f 212/102/48 130/101/46 132/103/48
f 172/102/47 133/104/49 131/103/47
f 212/102/48 134/104/50 214/105/50
f 176/106/51 133/104/49 174/105/49
f 216/106/52 134/104/50 136/107/52
f 176/106/51 137/108/53 135/107/51
f 216/106/52 138/108/54 218/109/54
f 180/110/55 137/108/53 178/109/53
f 220/110/56 138/108/54 140/111/56
f 182/112/57 139/111/55 180/110/55
f 222/112/58 140/111/56 142/113/58
f 182/112/57 143/114/59 141/113/57
f 222/112/58 144/114/60 224/115/60
f 186/116/61 143/114/59 184/115/59
f 226/116/62 144/114/60 146/117/62
f 188/118/63 145/117/61 186/116/61
f 228/118/64 146/117/62 148/119/64
f 188/118/63 149/120/65 147/121/63
f 228/118/64 150/120/66 230/122/66
f 192/123/67 149/120/65 190/122/65
f 232/123/68 150/120/66 152/124/68
f 192/123/67 153/125/69 151/124/67
f 232/123/68 154/125/70 234/126/70
f 196/127/71 153/125/69 194/126/69
f 236/127/72 154/125/70 156/128/72
f 196/127/71 157/129/73 155/128/71
f 236/127/72 158/129/74 238/130/74
f 200/131/75 157/129/73 198/130/73
f 240/131/76 158/129/74 160/132/76
f 200/131/75 161/133/77 159/134/75
f 240/131/76 162/133/78 242/135/78
f 202/135/77 163/136/79 161/133/77
f 242/135/78 164/136/80 244/137/80
f 166/96/41 163/136/79 204/137/79
f 206/96/43 164/136/80 128/98/43
f 246/138/81 247/139/82 248/140/83
f 249/141/84 247/139/82 245/142/85
f 249/141/84 251/143/86 252/144/87
f 246/138/81 251/143/86 245/142/85
f 252/144/87 254/145/88 255/146/89
f 253/147/90 254/145/88 251/143/86
f 254/145/88 258/148/91 255/146/89
f 254/145/88 259/149/92 257/150/93
f 257/150/93 261/151/94 258/148/91
f 257/150/93 262/152/95 260/153/96
f 261/151/94 263/154/97 264/155/98
f 260/153/96 265/156/99 263/154/97
f 263/154/97 267/157/100 264/155/98
f 263/154/97 268/158/101 266/159/102
f 266/159/102 270/160/103 267/157/100
f 268/158/101 269/161/104 266/159/102
f 270/160/103 272/162/105 273/163/106
f 271/164/107 272/162/105 269/161/104
f 272/162/105 276/165/108 273/163/106
f 272/162/105 277/166/109 275/167/110
f 275/167/110 279/168/111 276/165/108
f 275/167/110 280/169/112 278/170/113
f 278/170/113 282/171/114 279/168/111
f 278/170/113 283/172/115 281/173/116
f 281/173/116 285/174/117 282/171/114
f 281/173/116 286/175/118 284/176/119
f 285/174/117 287/177/120 288/178/121
f 284/176/119 289/179/122 287/177/120
f 287/177/120 291/180/123 288/178/121
f 289/179/122 290/181/124 287/177/120
f 291/180/123 293/182/125 294/183/126
f 290/181/124 295/184/127 293/182/125
f 293/182/125 297/185/128 294/183/126
f 293/182/125 298/186/129 296/187/130
f 297/185/128 299/188/131 300/189/132
f 296/187/130 301/190/133 299/188/131
f 300/189/132 302/191/134 303/192/135
f 301/190/133 302/191/134 299/188/131
f 302/191/134 250/193/136 303/192/135
f 302/191/134 248/140/83 247/139/82
f 305/194/137 308/195/138 306/196/137
f 305/194/139 310/197/140 307/198/140
f 308/195/138 311/199/141 312/200/141
f 310/197/140 311/199/142 307/198/140
f 312/200/141 314/201/143 315/202/143
f 313/203/142 314/201/144 311/199/142
f 315/202/143 317/204/145 318/205/145
f 314/201/144 319/206/146 317/204/146
f 317/204/145 321/207/147 318/205/145
f 319/206/146 320/208/148 317/204/146
f 321/207/147 323/209/149 324/210/149
f 320/208/148 325/211/150 323/209/150
f 323/209/149 327/212/151 324/210/149
f 325/211/150 326/213/152 323/209/150
f 326/213/151 330/214/153 327/212/151
f 326/213/152 331/215/154 329/216/154
f 330/214/153 332/217/155 333/218/155
f 329/216/154 334/219/156 332/217/156
f 332/217/155 336/220/157 333/218/155
f 334/219/156 335/221/158 332/217/156
f 336/220/157 338/222/159 339/223/159
f 337/224/158 338/222/160 335/221/158
f 339/223/159 341/225/161 342/226/161
f 340/227/160 341/225/162 338/222/160
f 341/225/161 345/228/163 342/226/161
f 343/229/162 344/230/164 341/225/162
f 345/228/163 347/231/165 348/232/165
f 344/230/164 349/233/166 347/231/166
f 347/231/165 351/234/167 348/232/165
f 349/233/166 350/235/168 347/231/166
f 351/234/167 353/236/169 354/237/169
f 350/235/168 355/238/170 353/236/170
f 354/237/169 356/239/171 357/240/171
f 353/236/170 358/241/172 356/239/172
f 357/240/171 359/242/173 360/243/173
f 358/241/172 359/242/174 356/239/172
f 360/243/173 362/244/175 363/245/175
f 361/246/174 362/244/176 359/242/174
f 305/194/139 364/247/176 309/248/139
f 306/196/137 362/244/175 305/194/137
f 203/249/177 246/250/178 248/251/177
f 204/252/179 249/253/180 166/254/180
f 166/254/180 252/255/181 168/256/181
f 165/257/178 253/258/182 246/250/178
f 168/256/181 255/259/183 170/260/183
f 169/261/184 253/258/182 167/262/182
f 170/260/183 258/263/185 172/264/185
f 169/261/184 259/265/186 256/266/184
f 172/264/185 261/267/187 174/268/187
f 173/269/188 259/265/186 171/270/186
f 176/271/189 261/267/187 264/272/189
f 173/269/188 265/273/190 262/274/188
f 178/275/191 264/272/189 267/276/191
f 177/277/192 265/273/190 175/278/190
f 178/275/191 270/279/193 180/280/193
f 179/281/194 268/282/192 177/277/192
f 182/283/195 270/279/193 273/284/195
f 181/285/196 271/286/194 179/281/194
f 182/283/195 276/287/197 184/288/197
f 183/289/198 274/290/196 181/285/196
f 184/288/197 279/291/199 186/292/199
f 183/289/198 280/293/200 277/294/198
f 186/292/199 282/295/201 188/296/201
f 185/297/200 283/298/202 280/293/200
f 188/296/201 285/299/203 190/300/203
f 187/301/202 286/302/204 283/298/202
f 190/300/203 288/303/205 192/304/205
f 189/305/204 289/306/206 286/302/204
f 192/304/205 291/307/207 194/308/207
f 193/309/208 289/306/206 191/310/206
f 194/308/207 294/311/209 196/312/209
f 193/309/208 295/313/210 292/314/208
f 196/312/209 297/315/211 198/316/211
f 197/317/212 295/313/210 195/318/210
f 198/316/211 300/319/213 200/320/213
f 199/321/214 298/322/212 197/317/212
f 200/320/213 303/323/215 202/324/215
f 199/321/214 304/325/216 301/326/214
f 202/324/215 250/327/179 204/252/179
f 203/249/177 304/325/216 201/328/216
f 205/329/217 308/330/218 207/331/218
f 206/332/219 310/197/220 309/248/219
f 207/331/218 312/333/221 209/334/221
f 210/335/222 310/197/220 208/336/220
f 209/334/221 315/337/223 211/338/223
f 210/335/222 316/339/224 313/203/222
f 213/340/225 315/337/223 318/341/225
f 212/342/224 319/206/226 316/339/224
f 213/340/225 321/343/227 215/344/227
f 216/345/228 319/206/226 214/346/226
f 217/347/229 321/343/227 324/348/229
f 218/349/230 322/350/228 216/345/228
f 217/347/229 327/351/231 219/352/231
f 218/349/230 328/353/232 325/211/230
f 219/352/231 330/354/233 221/355/233
f 220/356/232 331/215/234 328/353/232
f 221/355/233 333/357/235 223/358/235
f 224/359/236 331/215/234 222/360/234
f 223/358/235 336/361/237 225/362/237
f 226/363/238 334/219/236 224/359/236
f 225/362/237 339/364/239 227/365/239
f 228/366/240 337/224/238 226/363/238
f 227/365/239 342/367/241 229/368/241
f 230/369/242 340/227/240 228/366/240
f 229/368/241 345/370/243 231/371/243
f 232/372/244 343/229/242 230/369/242
f 233/373/245 345/370/243 348/374/245
f 234/375/246 346/376/244 232/372/244
f 233/373/245 351/377/247 235/378/247
f 236/379/248 349/233/246 234/375/246
f 237/380/249 351/377/247 354/381/249
f 236/379/248 355/238/250 352/382/248
f 237/380/249 357/383/251 239/384/251
f 238/385/250 358/241/252 355/238/250
f 241/386/253 357/383/251 360/387/253
f 242/388/254 358/241/252 240/389/252
f 243/390/255 360/387/253 363/391/255
f 244/392/256 361/246/254 242/388/254
f 206/332/219 364/247/256 244/392/256
f 243/390/255 306/393/217 205/329/217
f 368/394/25 165/395/26 366/396/26
f 370/397/27 167/398/25 368/394/25
f 372/399/28 169/400/27 370/397/27
f 374/401/9 171/402/28 372/399/28
f 376/403/29 173/404/9 374/401/9
f 378/405/30 175/406/29 376/403/29
f 380/407/31 177/408/30 378/405/30
f 382/409/32 179/410/31 380/407/31
f 384/411/24 181/412/32 382/409/32
f 386/413/33 183/414/24 384/411/24
f 388/415/34 185/416/33 386/413/33
f 390/417/35 187/418/34 388/415/34
f 392/419/36 189/420/35 390/421/35
f 394/422/12 191/423/36 392/419/36
f 396/424/37 193/425/12 394/422/12
f 398/426/38 195/427/37 396/424/37
f 400/428/39 197/429/38 398/426/38
f 402/430/40 199/431/39 400/428/39
f 404/432/21 201/433/40 402/430/40
f 366/396/26 203/434/21 404/432/21
f 405/435/257 403/436/258 365/437/259
f 405/435/257 408/438/260 406/439/261
f 405/435/257 410/440/262 407/441/263
f 365/437/259 409/442/264 405/435/257
f 409/442/264 412/443/265 410/440/262
f 409/442/264 369/444/266 411/445/267
f 412/443/265 413/446/268 414/447/269
f 411/445/267 371/448/270 413/446/268
f 413/446/268 416/449/271 414/447/269
f 371/448/270 415/450/272 413/446/268
f 416/449/271 417/451/273 418/452/274
f 415/450/272 375/453/275 417/451/273
f 417/451/273 420/454/276 418/452/274
f 375/453/275 419/455/277 417/451/273
f 419/455/277 422/456/278 420/454/276
f 377/457/279 421/458/280 419/455/277
f 421/458/280 424/459/281 422/456/278
f 421/458/280 381/460/282 423/461/283
f 423/461/283 426/462/284 424/459/281
f 423/461/283 383/463/285 425/464/286
f 426/462/284 427/465/287 428/466/288
f 425/464/286 385/467/289 427/465/287
f 428/466/288 429/468/290 430/469/291
f 385/467/289 429/468/290 427/465/287
f 429/468/290 432/470/292 430/469/291
f 387/471/293 431/472/294 429/468/290
f 431/472/294 434/473/295 432/470/292
f 431/472/294 391/474/296 433/475/297
f 433/475/297 436/476/298 434/473/295
f 433/475/297 393/477/299 435/478/300
f 436/476/298 437/479/301 438/480/302
f 435/478/300 395/481/303 437/479/301
f 437/479/301 440/482/304 438/480/302
f 395/481/303 439/483/305 437/479/301
f 439/483/305 442/484/306 440/482/304
f 397/485/307 441/486/308 439/483/305
f 441/486/308 444/487/309 442/484/306
f 441/486/308 401/488/310 443/489/311
f 444/487/309 406/439/261 408/438/260
f 401/488/310 406/439/261 443/489/311
f 404/490/312 407/441/263 366/491/313
f 366/491/313 410/440/262 368/492/314
f 368/492/314 412/443/265 370/493/315
f 370/493/315 414/447/269 372/494/316
f 374/495/317 414/447/269 416/449/271
f 374/495/317 418/452/274 376/496/318
f 376/496/318 420/454/276 378/497/319
f 378/497/319 422/456/278 380/498/320
f 380/498/320 424/459/281 382/499/321
f 384/500/322 424/459/281 426/462/284
f 386/501/323 426/462/284 428/466/288
f 388/502/324 428/466/288 430/469/291
f 388/502/324 432/470/292 390/503/325
f 390/503/325 434/473/295 392/504/326
f 394/505/327 434/473/295 436/476/298
f 394/505/327 438/480/302 396/506/328
f 398/507/329 438/480/302 440/482/304
f 398/507/329 442/484/306 400/508/330
f 400/508/330 444/487/309 402/509/331
f 404/490/312 444/487/309 408/438/260
f 86/510/25 445/511/26 85/512/26
f 87/513/27 447/514/25 86/510/25
f 88/515/28 449/516/27 87/513/27
f 89/517/9 451/518/28 88/515/28
f 90/519/29 453/520/9 89/517/9
f 91/521/30 455/522/29 90/519/29
f 92/523/31 457/524/30 91/521/30
f 93/525/32 459/526/31 92/523/31
f 94/527/24 461/528/32 93/525/32
f 95/529/33 463/530/24 94/527/24
f 96/531/34 465/532/33 95/529/33
f 97/533/35 467/534/34 96/531/34
f 98/535/36 469/536/35 97/537/35
f 99/538/12 471/539/36 98/535/36
f 100/540/37 473/541/12 99/538/12
f 101/542/38 475/543/37 100/540/37
f 102/544/39 477/545/38 101/542/38
f 103/546/40 479/547/39 102/544/39
f 104/548/21 481/549/40 103/546/40
f 85/512/26 483/550/21 104/548/21
f 446/551/332 367/552/332 365/553/332
f 450/554/332 367/552/332 448/555/332
f 452/556/332 369/557/332 450/554/332
f 452/556/332 373/558/332 371/559/332
f 456/560/332 373/558/332 454/561/332
f 456/560/332 377/562/332 375/563/332
f 460/564/332 377/562/332 458/565/332
f 462/566/332 379/567/332 460/564/332
f 462/566/332 383/568/332 381/569/332
f 466/570/332 383/568/332 464/571/332
f 466/570/332 387/572/332 385/573/332
f 468/574/332 389/575/332 387/572/332
f 472/576/332 389/575/332 470/577/332
f 472/576/332 393/578/332 391/579/332
f 476/580/332 393/578/332 474/581/332
f 476/580/332 397/582/332 395/583/332
f 480/584/332 397/582/332 478/585/332
f 482/586/332 399/587/332 480/584/332
f 482/586/332 403/588/332 401/589/332
f 446/551/332 403/588/332 484/590/332
f 485/591/333 488/592/334 486/593/335
f 485/591/333 490/594/336 487/595/337
f 489/596/338 491/597/339 492/598/340
f 486/593/335 491/597/339 485/591/333
f 491/597/339 495/599/341 492/598/340
f 491/597/339 496/600/342 494/601/343
f 494/601/343 498/602/344 495/599/341
f 494/601/343 499/603/345 497/604/346
f 497/604/346 501/605/347 498/602/344
f 497/604/346 502/606/348 500/607/349
f 500/607/349 504/608/350 501/605/347
f 500/607/349 505/609/351 503/610/352
f 503/610/352 507/611/353 504/608/350
f 503/610/352 508/612/354 506/613/355
f 507/611/353 509/614/356 510/615/357
f 508/612/354 509/614/356 506/613/355
f 510/615/357 512/616/358 513/617/359
f 511/618/360 512/616/358 509/614/356
f 512/616/358 516/619/361 513/617/359
f 514/620/362 515/621/363 512/616/358
f 516/619/361 518/622/364 519/623/365
f 517/624/366 518/622/364 515/621/363
f 519/623/365 521/625/367 522/626/368
f 520/627/369 521/625/367 518/622/364
f 522/626/368 524/628/370 525/629/371
f 523/630/372 524/628/370 521/625/367
f 525/629/371 527/631/373 528/632/374
f 526/633/375 527/631/373 524/628/370
f 528/632/374 530/634/376 531/635/377
f 529/636/378 530/634/376 527/631/373
f 530/634/376 534/637/379 531/635/377
f 532/638/380 533/639/381 530/634/376
f 533/639/381 537/640/382 534/637/379
f 535/641/383 536/642/384 533/639/381
f 536/642/384 540/643/385 537/640/382
f 538/644/386 539/645/387 536/642/384
f 539/645/387 543/646/388 540/643/385
f 539/645/387 544/647/389 542/648/390
f 542/648/390 490/594/336 543/646/388
f 544/647/389 487/595/337 542/648/390
f 445/649/391 488/650/392 483/651/392
f 484/652/393 489/596/394 446/653/394
f 446/653/394 492/598/395 448/654/395
f 447/655/396 486/656/391 445/649/391
f 448/654/395 495/599/397 450/657/397
f 447/655/396 496/658/398 493/659/396
f 450/657/397 498/602/399 452/660/399
f 449/661/398 499/662/400 496/658/398
f 452/660/399 501/605/401 454/663/401
f 451/664/400 502/665/402 499/662/400
f 454/663/401 504/608/403 456/666/403
f 453/667/402 505/668/404 502/665/402
f 456/666/403 507/611/405 458/669/405
f 457/670/406 505/668/404 455/671/404
f 460/672/407 507/611/405 510/615/407
f 459/673/408 508/674/406 457/670/406
f 460/672/407 513/617/409 462/675/409
f 461/676/410 511/677/408 459/673/408
f 462/675/409 516/619/411 464/678/411
f 463/679/412 514/680/410 461/676/410
f 466/681/413 516/619/411 519/623/413
f 465/682/414 517/683/412 463/679/412
f 468/684/415 519/623/413 522/626/415
f 465/682/414 523/685/416 520/686/414
f 468/684/415 525/629/417 470/687/417
f 467/688/416 526/689/418 523/685/416
f 472/690/419 525/629/417 528/632/419
f 471/691/420 526/689/418 469/692/418
f 472/690/419 531/635/421 474/693/421
f 473/694/422 529/695/420 471/691/420
f 474/693/421 534/637/423 476/696/423
f 475/697/424 532/698/422 473/694/422
f 476/696/423 537/640/425 478/699/425
f 477/700/426 535/701/424 475/697/424
f 478/699/425 540/643/427 480/702/427
f 479/703/428 538/704/426 477/700/426
f 480/702/427 543/646/429 482/705/429
f 479/703/428 544/706/430 541/707/428
f 482/705/429 490/594/393 484/652/393
f 481/708/430 488/650/392 544/706/430
f 571/709/431 573/710/431 570/711/431
f 574/712/432 572/713/432 571/709/432
f 576/714/433 575/715/433 574/712/433
f 578/716/434 577/717/434 576/714/434
f 580/718/435 579/719/435 578/720/435
f 582/721/436 581/722/436 580/718/436
f 584/723/437 583/724/437 582/721/437
f 570/725/438 585/726/438 584/723/438
f 546/727/439 545/728/439 569/729/439
f 547/730/439 546/727/439 569/729/439
f 548/731/439 547/730/439 569/729/439
f 549/732/439 548/731/439 569/729/439
f 550/733/439 549/732/439 569/729/439
f 551/734/439 550/733/439 569/729/439
f 552/735/439 551/734/439 569/729/439
f 545/728/439 552/735/439 569/729/439
f 603/736/439 605/737/439 602/738/439
f 606/739/439 604/740/439 603/736/439
f 608/741/439 607/742/439 606/739/439
f 610/743/439 609/744/439 608/741/439
f 612/745/439 611/746/439 610/743/439
f 614/747/439 613/748/439 612/745/439
f 616/749/439 615/750/439 614/747/439
f 602/738/439 617/751/439 616/749/439
f 553/752/440 587/753/440 554/754/440
f 573/710/441 589/755/441 588/756/441
f 555/757/442 587/753/442 590/758/442
f 575/715/443 589/755/443 572/713/443
f 555/757/444 592/759/444 556/760/444
f 577/717/445 591/761/445 575/715/445
f 556/760/446 594/762/446 557/763/446
f 579/764/447 593/765/447 577/717/447
f 558/766/448 594/762/448 596/767/448
f 581/722/449 595/768/449 579/719/449
f 558/766/450 598/769/450 559/770/450
f 583/724/451 597/771/451 581/722/451
f 559/770/452 600/772/452 560/773/452
f 585/726/453 599/774/453 583/724/453
f 553/752/454 600/772/454 586/775/454
f 573/776/455 601/777/455 585/726/455
f 545/778/456 603/736/456 602/738/456
f 570/711/457 604/779/457 571/709/457
f 546/780/458 606/739/458 603/736/458
f 571/709/459 607/781/459 574/712/459
f 547/782/460 608/741/460 606/739/460
f 574/712/461 609/783/461 576/714/461
f 549/784/462 608/741/462 548/785/462
f 576/714/463 611/786/463 578/716/463
f 549/784/464 612/745/464 610/743/464
f 578/720/465 613/787/465 580/718/465
f 550/788/466 614/747/466 612/745/466
f 580/718/467 615/789/467 582/721/467
f 552/790/468 614/747/468 551/791/468
f 582/721/469 617/792/469 584/723/469
f 545/778/470 616/749/470 552/790/470
f 570/725/471 617/792/471 605/793/471
f 622/794/472 624/795/473 623/796/474
f 621/797/475 625/798/476 624/795/473
f 620/799/477 626/800/478 625/798/476
f 619/801/479 627/802/480 626/800/478
f 623/796/474 561/803/481 622/794/472
f 623/796/482 563/804/483 562/805/483
f 633/806/484 563/804/485 628/807/484
f 633/806/486 565/808/487 564/809/487
f 643/810/488 565/808/489 638/811/488
f 643/810/490 567/812/491 566/813/491
f 653/814/492 567/812/493 648/815/494
f 653/814/495 561/803/496 568/816/496
f 554/817/497 618/818/480 553/819/497
f 554/817/498 632/820/499 627/802/499
f 556/821/500 632/820/501 555/822/500
f 556/821/502 642/823/503 637/824/503
f 558/825/504 642/823/505 557/826/504
f 558/825/506 652/827/507 647/828/507
f 560/829/508 652/827/509 559/830/508
f 560/829/510 618/818/511 657/831/511
f 627/802/499 631/832/512 626/800/512
f 626/800/512 630/833/513 625/798/514
f 624/795/515 628/807/482 623/796/482
f 625/798/514 629/834/516 624/795/515
f 631/832/517 637/824/501 636/835/517
f 630/833/518 636/835/517 635/836/519
f 628/807/484 634/837/520 633/806/484
f 629/834/521 635/836/519 634/837/520
f 637/824/503 641/838/522 636/835/522
f 636/835/522 640/839/523 635/836/524
f 634/837/525 638/811/526 633/806/486
f 635/836/524 639/840/527 634/837/525
f 641/838/528 647/828/505 646/841/528
f 640/839/529 646/841/528 645/842/530
f 638/811/488 644/843/531 643/810/488
f 639/840/532 645/842/530 644/843/531
f 647/828/507 651/844/533 646/841/534
f 646/841/534 650/845/535 645/842/536
f 644/843/537 648/815/538 643/810/490
f 645/842/536 649/846/539 644/843/537
f 651/844/540 657/831/509 656/847/540
f 650/845/541 656/847/540 655/848/542
f 648/815/494 654/849/543 653/814/492
f 649/846/543 655/848/542 654/849/543
f 619/801/544 657/831/511 618/818/511
f 620/799/545 656/847/544 619/801/544
f 621/797/546 655/848/547 620/799/545
f 622/794/548 654/849/549 621/797/546
f 562/850/431 658/851/431 561/852/431
f 563/853/432 659/854/432 562/850/432
f 564/855/433 660/856/433 563/853/433
f 565/857/434 661/858/434 564/855/434
f 566/859/435 662/860/435 565/857/435
f 567/861/436 663/862/436 566/859/436
f 568/863/437 664/864/437 567/861/437
f 561/852/438 665/865/438 568/863/438
f 658/851/550 667/866/550 666/867/550
f 660/856/551 667/866/551 659/854/551
f 660/856/552 669/868/552 668/869/552
f 662/860/553 669/868/553 661/858/553
f 662/860/554 671/870/554 670/871/554
f 664/864/555 671/870/555 663/862/555
f 664/864/556 673/872/556 672/873/556
f 658/851/557 673/872/557 665/865/557
f 666/874/332 675/875/332 674/876/332
f 668/877/332 675/875/332 667/878/332
f 668/877/332 677/879/332 676/880/332
f 670/881/332 677/879/332 669/882/332
f 671/883/332 678/884/332 670/881/332
f 672/885/332 679/886/332 671/883/332
f 673/887/332 680/888/332 672/885/332
f 666/874/332 681/889/332 673/887/332
f 675/890/431 682/891/431 674/892/431
f 676/893/432 683/894/432 675/890/432
f 677/895/433 684/896/433 676/893/433
f 678/897/434 685/898/434 677/895/434
f 679/899/435 686/900/435 678/901/435
f 680/902/436 687/903/436 679/899/436
f 681/904/437 688/905/437 680/902/437
f 674/892/438 689/906/438 681/904/438
f 586/907/332 589/908/332 587/909/332
f 586/907/332 601/910/332 588/911/332
f 598/912/332 601/910/332 600/913/332
f 598/912/332 597/914/332 599/915/332
f 594/916/332 597/914/332 596/917/332
f 592/918/332 595/919/332 594/916/332
f 590/920/332 593/921/332 592/918/332
f 587/909/332 591/922/332 590/920/332
f 690/923/558 698/924/559 697/925/560
f 692/926/561 698/924/559 691/927/562
f 693/928/563 699/929/564 692/926/561
f 694/930/565 700/931/566 693/928/563
f 694/930/565 702/932/567 701/933/568
f 696/934/569 702/932/567 695/935/570
f 696/934/569 697/936/560 703/937/571
f 697/925/560 705/938/572 704/939/573
f 699/929/564 705/938/572 698/924/559
f 700/931/566 706/940/574 699/929/564
f 701/933/568 707/941/575 700/931/566
f 701/933/568 709/942/576 708/943/577
f 703/937/571 709/942/576 702/932/567
f 703/937/571 704/944/573 710/945/578
f 705/938/572 711/946/579 704/939/573
f 706/940/574 712/947/580 705/938/572
f 707/941/575 713/948/581 706/940/574
f 708/943/577 714/949/582 707/941/575
f 709/942/576 715/950/583 708/943/577
f 710/945/578 716/951/584 709/942/576
f 704/944/573 717/952/585 710/945/578
f 711/946/579 719/953/586 718/954/587
f 712/947/580 720/955/588 719/953/586
f 714/949/582 720/955/588 713/948/581
f 715/950/583 721/956/589 714/949/582
f 715/950/583 723/957/590 722/958/591
f 716/951/584 724/959/592 723/957/590
f 711/960/579 724/959/592 717/952/585
f 719/953/586 725/961/593 718/954/587
f 719/953/586 727/962/594 726/963/595
f 721/956/589 727/962/594 720/955/588
f 721/956/589 729/964/596 728/965/597
f 722/958/591 730/966/598 729/964/596
f 723/957/590 731/967/599 730/966/598
f 718/968/587 731/967/599 724/959/592
f 725/961/593 726/963/595 732/969/332
f 726/963/595 727/962/594 732/970/332
f 727/962/594 728/965/597 732/971/332
f 728/965/597 729/964/596 732/972/332
f 729/964/596 730/966/598 732/973/332
f 730/966/598 731/967/599 732/974/332
f 731/967/599 725/975/593 732/976/332
f 734/1/23 739/2/22 733/3/22
f 735/4/24 740/5/23 734/1/23
f 736/6/20 741/7/24 735/4/24
f 737/8/19 742/9/20 736/6/20
f 738/10/21 743/11/19 737/8/19
f 733/12/22 744/13/21 738/10/21
f 2/1/1 8/5/1 7/2/2
f 3/4/3 9/7/3 8/5/1
f 4/6/4 10/9/4 9/7/3
f 5/8/5 11/11/5 10/9/4
f 6/10/6 12/13/6 11/11/5
f 1/12/2 7/977/2 12/13/6
f 14/1/7 20/5/7 19/2/8
f 15/4/9 21/7/9 20/5/7
f 16/6/10 22/9/10 21/7/9
f 17/8/11 23/11/11 22/9/10
f 18/10/12 24/13/12 23/11/11
f 13/12/8 19/977/8 24/13/12
f 26/1/13 32/5/13 31/2/14
f 27/4/15 33/7/15 32/5/13
f 28/6/16 34/9/16 33/7/15
f 29/8/17 35/11/17 34/9/16
f 30/10/18 36/13/18 35/11/17
f 25/12/14 31/977/14 36/13/18
f 38/1/19 44/5/19 43/2/20
f 39/4/21 45/7/21 44/5/19
f 40/6/22 46/9/22 45/7/21
f 41/8/23 47/11/23 46/9/22
f 42/10/24 48/13/24 47/11/23
f 37/12/20 43/977/20 48/13/24
f 50/1/5 56/5/5 55/2/4
f 51/4/6 57/7/6 56/5/5
f 52/6/2 58/9/2 57/7/6
f 53/8/1 59/11/1 58/9/2
f 54/10/3 60/13/3 59/11/1
f 49/12/4 55/977/4 60/13/3
f 62/1/11 68/5/11 67/2/10
f 63/4/12 69/7/12 68/5/11
f 64/6/8 70/9/8 69/7/12
f 65/8/7 71/11/7 70/9/8
f 66/10/9 72/13/9 71/11/7
f 61/12/10 67/977/10 72/13/9
f 74/1/17 80/5/17 79/2/16
f 75/4/18 81/7/18 80/5/17
f 76/6/14 82/9/14 81/7/18
f 77/8/13 83/11/13 82/9/14
f 78/10/15 84/13/15 83/11/13
f 73/12/16 79/977/16 84/13/15
f 126/14/25 127/18/25 128/15/26
f 129/17/27 130/20/27 127/18/25
f 131/19/28 132/22/28 130/20/27
f 133/21/9 134/24/9 132/22/28
f 135/23/29 136/26/29 134/24/9
f 137/25/30 138/28/30 136/26/29
f 139/27/31 140/30/31 138/28/30
f 141/29/32 142/32/32 140/30/31
f 143/31/24 144/34/24 142/32/32
f 145/33/33 146/36/33 144/34/24
f 147/35/34 148/38/34 146/36/33
f 149/37/35 150/978/35 148/38/34
f 151/39/36 152/43/36 150/40/35
f 153/42/12 154/45/12 152/43/36
f 155/44/37 156/47/37 154/45/12
f 157/46/38 158/49/38 156/47/37
f 159/48/39 160/51/39 158/49/38
f 161/50/40 162/53/40 160/51/39
f 163/52/21 164/54/21 162/53/40
f 125/16/26 128/15/26 164/54/21
f 207/55/25 106/59/25 105/56/26
f 209/58/27 107/61/27 106/59/25
f 211/60/28 108/63/28 107/61/27
f 213/62/9 109/65/9 108/63/28
f 215/64/29 110/67/29 109/65/9
f 217/66/30 111/69/30 110/67/29
f 219/68/31 112/71/31 111/69/30
f 221/70/32 113/73/32 112/71/31
f 223/72/24 114/75/24 113/73/32
f 225/74/33 115/77/33 114/75/24
f 227/76/34 116/79/34 115/77/33
f 229/78/35 117/979/35 116/79/34
f 231/80/36 118/84/36 117/81/35
f 233/83/12 119/86/12 118/84/36
f 235/85/37 120/88/37 119/86/12
f 237/87/38 121/90/38 120/88/37
f 239/89/39 122/92/39 121/90/38
f 241/91/40 123/94/40 122/92/39
f 243/93/21 124/95/21 123/94/40
f 205/57/26 105/56/26 124/95/21
f 166/96/41 168/99/42 126/97/42
f 206/96/43 128/98/43 127/97/44
f 170/100/45 129/101/45 126/97/42
f 210/100/46 208/99/44 127/97/44
f 172/102/47 131/103/47 129/101/45
f 212/102/48 210/100/46 130/101/46
f 172/102/47 174/105/49 133/104/49
f 212/102/48 132/103/48 134/104/50
f 176/106/51 135/107/51 133/104/49
f 216/106/52 214/105/50 134/104/50
f 176/106/51 178/109/53 137/108/53
f 216/106/52 136/107/52 138/108/54
f 180/110/55 139/111/55 137/108/53
f 220/110/56 218/109/54 138/108/54
f 182/112/57 141/113/57 139/111/55
f 222/112/58 220/110/56 140/111/56
f 182/112/57 184/115/59 143/114/59
f 222/112/58 142/113/58 144/114/60
f 186/116/61 145/117/61 143/114/59
f 226/116/62 224/115/60 144/114/60
f 188/118/63 147/121/63 145/117/61
f 228/118/64 226/116/62 146/117/62
f 188/118/63 190/122/65 149/120/65
f 228/118/64 148/119/64 150/120/66
f 192/123/67 151/124/67 149/120/65
f 232/123/68 230/122/66 150/120/66
f 192/123/67 194/126/69 153/125/69
f 232/123/68 152/124/68 154/125/70
f 196/127/71 155/128/71 153/125/69
f 236/127/72 234/126/70 154/125/70
f 196/127/71 198/130/73 157/129/73
f 236/127/72 156/128/72 158/129/74
f 200/131/75 159/134/75 157/129/73
f 240/131/76 238/130/74 158/129/74
f 200/131/75 202/135/77 161/133/77
f 240/131/76 160/132/76 162/133/78
f 202/135/77 204/137/79 163/136/79
f 242/135/78 162/133/78 164/136/80
f 166/96/41 125/98/41 163/136/79
f 206/96/43 244/137/80 164/136/80
f 246/138/81 245/142/85 247/139/82
f 249/141/84 250/193/136 247/139/82
f 249/141/84 245/142/85 251/143/86
f 246/138/81 253/147/90 251/143/86
f 252/144/87 251/143/86 254/145/88
f 253/147/90 256/980/600 254/145/88
f 254/145/88 257/150/93 258/148/91
f 254/145/88 256/980/600 259/149/92
f 257/150/93 260/153/96 261/151/94
f 257/150/93 259/149/92 262/152/95
f 261/151/94 260/153/96 263/154/97
f 260/153/96 262/152/95 265/156/99
f 263/154/97 266/159/102 267/157/100
f 263/154/97 265/156/99 268/158/101
f 266/159/102 269/161/104 270/160/103
f 268/158/101 271/164/107 269/161/104
f 270/160/103 269/161/104 272/162/105
f 271/164/107 274/981/601 272/162/105
f 272/162/105 275/167/110 276/165/108
f 272/162/105 274/981/601 277/166/109
f 275/167/110 278/170/113 279/168/111
f 275/167/110 277/166/109 280/169/112
f 278/170/113 281/173/116 282/171/114
f 278/170/113 280/169/112 283/172/115
f 281/173/116 284/176/119 285/174/117
f 281/173/116 283/172/115 286/175/118
f 285/174/117 284/176/119 287/177/120
f 284/176/119 286/175/118 289/179/122
f 287/177/120 290/181/124 291/180/123
f 289/179/122 292/982/602 290/181/124
f 291/180/123 290/181/124 293/182/125
f 290/181/124 292/982/602 295/184/127
f 293/182/125 296/187/130 297/185/128
f 293/182/125 295/184/127 298/186/129
f 297/185/128 296/187/130 299/188/131
f 296/187/130 298/186/129 301/190/133
f 300/189/132 299/188/131 302/191/134
f 301/190/133 304/983/603 302/191/134
f 302/191/134 247/139/82 250/193/136
f 302/191/134 304/983/603 248/140/83
f 305/194/137 307/198/138 308/195/138
f 305/194/139 309/248/139 310/197/140
f 308/195/138 307/198/138 311/199/141
f 310/197/140 313/203/142 311/199/142
f 312/200/141 311/199/141 314/201/143
f 313/203/142 316/339/144 314/201/144
f 315/202/143 314/201/143 317/204/145
f 314/201/144 316/339/144 319/206/146
f 317/204/145 320/208/147 321/207/147
f 319/206/146 322/350/148 320/208/148
f 321/207/147 320/208/147 323/209/149
f 320/208/148 322/350/148 325/211/150
f 323/209/149 326/213/151 327/212/151
f 325/211/150 328/353/152 326/213/152
f 326/213/151 329/216/153 330/214/153
f 326/213/152 328/353/152 331/215/154
f 330/214/153 329/216/153 332/217/155
f 329/216/154 331/215/154 334/219/156
f 332/217/155 335/221/157 336/220/157
f 334/219/156 337/224/158 335/221/158
f 336/220/157 335/221/157 338/222/159
f 337/224/158 340/227/160 338/222/160
f 339/223/159 338/222/159 341/225/161
f 340/227/160 343/229/162 341/225/162
f 341/225/161 344/230/163 345/228/163
f 343/229/162 346/376/164 344/230/164
f 345/228/163 344/230/163 347/231/165
f 344/230/164 346/376/164 349/233/166
f 347/231/165 350/235/167 351/234/167
f 349/233/166 352/382/168 350/235/168
f 351/234/167 350/235/167 353/236/169
f 350/235/168 352/382/168 355/238/170
f 354/237/169 353/236/169 356/239/171
f 353/236/170 355/238/170 358/241/172
f 357/240/171 356/239/171 359/242/173
f 358/241/172 361/246/174 359/242/174
f 360/243/173 359/242/173 362/244/175
f 361/246/174 364/247/176 362/244/176
f 305/194/139 362/244/176 364/247/176
f 306/196/137 363/245/175 362/244/175
f 203/249/177 165/257/178 246/250/178
f 204/252/179 250/327/179 249/253/180
f 166/254/180 249/253/180 252/255/181
f 165/257/178 167/262/182 253/258/182
f 168/256/181 252/255/181 255/259/183
f 169/261/184 256/266/184 253/258/182
f 170/260/183 255/259/183 258/263/185
f 169/261/184 171/270/186 259/265/186
f 172/264/185 258/263/185 261/267/187
f 173/269/188 262/274/188 259/265/186
f 176/271/189 174/268/187 261/267/187
f 173/269/188 175/278/190 265/273/190
f 178/275/191 176/271/189 264/272/189
f 177/277/192 268/282/192 265/273/190
f 178/275/191 267/276/191 270/279/193
f 179/281/194 271/286/194 268/282/192
f 182/283/195 180/280/193 270/279/193
f 181/285/196 274/290/196 271/286/194
f 182/283/195 273/284/195 276/287/197
f 183/289/198 277/294/198 274/290/196
f 184/288/197 276/287/197 279/291/199
f 183/289/198 185/297/200 280/293/200
f 186/292/199 279/291/199 282/295/201
f 185/297/200 187/301/202 283/298/202
f 188/296/201 282/295/201 285/299/203
f 187/301/202 189/305/204 286/302/204
f 190/300/203 285/299/203 288/303/205
f 189/305/204 191/310/206 289/306/206
f 192/304/205 288/303/205 291/307/207
f 193/309/208 292/314/208 289/306/206
f 194/308/207 291/307/207 294/311/209
f 193/309/208 195/318/210 295/313/210
f 196/312/209 294/311/209 297/315/211
f 197/317/212 298/322/212 295/313/210
f 198/316/211 297/315/211 300/319/213
f 199/321/214 301/326/214 298/322/212
f 200/320/213 300/319/213 303/323/215
f 199/321/214 201/328/216 304/325/216
f 202/324/215 303/323/215 250/327/179
f 203/249/177 248/251/177 304/325/216
f 205/329/217 306/393/217 308/330/218
f 206/332/219 208/336/220 310/197/220
f 207/331/218 308/330/218 312/333/221
f 210/335/222 313/203/222 310/197/220
f 209/334/221 312/333/221 315/337/223
f 210/335/222 212/342/224 316/339/224
f 213/340/225 211/338/223 315/337/223
f 212/342/224 214/346/226 319/206/226
f 213/340/225 318/341/225 321/343/227
f 216/345/228 322/350/228 319/206/226
f 217/347/229 215/344/227 321/343/227
f 218/349/230 325/211/230 322/350/228
f 217/347/229 324/348/229 327/351/231
f 218/349/230 220/356/232 328/353/232
f 219/352/231 327/351/231 330/354/233
f 220/356/232 222/360/234 331/215/234
f 221/355/233 330/354/233 333/357/235
f 224/359/236 334/219/236 331/215/234
f 223/358/235 333/357/235 336/361/237
f 226/363/238 337/224/238 334/219/236
f 225/362/237 336/361/237 339/364/239
f 228/366/240 340/227/240 337/224/238
f 227/365/239 339/364/239 342/367/241
f 230/369/242 343/229/242 340/227/240
f 229/368/241 342/367/241 345/370/243
f 232/372/244 346/376/244 343/229/242
f 233/373/245 231/371/243 345/370/243
f 234/375/246 349/233/246 346/376/244
f 233/373/245 348/374/245 351/377/247
f 236/379/248 352/382/248 349/233/246
f 237/380/249 235/378/247 351/377/247
f 236/379/248 238/385/250 355/238/250
f 237/380/249 354/381/249 357/383/251
f 238/385/250 240/389/252 358/241/252
f 241/386/253 239/384/251 357/383/251
f 242/388/254 361/246/254 358/241/252
f 243/390/255 241/386/253 360/387/253
f 244/392/256 364/247/256 361/246/254
f 206/332/219 309/248/219 364/247/256
f 243/390/255 363/391/255 306/393/217
f 368/394/25 167/398/25 165/395/26
f 370/397/27 169/400/27 167/398/25
f 372/399/28 171/402/28 169/400/27
f 374/401/9 173/404/9 171/402/28
f 376/403/29 175/406/29 173/404/9
f 378/405/30 177/408/30 175/406/29
f 380/407/31 179/410/31 177/408/30
f 382/409/32 181/412/32 179/410/31
f 384/411/24 183/414/24 181/412/32
f 386/413/33 185/416/33 183/414/24
f 388/415/34 187/418/34 185/416/33
f 390/417/35 189/984/35 187/418/34
f 392/419/36 191/423/36 189/420/35
f 394/422/12 193/425/12 191/423/36
f 396/424/37 195/427/37 193/425/12
f 398/426/38 197/429/38 195/427/37
f 400/428/39 199/431/39 197/429/38
f 402/430/40 201/433/40 199/431/39
f 404/432/21 203/434/21 201/433/40
f 366/396/26 165/395/26 203/434/21
f 405/435/257 406/439/261 403/436/258
f 405/435/257 407/441/263 408/438/260
f 405/435/257 409/442/264 410/440/262
f 365/437/259 367/985/604 409/442/264
f 409/442/264 411/445/267 412/443/265
f 409/442/264 367/985/604 369/444/266
f 412/443/265 411/445/267 413/446/268
f 411/445/267 369/444/266 371/448/270
f 413/446/268 415/450/272 416/449/271
f 371/448/270 373/986/605 415/450/272
f 416/449/271 415/450/272 417/451/273
f 415/450/272 373/986/605 375/453/275
f 417/451/273 419/455/277 420/454/276
f 375/453/275 377/457/279 419/455/277
f 419/455/277 421/458/280 422/456/278
f 377/457/279 379/987/606 421/458/280
f 421/458/280 423/461/283 424/459/281
f 421/458/280 379/987/606 381/460/282
f 423/461/283 425/464/286 426/462/284
f 423/461/283 381/460/282 383/463/285
f 426/462/284 425/464/286 427/465/287
f 425/464/286 383/463/285 385/467/289
f 428/466/288 427/465/287 429/468/290
f 385/467/289 387/471/293 429/468/290
f 429/468/290 431/472/294 432/470/292
f 387/471/293 389/988/607 431/472/294
f 431/472/294 433/475/297 434/473/295
f 431/472/294 389/988/607 391/474/296
f 433/475/297 435/478/300 436/476/298
f 433/475/297 391/474/296 393/477/299
f 436/476/298 435/478/300 437/479/301
f 435/478/300 393/477/299 395/481/303
f 437/479/301 439/483/305 440/482/304
f 395/481/303 397/485/307 439/483/305
f 439/483/305 441/486/308 442/484/306
f 397/485/307 399/989/608 441/486/308
f 441/486/308 443/489/311 444/487/309
f 441/486/308 399/989/608 401/488/310
f 444/487/309 443/489/311 406/439/261
f 401/488/310 403/436/258 406/439/261
f 404/490/312 408/438/260 407/441/263
f 366/491/313 407/441/263 410/440/262
f 368/492/314 410/440/262 412/443/265
f 370/493/315 412/443/265 414/447/269
f 374/495/317 372/494/316 414/447/269
f 374/495/317 416/449/271 418/452/274
f 376/496/318 418/452/274 420/454/276
f 378/497/319 420/454/276 422/456/278
f 380/498/320 422/456/278 424/459/281
f 384/500/322 382/499/321 424/459/281
f 386/501/323 384/500/322 426/462/284
f 388/502/324 386/501/323 428/466/288
f 388/502/324 430/469/291 432/470/292
f 390/503/325 432/470/292 434/473/295
f 394/505/327 392/504/326 434/473/295
f 394/505/327 436/476/298 438/480/302
f 398/507/329 396/506/328 438/480/302
f 398/507/329 440/482/304 442/484/306
f 400/508/330 442/484/306 444/487/309
f 404/490/312 402/509/331 444/487/309
f 86/510/25 447/514/25 445/511/26
f 87/513/27 449/516/27 447/514/25
f 88/515/28 451/518/28 449/516/27
f 89/517/9 453/520/9 451/518/28
f 90/519/29 455/522/29 453/520/9
f 91/521/30 457/524/30 455/522/29
f 92/523/31 459/526/31 457/524/30
f 93/525/32 461/528/32 459/526/31
f 94/527/24 463/530/24 461/528/32
f 95/529/33 465/532/33 463/530/24
f 96/531/34 467/534/34 465/532/33
f 97/533/35 469/990/35 467/534/34
f 98/535/36 471/539/36 469/536/35
f 99/538/12 473/541/12 471/539/36
f 100/540/37 475/543/37 473/541/12
f 101/542/38 477/545/38 475/543/37
f 102/544/39 479/547/39 477/545/38
f 103/546/40 481/549/40 479/547/39
f 104/548/21 483/550/21 481/549/40
f 85/512/26 445/511/26 483/550/21
f 446/551/332 448/555/332 367/552/332
f 450/554/332 369/557/332 367/552/332
f 452/556/332 371/559/332 369/557/332
f 452/556/332 454/561/332 373/558/332
f 456/560/332 375/563/332 373/558/332
f 456/560/332 458/565/332 377/562/332
f 460/564/332 379/567/332 377/562/332
f 462/566/332 381/569/332 379/567/332
f 462/566/332 464/571/332 383/568/332
f 466/570/332 385/573/332 383/568/332
f 466/570/332 468/574/332 387/572/332
f 468/574/332 470/577/332 389/575/332
f 472/576/332 391/579/332 389/575/332
f 472/576/332 474/581/332 393/578/332
f 476/580/332 395/583/332 393/578/332
f 476/580/332 478/585/332 397/582/332
f 480/584/332 399/587/332 397/582/332
f 482/586/332 401/589/332 399/587/332
f 482/586/332 484/590/332 403/588/332
f 446/551/332 365/553/332 403/588/332
f 485/591/333 487/595/337 488/592/334
f 485/591/333 489/596/338 490/594/336
f 489/596/338 485/591/333 491/597/339
f 486/593/335 493/991/609 491/597/339
f 491/597/339 494/601/343 495/599/341
f 491/597/339 493/991/609 496/600/342
f 494/601/343 497/604/346 498/602/344
f 494/601/343 496/600/342 499/603/345
f 497/604/346 500/607/349 501/605/347
f 497/604/346 499/603/345 502/606/348
f 500/607/349 503/610/352 504/608/350
f 500/607/349 502/606/348 505/609/351
f 503/610/352 506/613/355 507/611/353
f 503/610/352 505/609/351 508/612/354
f 507/611/353 506/613/355 509/614/356
f 508/612/354 511/618/360 509/614/356
f 510/615/357 509/614/356 512/616/358
f 511/618/360 514/620/362 512/616/358
f 512/616/358 515/621/363 516/619/361
f 514/620/362 517/624/366 515/621/363
f 516/619/361 515/621/363 518/622/364
f 517/624/366 520/627/369 518/622/364
f 519/623/365 518/622/364 521/625/367
f 520/627/369 523/630/372 521/625/367
f 522/626/368 521/625/367 524/628/370
f 523/630/372 526/633/375 524/628/370
f 525/629/371 524/628/370 527/631/373
f 526/633/375 529/636/378 527/631/373
f 528/632/374 527/631/373 530/634/376
f 529/636/378 532/638/380 530/634/376
f 530/634/376 533/639/381 534/637/379
f 532/638/380 535/641/383 533/639/381
f 533/639/381 536/642/384 537/640/382
f 535/641/383 538/644/386 536/642/384
f 536/642/384 539/645/387 540/643/385
f 538/644/386 541/992/610 539/645/387
f 539/645/387 542/648/390 543/646/388
f 539/645/387 541/992/610 544/647/389
f 542/648/390 487/595/337 490/594/336
f 544/647/389 488/592/334 487/595/337
f 445/649/391 486/656/391 488/650/392
f 484/652/393 490/594/393 489/596/394
f 446/653/394 489/596/394 492/598/395
f 447/655/396 493/659/396 486/656/391
f 448/654/395 492/598/395 495/599/397
f 447/655/396 449/661/398 496/658/398
f 450/657/397 495/599/397 498/602/399
f 449/661/398 451/664/400 499/662/400
f 452/660/399 498/602/399 501/605/401
f 451/664/400 453/667/402 502/665/402
f 454/663/401 501/605/401 504/608/403
f 453/667/402 455/671/404 505/668/404
f 456/666/403 504/608/403 507/611/405
f 457/670/406 508/674/406 505/668/404
f 460/672/407 458/669/405 507/611/405
f 459/673/408 511/677/408 508/674/406
f 460/672/407 510/615/407 513/617/409
f 461/676/410 514/680/410 511/677/408
f 462/675/409 513/617/409 516/619/411
f 463/679/412 517/683/412 514/680/410
f 466/681/413 464/678/411 516/619/411
f 465/682/414 520/686/414 517/683/412
f 468/684/415 466/681/413 519/623/413
f 465/682/414 467/688/416 523/685/416
f 468/684/415 522/626/415 525/629/417
f 467/688/416 469/692/418 526/689/418
f 472/690/419 470/687/417 525/629/417
f 471/691/420 529/695/420 526/689/418
f 472/690/419 528/632/419 531/635/421
f 473/694/422 532/698/422 529/695/420
f 474/693/421 531/635/421 534/637/423
f 475/697/424 535/701/424 532/698/422
f 476/696/423 534/637/423 537/640/425
f 477/700/426 538/704/426 535/701/424
f 478/699/425 537/640/425 540/643/427
f 479/703/428 541/707/428 538/704/426
f 480/702/427 540/643/427 543/646/429
f 479/703/428 481/708/430 544/706/430
f 482/705/429 543/646/429 490/594/393
f 481/708/430 483/651/392 488/650/392
f 571/709/431 572/713/431 573/710/431
f 574/712/432 575/715/432 572/713/432
f 576/714/433 577/717/433 575/715/433
f 578/716/434 579/764/434 577/717/434
f 580/718/435 581/722/435 579/719/435
f 582/721/436 583/724/436 581/722/436
f 584/723/437 585/726/437 583/724/437
f 570/725/438 573/776/438 585/726/438
f 603/736/439 604/740/439 605/737/439
f 606/739/439 607/742/439 604/740/439
f 608/741/439 609/744/439 607/742/439
f 610/743/439 611/746/439 609/744/439
f 612/745/439 613/748/439 611/746/439
f 614/747/439 615/750/439 613/748/439
f 616/749/439 617/751/439 615/750/439
f 602/738/439 605/737/439 617/751/439
f 553/752/440 586/775/440 587/753/440
f 573/710/441 572/713/441 589/755/441
f 555/757/442 554/754/442 587/753/442
f 575/715/443 591/761/443 589/755/443
f 555/757/444 590/758/444 592/759/444
f 577/717/445 593/765/445 591/761/445
f 556/760/446 592/759/446 594/762/446
f 579/764/447 595/993/447 593/765/447
f 558/766/448 557/763/448 594/762/448
f 581/722/449 597/771/449 595/768/449
f 558/766/450 596/767/450 598/769/450
f 583/724/451 599/774/451 597/771/451
f 559/770/452 598/769/452 600/772/452
f 585/726/453 601/777/453 599/774/453
f 553/752/454 560/773/454 600/772/454
f 573/776/455 588/994/455 601/777/455
f 545/778/456 546/780/456 603/736/456
f 570/711/457 605/995/457 604/779/457
f 546/780/458 547/782/458 606/739/458
f 571/709/459 604/779/459 607/781/459
f 547/782/460 548/785/460 608/741/460
f 574/712/461 607/781/461 609/783/461
f 549/784/462 610/743/462 608/741/462
f 576/714/463 609/783/463 611/786/463
f 549/784/464 550/788/464 612/745/464
f 578/720/465 611/996/465 613/787/465
f 550/788/466 551/791/466 614/747/466
f 580/718/467 613/787/467 615/789/467
f 552/790/468 616/749/468 614/747/468
f 582/721/469 615/789/469 617/792/469
f 545/778/470 602/738/470 616/749/470
f 570/725/471 584/723/471 617/792/471
f 622/794/472 621/797/475 624/795/473
f 621/797/475 620/799/477 625/798/476
f 620/799/477 619/801/479 626/800/478
f 619/801/479 618/818/480 627/802/480
f 623/796/474 562/805/481 561/803/481
f 623/796/482 628/807/482 563/804/483
f 633/806/484 564/809/485 563/804/485
f 633/806/486 638/811/526 565/808/487
f 643/810/488 566/813/489 565/808/489
f 643/810/490 648/815/538 567/812/491
f 653/814/492 568/816/493 567/812/493
f 653/814/495 622/794/548 561/803/496
f 554/817/497 627/802/480 618/818/480
f 554/817/498 555/822/498 632/820/499
f 556/821/500 637/824/501 632/820/501
f 556/821/502 557/826/502 642/823/503
f 558/825/504 647/828/505 642/823/505
f 558/825/506 559/830/506 652/827/507
f 560/829/508 657/831/509 652/827/509
f 560/829/510 553/819/510 618/818/511
f 627/802/499 632/820/499 631/832/512
f 626/800/512 631/832/512 630/833/513
f 624/795/515 629/834/516 628/807/482
f 625/798/514 630/833/513 629/834/516
f 631/832/517 632/820/501 637/824/501
f 630/833/518 631/832/517 636/835/517
f 628/807/484 629/834/521 634/837/520
f 629/834/521 630/833/518 635/836/519
f 637/824/503 642/823/503 641/838/522
f 636/835/522 641/838/522 640/839/523
f 634/837/525 639/840/527 638/811/526
f 635/836/524 640/839/523 639/840/527
f 641/838/528 642/823/505 647/828/505
f 640/839/529 641/838/528 646/841/528
f 638/811/488 639/840/532 644/843/531
f 639/840/532 640/839/529 645/842/530
f 647/828/507 652/827/507 651/844/533
f 646/841/534 651/844/533 650/845/535
f 644/843/537 649/846/539 648/815/538
f 645/842/536 650/845/535 649/846/539
f 651/844/540 652/827/509 657/831/509
f 650/845/541 651/844/540 656/847/540
f 648/815/494 649/846/543 654/849/543
f 649/846/543 650/845/541 655/848/542
f 619/801/544 656/847/544 657/831/511
f 620/799/545 655/848/547 656/847/544
f 621/797/546 654/849/549 655/848/547
f 622/794/548 653/814/495 654/849/549
f 562/850/431 659/854/431 658/851/431
f 563/853/432 660/856/432 659/854/432
f 564/855/433 661/858/433 660/856/433
f 565/857/434 662/860/434 661/858/434
f 566/859/435 663/862/435 662/860/435
f 567/861/436 664/864/436 663/862/436
f 568/863/437 665/865/437 664/864/437
f 561/852/438 658/851/438 665/865/438
f 658/851/550 659/854/550 667/866/550
f 660/856/551 668/869/551 667/866/551
f 660/856/552 661/858/552 669/868/552
f 662/860/553 670/871/553 669/868/553
f 662/860/554 663/862/554 671/870/554
f 664/864/555 672/873/555 671/870/555
f 664/864/556 665/865/556 673/872/556
f 658/851/557 666/867/557 673/872/557
f 666/874/332 667/878/332 675/875/332
f 668/877/332 676/880/332 675/875/332
f 668/877/332 669/882/332 677/879/332
f 670/881/332 678/884/332 677/879/332
f 671/883/332 679/886/332 678/884/332
f 672/885/332 680/888/332 679/886/332
f 673/887/332 681/889/332 680/888/332
f 666/874/332 674/876/332 681/889/332
f 675/890/431 683/894/431 682/891/431
f 676/893/432 684/896/432 683/894/432
f 677/895/433 685/898/433 684/896/433
f 678/897/434 686/997/434 685/898/434
f 679/899/435 687/903/435 686/900/435
f 680/902/436 688/905/436 687/903/436
f 681/904/437 689/906/437 688/905/437
f 674/892/438 682/891/438 689/906/438
f 586/907/332 588/911/332 589/908/332
f 586/907/332 600/913/332 601/910/332
f 598/912/332 599/915/332 601/910/332
f 598/912/332 596/917/332 597/914/332
f 594/916/332 595/919/332 597/914/332
f 592/918/332 593/921/332 595/919/332
f 590/920/332 591/922/332 593/921/332
f 587/909/332 589/908/332 591/922/332
f 690/923/558 691/927/562 698/924/559
f 692/926/561 699/929/564 698/924/559
f 693/928/563 700/931/566 699/929/564
f 694/930/565 701/933/568 700/931/566
f 694/930/565 695/935/570 702/932/567
f 696/934/569 703/937/571 702/932/567
f 696/934/569 690/998/558 697/936/560
f 697/925/560 698/924/559 705/938/572
f 699/929/564 706/940/574 705/938/572
f 700/931/566 707/941/575 706/940/574
f 701/933/568 708/943/577 707/941/575
f 701/933/568 702/932/567 709/942/576
f 703/937/571 710/945/578 709/942/576
f 703/937/571 697/936/560 704/944/573
f 705/938/572 712/947/580 711/946/579
f 706/940/574 713/948/581 712/947/580
f 707/941/575 714/949/582 713/948/581
f 708/943/577 715/950/583 714/949/582
f 709/942/576 716/951/584 715/950/583
f 710/945/578 717/952/585 716/951/584
f 704/944/573 711/960/579 717/952/585
f 711/946/579 712/947/580 719/953/586
f 712/947/580 713/948/581 720/955/588
f 714/949/582 721/956/589 720/955/588
f 715/950/583 722/958/591 721/956/589
f 715/950/583 716/951/584 723/957/590
f 716/951/584 717/952/585 724/959/592
f 711/960/579 718/968/587 724/959/592
f 719/953/586 726/963/595 725/961/593
f 719/953/586 720/955/588 727/962/594
f 721/956/589 728/965/597 727/962/594
f 721/956/589 722/958/591 729/964/596
f 722/958/591 723/957/590 730/966/598
f 723/957/590 724/959/592 731/967/599
f 718/968/587 725/975/593 731/967/599
f 734/1/23 740/5/23 739/2/22
f 735/4/24 741/7/24 740/5/23
f 736/6/20 742/9/20 741/7/24
f 737/8/19 743/11/19 742/9/20
f 738/10/21 744/13/21 743/11/19
f 733/12/22 739/977/22 744/13/21
l 746 745
