# Blender 5.2.0 LTS
# www.blender.org
mtllib pendulumArm.mtl
o Arm
v -0.129801 -4.444273 0.095594
v -0.024416 -4.444273 0.095594
v 0.080969 -4.444273 0.095594
v -0.129801 -4.444648 0.054490
v -0.024416 -4.444648 0.054490
v 0.080969 -4.444648 0.054490
v -0.129801 -4.445022 0.013385
v -0.024416 -4.445022 0.013385
v 0.080969 -4.445022 0.013385
v -0.129801 -4.445395 -0.027720
v -0.024416 -4.445395 -0.027720
v 0.080969 -4.445395 -0.027720
v -0.324433 -0.185406 0.170737
v -0.024416 -0.185406 0.170737
v 0.275600 -0.185406 0.170737
v -0.324433 -0.186471 0.053718
v -0.024416 -0.186471 0.053718
v 0.275600 -0.186471 0.053718
v -0.324433 -0.187535 -0.063302
v -0.024416 -0.187535 -0.063302
v 0.275600 -0.187535 -0.063302
v -0.324433 -0.188600 -0.180321
v -0.024416 -0.188600 -0.180321
v 0.275600 -0.188600 -0.180321
v -0.255211 -2.314691 0.149603
v -0.024416 -2.314691 0.149603
v 0.206379 -2.314691 0.149603
v 0.206379 -2.315509 0.059583
v 0.206379 -2.316328 -0.030437
v 0.206379 -2.317147 -0.120458
v -0.024416 -2.317147 -0.120458
v -0.255211 -2.317147 -0.120458
v -0.255211 -2.316328 -0.030437
v -0.255211 -2.315509 0.059583
v 0.033493 -4.376908 -0.030704
v 0.026937 -4.376908 -0.030704
v 0.026937 -2.385634 -0.117473
v 0.150832 -2.385634 -0.117473
v -0.075769 -4.376908 -0.030704
v -0.082325 -4.376908 -0.030704
v -0.199664 -2.385634 -0.117473
v -0.075769 -2.385634 -0.117473
v -0.082325 -4.375743 0.097332
v -0.075769 -4.375743 0.097332
v -0.075769 -2.383221 0.147865
v -0.199664 -2.383221 0.147865
v 0.026937 -4.375743 0.097332
v 0.033493 -4.375743 0.097332
v 0.150832 -2.383221 0.147865
v 0.026937 -2.383221 0.147865
v -0.206039 -2.246123 0.150283
v -0.075769 -2.246123 0.150283
v -0.075769 -0.253974 0.170057
v -0.270802 -0.253974 0.170057
v 0.026937 -2.246123 0.150283
v 0.157207 -2.246123 0.150283
v 0.221970 -0.253974 0.170057
v 0.026937 -0.253974 0.170057
v 0.157207 -2.248603 -0.122385
v 0.026937 -2.248603 -0.122385
v 0.026937 -0.257144 -0.178393
v 0.221970 -0.257144 -0.178393
v -0.075769 -2.248603 -0.122385
v -0.206039 -2.248603 -0.122385
v -0.270802 -0.257144 -0.178393
v -0.075769 -0.257144 -0.178393
v -0.082325 -4.374826 0.078625
v -0.075769 -4.374826 0.078625
v -0.075769 -2.382304 0.129157
v -0.199664 -2.382304 0.129157
v 0.026937 -4.374826 0.078625
v 0.033493 -4.374826 0.078625
v 0.150832 -2.382304 0.129157
v 0.026937 -2.382304 0.129157
v -0.206039 -2.245692 0.131567
v -0.075769 -2.245692 0.131567
v -0.075769 -0.253545 0.151341
v -0.270802 -0.253545 0.151341
v 0.026937 -2.245692 0.131567
v 0.157207 -2.245692 0.131567
v 0.221970 -0.253545 0.151341
v 0.026937 -0.253545 0.151341
v 0.033493 -4.375651 -0.012016
v 0.026937 -4.375651 -0.012016
v 0.026937 -2.384377 -0.098786
v 0.150832 -2.384377 -0.098786
v -0.075769 -4.375651 -0.012016
v -0.082325 -4.375651 -0.012016
v -0.199664 -2.384377 -0.098786
v -0.075769 -2.384377 -0.098786
v 0.157207 -2.247832 -0.103680
v 0.026937 -2.247832 -0.103680
v 0.026937 -0.256374 -0.159688
v 0.221970 -0.256374 -0.159688
v -0.075769 -2.247832 -0.103680
v -0.206039 -2.247832 -0.103680
v -0.270802 -0.256374 -0.159688
v -0.075769 -0.256374 -0.159688
v -0.051759 -3.775620 -0.086585
v -0.049473 -3.753866 -0.021947
v 0.004040 -3.776421 -0.088726
v 0.004040 -3.753866 -0.021947
v -0.051760 -3.687594 -0.119533
v -0.049474 -3.662899 -0.053556
v 0.004039 -3.688396 -0.121674
v 0.006325 -3.663699 -0.055697
v -0.049473 -3.776421 -0.088726
v -0.049473 -3.777761 -0.085783
v -0.049473 -3.750924 -0.020607
v -0.051759 -3.751725 -0.022748
v 0.006326 -3.775620 -0.086585
v 0.004040 -3.777761 -0.085783
v 0.006326 -3.751725 -0.022748
v 0.004040 -3.750924 -0.020607
v -0.049474 -3.685453 -0.120334
v -0.049474 -3.688396 -0.121674
v -0.049474 -3.661559 -0.056498
v -0.051760 -3.663700 -0.055697
v 0.004039 -3.685453 -0.120334
v 0.006325 -3.687594 -0.119533
v 0.004039 -3.661559 -0.056498
v 0.004039 -3.662899 -0.053556
v -0.206406 -3.774312 0.057239
v -0.141573 -3.753169 0.054761
v -0.208554 -3.775601 0.001450
v -0.141573 -3.753656 0.001250
v -0.238552 -3.685993 0.056436
v -0.172353 -3.661921 0.053931
v -0.240701 -3.687283 0.000647
v -0.174501 -3.663210 -0.001858
v -0.208554 -3.775115 0.054961
v -0.205624 -3.776481 0.054973
v -0.140207 -3.750239 0.054734
v -0.142355 -3.751000 0.057027
v -0.206406 -3.774840 -0.000843
v -0.205624 -3.776968 0.001462
v -0.142355 -3.751529 -0.001055
v -0.140207 -3.750726 0.001224
v -0.239334 -3.683866 0.054131
v -0.240701 -3.686796 0.054157
v -0.175283 -3.660555 0.053919
v -0.174501 -3.662682 0.056224
v -0.239334 -3.684353 0.000620
v -0.238552 -3.686522 -0.001646
v -0.175283 -3.661042 0.000408
v -0.172353 -3.662408 0.000420
v 0.003139 -3.773498 0.146792
v 0.000853 -3.752923 0.081769
v -0.052660 -3.774260 0.148947
v -0.052660 -3.752923 0.081769
v 0.003139 -3.684887 0.178134
v 0.000853 -3.661395 0.111718
v -0.052660 -3.685649 0.180289
v -0.054946 -3.662158 0.113873
v 0.000853 -3.774260 0.148947
v 0.000853 -3.775653 0.146030
v 0.000853 -3.750006 0.080376
v 0.003139 -3.750768 0.082532
v -0.054945 -3.773498 0.146792
v -0.052660 -3.775653 0.146030
v -0.054946 -3.750768 0.082532
v -0.052660 -3.750006 0.080376
v 0.000853 -3.682732 0.178896
v 0.000853 -3.685649 0.180289
v 0.000853 -3.660003 0.114636
v 0.003139 -3.662158 0.113873
v -0.052660 -3.682732 0.178896
v -0.054946 -3.684887 0.178134
v -0.052660 -3.660003 0.114636
v -0.052660 -3.661395 0.111718
v 0.156549 -3.774828 0.000508
v 0.091716 -3.753644 0.002601
v 0.158697 -3.775102 0.056312
v 0.091716 -3.753157 0.056112
v 0.188695 -3.686510 -0.000295
v 0.122496 -3.662395 0.001771
v 0.190843 -3.686784 0.055508
v 0.124644 -3.662670 0.057575
v 0.158697 -3.775589 0.002801
v 0.155767 -3.776956 0.002813
v 0.090349 -3.750714 0.002575
v 0.092498 -3.751517 0.000296
v 0.156549 -3.774300 0.058591
v 0.155767 -3.776469 0.056324
v 0.092498 -3.750988 0.058379
v 0.090349 -3.750227 0.056085
v 0.189477 -3.684341 0.001971
v 0.190843 -3.687271 0.001998
v 0.125426 -3.661029 0.001759
v 0.124644 -3.663198 -0.000507
v 0.189477 -3.683855 0.055482
v 0.188695 -3.685982 0.057787
v 0.125426 -3.660543 0.055270
v 0.122496 -3.661909 0.055282
v -0.025903 -3.706552 0.175368
v -0.025903 -3.706552 0.175368
v -0.025903 -3.706552 0.175368
v -0.025903 -3.706552 0.175368
v -0.025903 -3.706552 0.175368
v -0.025903 -3.706552 0.175368
v -0.025903 -3.706552 0.175368
v -0.025903 -3.706552 0.175368
v -0.025903 -3.706552 0.175368
v -0.025903 -3.706552 0.175368
v -0.025903 -3.706552 0.175368
v -0.025903 -3.706552 0.175368
v -0.025903 -3.706552 0.175368
v -0.025903 -3.706552 0.175368
v -0.025903 -3.706552 0.175368
v -0.025903 -3.706552 0.175368
v -0.025903 -3.706552 0.175368
v -0.025903 -3.706552 0.175368
v -0.025903 -3.706552 0.175368
v -0.025903 -3.706552 0.175368
v -0.025903 -3.706552 0.175368
v -0.025903 -3.706552 0.175368
v -0.025903 -3.706552 0.175368
v -0.025903 -3.706552 0.175368
v -0.025903 -3.706552 0.175368
v -0.025903 -3.710506 0.171779
v -0.027178 -3.710348 0.171835
v -0.028365 -3.709884 0.171999
v -0.029385 -3.709146 0.172260
v -0.030168 -3.708185 0.172600
v -0.030660 -3.707065 0.172996
v -0.030828 -3.705863 0.173421
v -0.030660 -3.704662 0.173846
v -0.030168 -3.703542 0.174242
v -0.029385 -3.702580 0.174582
v -0.028365 -3.701843 0.174843
v -0.027178 -3.701379 0.175007
v -0.025903 -3.701221 0.175063
v -0.024628 -3.701379 0.175007
v -0.023441 -3.701843 0.174843
v -0.022421 -3.702580 0.174582
v -0.021638 -3.703542 0.174242
v -0.021146 -3.704662 0.173846
v -0.020979 -3.705863 0.173421
v -0.021146 -3.707065 0.172996
v -0.021638 -3.708185 0.172600
v -0.022421 -3.709146 0.172260
v -0.023441 -3.709884 0.171999
v -0.024628 -3.710348 0.171835
v -0.025903 -3.705863 0.173421
v -0.025903 -3.751377 0.160991
v -0.025903 -3.751377 0.160991
v -0.025903 -3.751377 0.160991
v -0.025903 -3.751377 0.160991
v -0.025903 -3.751377 0.160991
v -0.025903 -3.751377 0.160991
v -0.025903 -3.751377 0.160991
v -0.025903 -3.751377 0.160991
v -0.025903 -3.751377 0.160991
v -0.025903 -3.751377 0.160991
v -0.025903 -3.751377 0.160991
v -0.025903 -3.751377 0.160991
v -0.025903 -3.751377 0.160991
v -0.025903 -3.751377 0.160991
v -0.025903 -3.751377 0.160991
v -0.025903 -3.751377 0.160991
v -0.025903 -3.751377 0.160991
v -0.025903 -3.751377 0.160991
v -0.025903 -3.751377 0.160991
v -0.025903 -3.751377 0.160991
v -0.025903 -3.751377 0.160991
v -0.025903 -3.751377 0.160991
v -0.025903 -3.751377 0.160991
v -0.025903 -3.751377 0.160991
v -0.025903 -3.751377 0.160991
v -0.025903 -3.758162 0.154832
v -0.028090 -3.757891 0.154928
v -0.030128 -3.757095 0.155209
v -0.031878 -3.755829 0.155657
v -0.033221 -3.754179 0.156241
v -0.034065 -3.752258 0.156920
v -0.034353 -3.750196 0.157650
v -0.034065 -3.748134 0.158379
v -0.033221 -3.746212 0.159059
v -0.031878 -3.744562 0.159642
v -0.030128 -3.743296 0.160090
v -0.028090 -3.742500 0.160371
v -0.025903 -3.742229 0.160468
v -0.023716 -3.742500 0.160371
v -0.021678 -3.743296 0.160090
v -0.019928 -3.744562 0.159642
v -0.018585 -3.746212 0.159059
v -0.017741 -3.748134 0.158379
v -0.017453 -3.750196 0.157650
v -0.017741 -3.752258 0.156920
v -0.018585 -3.754179 0.156241
v -0.019928 -3.755829 0.155657
v -0.021678 -3.757095 0.155209
v -0.023716 -3.757891 0.154928
v -0.025903 -3.750196 0.157650
v 0.170947 -3.752575 0.029350
v 0.170947 -3.752575 0.029350
v 0.170947 -3.752575 0.029350
v 0.170947 -3.752575 0.029350
v 0.170947 -3.752575 0.029350
v 0.170947 -3.752575 0.029350
v 0.170947 -3.752575 0.029350
v 0.170947 -3.752575 0.029350
v 0.170947 -3.752575 0.029350
v 0.170947 -3.752575 0.029350
v 0.170947 -3.752575 0.029350
v 0.170947 -3.752575 0.029350
v 0.170947 -3.752575 0.029350
v 0.170947 -3.752575 0.029350
v 0.170947 -3.752575 0.029350
v 0.170947 -3.752575 0.029350
v 0.170947 -3.752575 0.029350
v 0.170947 -3.752575 0.029350
v 0.170947 -3.752575 0.029350
v 0.170947 -3.752575 0.029350
v 0.170947 -3.752575 0.029350
v 0.170947 -3.752575 0.029350
v 0.170947 -3.752575 0.029350
v 0.170947 -3.752575 0.029350
v 0.170947 -3.752575 0.029350
v 0.164727 -3.759303 0.029411
v 0.164826 -3.759013 0.031595
v 0.165115 -3.758201 0.033626
v 0.165574 -3.756923 0.035365
v 0.166173 -3.755266 0.036692
v 0.166870 -3.753344 0.037519
v 0.167618 -3.751286 0.037788
v 0.168366 -3.749233 0.037482
v 0.169063 -3.747326 0.036620
v 0.169661 -3.745694 0.035262
v 0.170121 -3.744448 0.033501
v 0.170409 -3.743673 0.031456
v 0.170508 -3.743423 0.029266
v 0.170409 -3.743713 0.027082
v 0.170120 -3.744524 0.025051
v 0.169661 -3.745802 0.023313
v 0.169063 -3.747459 0.021985
v 0.168366 -3.749382 0.021158
v 0.167618 -3.751440 0.020889
v 0.166870 -3.753492 0.021195
v 0.166173 -3.755399 0.022057
v 0.165574 -3.757032 0.023415
v 0.165115 -3.758278 0.025176
v 0.164826 -3.759052 0.027221
v 0.167618 -3.751363 0.029339
v -0.235589 -3.707896 0.027591
v -0.235589 -3.707896 0.027591
v -0.235589 -3.707896 0.027591
v -0.235589 -3.707896 0.027591
v -0.235589 -3.707896 0.027591
v -0.235589 -3.707896 0.027591
v -0.235589 -3.707896 0.027591
v -0.235589 -3.707896 0.027591
v -0.235589 -3.707896 0.027591
v -0.235589 -3.707896 0.027591
v -0.235589 -3.707896 0.027591
v -0.235589 -3.707896 0.027591
v -0.235589 -3.707896 0.027591
v -0.235589 -3.707896 0.027591
v -0.235589 -3.707896 0.027591
v -0.235589 -3.707896 0.027591
v -0.235589 -3.707896 0.027591
v -0.235589 -3.707896 0.027591
v -0.235589 -3.707896 0.027591
v -0.235589 -3.707896 0.027591
v -0.235589 -3.707896 0.027591
v -0.235589 -3.707896 0.027591
v -0.235589 -3.707896 0.027591
v -0.235589 -3.707896 0.027591
v -0.235589 -3.707896 0.027591
v -0.231965 -3.711817 0.027627
v -0.232022 -3.711671 0.026351
v -0.232190 -3.711220 0.025159
v -0.232458 -3.710494 0.024133
v -0.232807 -3.709542 0.023342
v -0.233213 -3.708431 0.022839
v -0.233649 -3.707235 0.022661
v -0.234085 -3.706036 0.022818
v -0.234491 -3.704915 0.023299
v -0.234840 -3.703949 0.024073
v -0.235108 -3.703205 0.025086
v -0.235276 -3.702732 0.026270
v -0.235333 -3.702562 0.027543
v -0.235276 -3.702709 0.028819
v -0.235108 -3.703160 0.030011
v -0.234840 -3.703886 0.031037
v -0.234491 -3.704837 0.031829
v -0.234085 -3.705949 0.032331
v -0.233649 -3.707145 0.032509
v -0.233213 -3.708344 0.032352
v -0.232807 -3.709465 0.031871
v -0.232458 -3.710430 0.031097
v -0.232190 -3.711175 0.030084
v -0.232022 -3.711648 0.028900
v -0.233649 -3.707190 0.027585
v -0.220805 -3.752587 0.027999
v -0.220805 -3.752587 0.027999
v -0.220805 -3.752587 0.027999
v -0.220805 -3.752587 0.027999
v -0.220805 -3.752587 0.027999
v -0.220805 -3.752587 0.027999
v -0.220805 -3.752587 0.027999
v -0.220805 -3.752587 0.027999
v -0.220805 -3.752587 0.027999
v -0.220805 -3.752587 0.027999
v -0.220805 -3.752587 0.027999
v -0.220805 -3.752587 0.027999
v -0.220805 -3.752587 0.027999
v -0.220805 -3.752587 0.027999
v -0.220805 -3.752587 0.027999
v -0.220805 -3.752587 0.027999
v -0.220805 -3.752587 0.027999
v -0.220805 -3.752587 0.027999
v -0.220805 -3.752587 0.027999
v -0.220805 -3.752587 0.027999
v -0.220805 -3.752587 0.027999
v -0.220805 -3.752587 0.027999
v -0.220805 -3.752587 0.027999
v -0.220805 -3.752587 0.027999
v -0.220805 -3.752587 0.027999
v -0.214585 -3.759315 0.028060
v -0.214683 -3.759064 0.025870
v -0.214972 -3.758289 0.023825
v -0.215431 -3.757044 0.022064
v -0.216030 -3.755411 0.020706
v -0.216727 -3.753504 0.019844
v -0.217475 -3.751452 0.019538
v -0.218223 -3.749394 0.019807
v -0.218920 -3.747471 0.020634
v -0.219519 -3.745814 0.021962
v -0.219978 -3.744537 0.023700
v -0.220267 -3.743725 0.025731
v -0.220365 -3.743434 0.027915
v -0.220267 -3.743685 0.030105
v -0.219978 -3.744460 0.032150
v -0.219519 -3.745706 0.033911
v -0.218920 -3.747338 0.035269
v -0.218223 -3.749245 0.036131
v -0.217475 -3.751298 0.036437
v -0.216727 -3.753356 0.036168
v -0.216030 -3.755278 0.035341
v -0.215431 -3.756935 0.034014
v -0.214972 -3.758213 0.032275
v -0.214683 -3.759025 0.030244
v -0.217475 -3.751375 0.027988
v -0.022717 -3.753762 -0.101182
v -0.022717 -3.753762 -0.101182
v -0.022717 -3.753762 -0.101182
v -0.022717 -3.753762 -0.101182
v -0.022717 -3.753762 -0.101182
v -0.022717 -3.753762 -0.101182
v -0.022717 -3.753762 -0.101182
v -0.022717 -3.753762 -0.101182
v -0.022717 -3.753762 -0.101182
v -0.022717 -3.753762 -0.101182
v -0.022717 -3.753762 -0.101182
v -0.022717 -3.753762 -0.101182
v -0.022717 -3.753762 -0.101182
v -0.022717 -3.753762 -0.101182
v -0.022717 -3.753762 -0.101182
v -0.022717 -3.753762 -0.101182
v -0.022717 -3.753762 -0.101182
v -0.022717 -3.753762 -0.101182
v -0.022717 -3.753762 -0.101182
v -0.022717 -3.753762 -0.101182
v -0.022717 -3.753762 -0.101182
v -0.022717 -3.753762 -0.101182
v -0.022717 -3.753762 -0.101182
v -0.022717 -3.753762 -0.101182
v -0.022717 -3.753762 -0.101182
v -0.022717 -3.760434 -0.094901
v -0.020530 -3.760164 -0.095002
v -0.018492 -3.759373 -0.095298
v -0.016742 -3.758116 -0.095769
v -0.015399 -3.756476 -0.096383
v -0.014555 -3.754568 -0.097097
v -0.014267 -3.752520 -0.097864
v -0.014555 -3.750471 -0.098630
v -0.015399 -3.748563 -0.099345
v -0.016742 -3.746923 -0.099958
v -0.018492 -3.745666 -0.100429
v -0.020530 -3.744875 -0.100725
v -0.022717 -3.744606 -0.100826
v -0.024904 -3.744875 -0.100725
v -0.026942 -3.745666 -0.100429
v -0.028692 -3.746923 -0.099958
v -0.030035 -3.748563 -0.099345
v -0.030879 -3.750471 -0.098630
v -0.031167 -3.752520 -0.097864
v -0.030879 -3.754568 -0.097097
v -0.030035 -3.756476 -0.096383
v -0.028692 -3.758116 -0.095769
v -0.026942 -3.759373 -0.095298
v -0.024904 -3.760164 -0.095002
v -0.022717 -3.752520 -0.097864
v -0.022717 -3.709206 -0.116373
v -0.022717 -3.709206 -0.116373
v -0.022717 -3.709206 -0.116373
v -0.022717 -3.709206 -0.116373
v -0.022717 -3.709206 -0.116373
v -0.022717 -3.709206 -0.116373
v -0.022717 -3.709206 -0.116373
v -0.022717 -3.709206 -0.116373
v -0.022717 -3.709206 -0.116373
v -0.022717 -3.709206 -0.116373
v -0.022717 -3.709206 -0.116373
v -0.022717 -3.709206 -0.116373
v -0.022717 -3.709206 -0.116373
v -0.022717 -3.709206 -0.116373
v -0.022717 -3.709206 -0.116373
v -0.022717 -3.709206 -0.116373
v -0.022717 -3.709206 -0.116373
v -0.022717 -3.709206 -0.116373
v -0.022717 -3.709206 -0.116373
v -0.022717 -3.709206 -0.116373
v -0.022717 -3.709206 -0.116373
v -0.022717 -3.709206 -0.116373
v -0.022717 -3.709206 -0.116373
v -0.022717 -3.709206 -0.116373
v -0.022717 -3.709206 -0.116373
v -0.022717 -3.713094 -0.112713
v -0.021442 -3.712936 -0.112771
v -0.020255 -3.712476 -0.112944
v -0.019235 -3.711743 -0.113218
v -0.018452 -3.710788 -0.113576
v -0.017960 -3.709675 -0.113992
v -0.017792 -3.708482 -0.114439
v -0.017960 -3.707288 -0.114886
v -0.018452 -3.706176 -0.115302
v -0.019235 -3.705220 -0.115660
v -0.020255 -3.704488 -0.115934
v -0.021442 -3.704027 -0.116106
v -0.022717 -3.703870 -0.116165
v -0.023991 -3.704027 -0.116106
v -0.025179 -3.704488 -0.115934
v -0.026199 -3.705220 -0.115660
v -0.026982 -3.706176 -0.115302
v -0.027474 -3.707288 -0.114886
v -0.027641 -3.708482 -0.114439
v -0.027474 -3.709675 -0.113992
v -0.026982 -3.710788 -0.113576
v -0.026199 -3.711743 -0.113218
v -0.025179 -3.712476 -0.112944
v -0.023991 -3.712936 -0.112771
v -0.022717 -3.708482 -0.114439
v 0.185732 -3.707884 0.028943
v 0.185732 -3.707884 0.028943
v 0.185732 -3.707884 0.028943
v 0.185732 -3.707884 0.028943
v 0.185732 -3.707884 0.028943
v 0.185732 -3.707884 0.028943
v 0.185732 -3.707884 0.028943
v 0.185732 -3.707884 0.028943
v 0.185732 -3.707884 0.028943
v 0.185732 -3.707884 0.028943
v 0.185732 -3.707884 0.028943
v 0.185732 -3.707884 0.028943
v 0.185732 -3.707884 0.028943
v 0.185732 -3.707884 0.028943
v 0.185732 -3.707884 0.028943
v 0.185732 -3.707884 0.028943
v 0.185732 -3.707884 0.028943
v 0.185732 -3.707884 0.028943
v 0.185732 -3.707884 0.028943
v 0.185732 -3.707884 0.028943
v 0.185732 -3.707884 0.028943
v 0.185732 -3.707884 0.028943
v 0.185732 -3.707884 0.028943
v 0.185732 -3.707884 0.028943
v 0.185732 -3.707884 0.028943
v 0.182107 -3.711805 0.028979
v 0.182165 -3.711636 0.030252
v 0.182333 -3.711163 0.031435
v 0.182601 -3.710418 0.032448
v 0.182950 -3.709453 0.033222
v 0.183356 -3.708333 0.033704
v 0.183792 -3.707133 0.033861
v 0.184228 -3.705937 0.033682
v 0.184634 -3.704825 0.033180
v 0.184983 -3.703874 0.032389
v 0.185250 -3.703148 0.031362
v 0.185419 -3.702697 0.030170
v 0.185476 -3.702551 0.028894
v 0.185419 -3.702720 0.027621
v 0.185250 -3.703193 0.026438
v 0.184983 -3.703938 0.025425
v 0.184634 -3.704903 0.024651
v 0.184228 -3.706024 0.024169
v 0.183792 -3.707223 0.024012
v 0.183356 -3.708419 0.024191
v 0.182950 -3.709530 0.024693
v 0.182601 -3.710482 0.025484
v 0.182333 -3.711208 0.026511
v 0.182165 -3.711659 0.027703
v 0.183792 -3.707178 0.028937
v -0.051697 -4.375529 -0.133051
v -0.039785 -4.375811 -0.164084
v -0.006588 -4.375795 -0.162345
v 0.002016 -4.375503 -0.130236
v -0.025863 -4.375339 -0.112132
v -0.051698 -4.451403 -0.132361
v -0.039785 -4.451685 -0.163394
v -0.006588 -4.451669 -0.161654
v 0.002016 -4.451377 -0.129546
v -0.025863 -4.451212 -0.111442
v 0.175954 -4.375428 -0.121975
v 0.187867 -4.375710 -0.153009
v 0.221064 -4.375695 -0.151269
v 0.229667 -4.375403 -0.119161
v 0.201788 -4.375238 -0.101056
v 0.175954 -4.451303 -0.121285
v 0.187867 -4.451585 -0.152318
v 0.221064 -4.451569 -0.150579
v 0.229667 -4.451277 -0.118470
v 0.201788 -4.451112 -0.100366
v -0.268686 -4.375428 -0.121975
v -0.256773 -4.375710 -0.153008
v -0.223576 -4.375694 -0.151269
v -0.214972 -4.375402 -0.119160
v -0.242852 -4.375237 -0.101056
v -0.268686 -4.451302 -0.121285
v -0.256773 -4.451584 -0.152318
v -0.223576 -4.451569 -0.150578
v -0.214973 -4.451276 -0.118470
v -0.242852 -4.451112 -0.100366
v -0.051697 -4.372471 0.203150
v -0.039784 -4.372753 0.172117
v -0.006588 -4.372737 0.173857
v 0.002016 -4.372445 0.205965
v -0.025863 -4.372280 0.224069
v -0.051697 -4.448345 0.203840
v -0.039784 -4.448627 0.172807
v -0.006588 -4.448611 0.174547
v 0.002016 -4.448319 0.206655
v -0.025863 -4.448154 0.224759
v -0.268686 -4.372471 0.203150
v -0.256773 -4.372753 0.172117
v -0.223576 -4.372737 0.173857
v -0.214972 -4.372445 0.205965
v -0.242852 -4.372280 0.224069
v -0.268686 -4.448345 0.203840
v -0.256773 -4.448627 0.172807
v -0.223576 -4.448611 0.174547
v -0.214972 -4.448319 0.206655
v -0.242852 -4.448154 0.224759
v 0.175954 -4.373953 0.040152
v 0.187867 -4.374236 0.009118
v 0.221064 -4.374220 0.010858
v 0.229667 -4.373928 0.042966
v 0.201788 -4.373763 0.061071
v 0.175954 -4.449828 0.040842
v 0.187867 -4.450110 0.009809
v 0.221064 -4.450094 0.011548
v 0.229667 -4.449802 0.043657
v 0.201788 -4.449637 0.061761
v 0.175954 -4.372471 0.203150
v 0.187867 -4.372753 0.172117
v 0.221064 -4.372737 0.173857
v 0.229667 -4.372445 0.205965
v 0.201788 -4.372280 0.224069
v 0.175954 -4.448345 0.203840
v 0.187867 -4.448627 0.172807
v 0.221064 -4.448611 0.174547
v 0.229667 -4.448319 0.206655
v 0.201788 -4.448154 0.224759
v -0.268686 -4.373953 0.040152
v -0.256773 -4.374236 0.009118
v -0.223576 -4.374220 0.010858
v -0.214972 -4.373928 0.042966
v -0.242852 -4.373763 0.061071
v -0.268686 -4.449828 0.040842
v -0.256773 -4.450110 0.009809
v -0.223576 -4.450094 0.011548
v -0.214973 -4.449802 0.043657
v -0.242852 -4.449637 0.061761
v 0.175955 0.410156 -0.165505
v 0.187868 0.409873 -0.196538
v 0.221064 0.409889 -0.194798
v 0.229668 0.410181 -0.162690
v 0.201789 0.410346 -0.144585
v 0.175955 0.334281 -0.164814
v 0.187868 0.333999 -0.195847
v 0.221064 0.334015 -0.194108
v 0.229668 0.334307 -0.161999
v 0.201789 0.334472 -0.143895
v -0.268685 0.411630 -0.003378
v -0.256772 0.411347 -0.034411
v -0.223575 0.411363 -0.032672
v -0.214972 0.411655 -0.000563
v -0.242851 0.411820 0.017541
v -0.268685 0.335755 -0.002688
v -0.256772 0.335473 -0.033721
v -0.223575 0.335488 -0.031981
v -0.214972 0.335781 0.000127
v -0.242851 0.335945 0.018231
v -0.051697 0.410054 -0.176581
v -0.039784 0.409772 -0.207614
v -0.006587 0.409788 -0.205874
v 0.002017 0.410080 -0.173766
v -0.025862 0.410244 -0.155662
v -0.051697 0.334179 -0.175891
v -0.039784 0.333897 -0.206924
v -0.006587 0.333913 -0.205184
v 0.002017 0.334205 -0.173076
v -0.025863 0.334370 -0.154971
v -0.268685 0.410156 -0.165505
v -0.256772 0.409873 -0.196538
v -0.223575 0.409889 -0.194798
v -0.214972 0.410181 -0.162690
v -0.242851 0.410346 -0.144585
v -0.268685 0.334281 -0.164814
v -0.256772 0.333999 -0.195847
v -0.223575 0.334015 -0.194108
v -0.214972 0.334307 -0.161999
v -0.242851 0.334472 -0.143895
v 0.175955 0.413113 0.159620
v 0.187868 0.412830 0.128587
v 0.221064 0.412846 0.130327
v 0.229668 0.413138 0.162435
v 0.201789 0.413303 0.180539
v 0.175955 0.337238 0.160310
v 0.187868 0.336956 0.129277
v 0.221064 0.336971 0.131017
v 0.229668 0.337263 0.163125
v 0.201789 0.337428 0.181230
v -0.051697 0.413113 0.159620
v -0.039784 0.412830 0.128587
v -0.006587 0.412846 0.130327
v 0.002017 0.413138 0.162435
v -0.025862 0.413303 0.180539
v -0.051697 0.337238 0.160310
v -0.039784 0.336956 0.129277
v -0.006587 0.336971 0.131017
v 0.002017 0.337263 0.163125
v -0.025863 0.337428 0.181230
v -0.268685 0.413114 0.159621
v -0.256772 0.412831 0.128588
v -0.223575 0.412847 0.130327
v -0.214972 0.413139 0.162435
v -0.242851 0.413304 0.180540
v -0.268685 0.337239 0.160311
v -0.256772 0.336957 0.129278
v -0.223575 0.336972 0.131017
v -0.214972 0.337264 0.163126
v -0.242851 0.337429 0.181230
v 0.175955 0.411630 -0.003378
v 0.187868 0.411347 -0.034411
v 0.221064 0.411363 -0.032671
v 0.229668 0.411655 -0.000563
v 0.201789 0.411820 0.017541
v 0.175955 0.335755 -0.002688
v 0.187868 0.335473 -0.033721
v 0.221064 0.335488 -0.031981
v 0.229668 0.335781 0.000127
v 0.201789 0.335945 0.018231
v -0.022717 -3.727645 -0.100950
v -0.011388 -3.730261 -0.099971
v -0.002654 -3.737507 -0.097259
v 0.001483 -3.747725 -0.093435
v 0.000077 -3.758573 -0.089374
v -0.006551 -3.767566 -0.086008
v -0.016883 -3.772644 -0.084107
v -0.028551 -3.772644 -0.084107
v -0.038883 -3.767566 -0.086008
v -0.045511 -3.758573 -0.089374
v -0.046917 -3.747725 -0.093435
v -0.042780 -3.737507 -0.097259
v -0.034046 -3.730261 -0.099971
v -0.022717 -3.729789 -0.106678
v -0.011388 -3.732405 -0.105699
v -0.002654 -3.739651 -0.102987
v 0.001483 -3.749869 -0.099162
v 0.000077 -3.760717 -0.095102
v -0.006551 -3.769710 -0.091735
v -0.016883 -3.774788 -0.089835
v -0.028551 -3.774788 -0.089835
v -0.038883 -3.769710 -0.091735
v -0.045511 -3.760717 -0.095102
v -0.046917 -3.749869 -0.099162
v -0.042780 -3.739651 -0.102987
v -0.034046 -3.732405 -0.105699
v -0.022717 -3.732729 -0.105577
v -0.012847 -3.735008 -0.104725
v -0.005238 -3.741321 -0.102361
v -0.001633 -3.750223 -0.099029
v -0.002858 -3.759674 -0.095492
v -0.008633 -3.767509 -0.092559
v -0.017634 -3.771934 -0.090903
v -0.027800 -3.771934 -0.090903
v -0.036801 -3.767509 -0.092559
v -0.042576 -3.759674 -0.095492
v -0.043801 -3.750223 -0.099029
v -0.040196 -3.741321 -0.102362
v -0.032587 -3.735008 -0.104725
v -0.022717 -3.743754 -0.101451
v -0.018318 -3.744770 -0.101071
v -0.014926 -3.747584 -0.100017
v -0.013319 -3.751552 -0.098532
v -0.013865 -3.755764 -0.096955
v -0.016439 -3.759257 -0.095648
v -0.020451 -3.761229 -0.094910
v -0.024983 -3.761229 -0.094910
v -0.028995 -3.759257 -0.095648
v -0.031569 -3.755764 -0.096955
v -0.032115 -3.751552 -0.098532
v -0.030508 -3.747584 -0.100017
v -0.027116 -3.744770 -0.101071
v -0.022717 -3.730243 -0.107891
v -0.011388 -3.732859 -0.106912
v -0.002654 -3.740105 -0.104200
v 0.001483 -3.750323 -0.100375
v 0.000077 -3.761171 -0.096315
v -0.006551 -3.770164 -0.092949
v -0.016883 -3.775242 -0.091048
v -0.028551 -3.775242 -0.091048
v -0.038883 -3.770164 -0.092949
v -0.045511 -3.761171 -0.096315
v -0.046917 -3.750323 -0.100375
v -0.042780 -3.740105 -0.104200
v -0.034046 -3.732859 -0.106912
v -0.012847 -3.735462 -0.105938
v -0.022717 -3.733183 -0.106791
v -0.032587 -3.735462 -0.105938
v -0.040196 -3.741775 -0.103575
v -0.043801 -3.750677 -0.100243
v -0.042576 -3.760128 -0.096705
v -0.036801 -3.767963 -0.093772
v -0.027800 -3.772388 -0.092116
v -0.017634 -3.772388 -0.092116
v -0.008633 -3.767963 -0.093772
v -0.002858 -3.760128 -0.096705
v -0.001633 -3.750677 -0.100243
v -0.005238 -3.741775 -0.103575
v -0.022717 -3.732205 -0.108784
v -0.012096 -3.734657 -0.107866
v -0.003908 -3.741450 -0.105324
v -0.000029 -3.751029 -0.101738
v -0.001348 -3.761199 -0.097932
v -0.007562 -3.769630 -0.094776
v -0.017248 -3.774391 -0.092994
v -0.028186 -3.774391 -0.092994
v -0.037872 -3.769630 -0.094776
v -0.044086 -3.761199 -0.097932
v -0.045405 -3.751029 -0.101738
v -0.041526 -3.741450 -0.105324
v -0.033338 -3.734657 -0.107866
v -0.012139 -3.734732 -0.107838
v -0.022717 -3.732291 -0.108752
v -0.033295 -3.734732 -0.107838
v -0.041451 -3.741498 -0.105305
v -0.045314 -3.751039 -0.101734
v -0.044001 -3.761168 -0.097943
v -0.037812 -3.769566 -0.094800
v -0.028165 -3.774308 -0.093025
v -0.017269 -3.774308 -0.093025
v -0.007622 -3.769566 -0.094800
v -0.001433 -3.761168 -0.097943
v -0.000120 -3.751039 -0.101734
v -0.003983 -3.741498 -0.105305
v -0.022717 -3.693986 -0.116237
v -0.016115 -3.695510 -0.115667
v -0.011025 -3.699733 -0.114086
v -0.008614 -3.705687 -0.111858
v -0.009433 -3.712009 -0.109491
v -0.013296 -3.717250 -0.107529
v -0.019317 -3.720210 -0.106422
v -0.026117 -3.720210 -0.106422
v -0.032138 -3.717250 -0.107529
v -0.036001 -3.712009 -0.109491
v -0.036820 -3.705687 -0.111858
v -0.034409 -3.699733 -0.114086
v -0.029319 -3.695510 -0.115667
v -0.022717 -3.695235 -0.119575
v -0.016115 -3.696759 -0.119005
v -0.011025 -3.700982 -0.117424
v -0.008614 -3.706937 -0.115195
v -0.009433 -3.713259 -0.112829
v -0.013296 -3.718500 -0.110867
v -0.019317 -3.721459 -0.109760
v -0.026117 -3.721459 -0.109760
v -0.032138 -3.718500 -0.110867
v -0.036001 -3.713259 -0.112829
v -0.036820 -3.706937 -0.115195
v -0.034409 -3.700982 -0.117424
v -0.029319 -3.696759 -0.119005
v -0.022717 -3.696949 -0.118934
v -0.016965 -3.698277 -0.118437
v -0.012531 -3.701956 -0.117060
v -0.010430 -3.707143 -0.115118
v -0.011144 -3.712651 -0.113057
v -0.014509 -3.717217 -0.111347
v -0.019755 -3.719796 -0.110382
v -0.025679 -3.719796 -0.110382
v -0.030925 -3.717217 -0.111347
v -0.034290 -3.712651 -0.113057
v -0.035004 -3.707143 -0.115118
v -0.032903 -3.701956 -0.117060
v -0.028469 -3.698277 -0.118437
v -0.022717 -3.703373 -0.116529
v -0.020153 -3.703966 -0.116308
v -0.018176 -3.705606 -0.115694
v -0.017240 -3.707918 -0.114828
v -0.017558 -3.710373 -0.113909
v -0.019058 -3.712408 -0.113147
v -0.021397 -3.713557 -0.112717
v -0.024037 -3.713557 -0.112717
v -0.026375 -3.712408 -0.113147
v -0.027875 -3.710373 -0.113909
v -0.028194 -3.707918 -0.114828
v -0.027257 -3.705606 -0.115694
v -0.025281 -3.703966 -0.116308
v -0.022717 -3.695500 -0.120282
v -0.016115 -3.697024 -0.119712
v -0.011025 -3.701247 -0.118131
v -0.008614 -3.707201 -0.115902
v -0.009433 -3.713523 -0.113536
v -0.013296 -3.718764 -0.111574
v -0.019317 -3.721724 -0.110467
v -0.026117 -3.721724 -0.110467
v -0.032138 -3.718764 -0.111574
v -0.036001 -3.713523 -0.113536
v -0.036820 -3.707201 -0.115902
v -0.034409 -3.701247 -0.118131
v -0.029319 -3.697024 -0.119712
v -0.016965 -3.698541 -0.119144
v -0.022717 -3.697213 -0.119641
v -0.028469 -3.698541 -0.119144
v -0.032903 -3.702220 -0.117767
v -0.035004 -3.707408 -0.115825
v -0.034290 -3.712916 -0.113764
v -0.030925 -3.717482 -0.112054
v -0.025679 -3.720060 -0.111089
v -0.019755 -3.720060 -0.111089
v -0.014509 -3.717482 -0.112054
v -0.011144 -3.712916 -0.113764
v -0.010430 -3.707408 -0.115825
v -0.012531 -3.702220 -0.117767
v -0.022717 -3.696643 -0.120803
v -0.016527 -3.698072 -0.120268
v -0.011756 -3.702031 -0.118786
v -0.009495 -3.707613 -0.116697
v -0.010264 -3.713539 -0.114478
v -0.013885 -3.718453 -0.112639
v -0.019530 -3.721228 -0.111601
v -0.025904 -3.721228 -0.111601
v -0.031549 -3.718453 -0.112639
v -0.035170 -3.713539 -0.114478
v -0.035938 -3.707613 -0.116697
v -0.033678 -3.702031 -0.118786
v -0.028906 -3.698072 -0.120268
v -0.016552 -3.698116 -0.120252
v -0.022717 -3.696693 -0.120784
v -0.028882 -3.698116 -0.120252
v -0.033634 -3.702059 -0.118776
v -0.035886 -3.707619 -0.116694
v -0.035120 -3.713522 -0.114485
v -0.031514 -3.718416 -0.112653
v -0.025892 -3.721179 -0.111619
v -0.019542 -3.721179 -0.111619
v -0.013920 -3.718416 -0.112653
v -0.010313 -3.713522 -0.114485
v -0.009548 -3.707619 -0.116694
v -0.011800 -3.702059 -0.118776
v -0.025903 -3.725269 0.160286
v -0.037232 -3.727901 0.159355
v -0.045966 -3.735196 0.156775
v -0.050103 -3.745481 0.153137
v -0.048697 -3.756402 0.149274
v -0.042069 -3.765455 0.146072
v -0.031737 -3.770566 0.144264
v -0.020069 -3.770566 0.144264
v -0.009737 -3.765455 0.146072
v -0.003109 -3.756402 0.149274
v -0.001703 -3.745481 0.153137
v -0.005840 -3.735196 0.156775
v -0.014574 -3.727901 0.159355
v -0.025903 -3.727308 0.166052
v -0.037232 -3.729941 0.165121
v -0.045966 -3.737235 0.162541
v -0.050103 -3.747521 0.158902
v -0.048697 -3.758441 0.155040
v -0.042069 -3.767494 0.151838
v -0.031737 -3.772606 0.150030
v -0.020069 -3.772606 0.150030
v -0.009737 -3.767494 0.151838
v -0.003109 -3.758441 0.155040
v -0.001703 -3.747521 0.158902
v -0.005840 -3.737235 0.162541
v -0.014574 -3.729941 0.165121
v -0.025903 -3.730268 0.165005
v -0.035773 -3.732561 0.164194
v -0.043382 -3.738916 0.161946
v -0.046987 -3.747878 0.158776
v -0.045762 -3.757391 0.155411
v -0.039987 -3.765279 0.152621
v -0.030986 -3.769732 0.151046
v -0.020820 -3.769732 0.151046
v -0.011819 -3.765279 0.152621
v -0.006044 -3.757391 0.155411
v -0.004819 -3.747878 0.158776
v -0.008424 -3.738916 0.161946
v -0.016033 -3.732561 0.164194
v -0.025903 -3.741366 0.161079
v -0.030302 -3.742388 0.160718
v -0.033694 -3.745221 0.159716
v -0.035301 -3.749215 0.158303
v -0.034755 -3.753456 0.156803
v -0.032181 -3.756971 0.155560
v -0.028169 -3.758957 0.154858
v -0.023637 -3.758957 0.154858
v -0.019625 -3.756971 0.155560
v -0.017051 -3.753456 0.156803
v -0.016505 -3.749215 0.158303
v -0.018112 -3.745221 0.159716
v -0.021504 -3.742388 0.160718
v -0.025903 -3.727740 0.167273
v -0.037232 -3.730373 0.166342
v -0.045966 -3.737667 0.163762
v -0.050103 -3.747952 0.160124
v -0.048697 -3.758873 0.156261
v -0.042069 -3.767926 0.153059
v -0.031737 -3.773038 0.151251
v -0.020069 -3.773038 0.151251
v -0.009737 -3.767926 0.153059
v -0.003109 -3.758873 0.156261
v -0.001703 -3.747952 0.160124
v -0.005840 -3.737667 0.163762
v -0.014574 -3.730373 0.166342
v -0.035773 -3.732993 0.165415
v -0.025903 -3.730700 0.166226
v -0.016033 -3.732993 0.165415
v -0.008424 -3.739348 0.163167
v -0.004819 -3.748309 0.159998
v -0.006044 -3.757823 0.156632
v -0.011819 -3.765711 0.153843
v -0.020820 -3.770164 0.152267
v -0.030986 -3.770164 0.152267
v -0.039987 -3.765711 0.153843
v -0.045762 -3.757823 0.156632
v -0.046987 -3.748309 0.159998
v -0.043382 -3.739348 0.163167
v -0.025903 -3.729685 0.168202
v -0.036524 -3.732153 0.167329
v -0.044712 -3.738992 0.164910
v -0.048591 -3.748634 0.161499
v -0.047272 -3.758872 0.157878
v -0.041058 -3.767359 0.154876
v -0.031372 -3.772151 0.153181
v -0.020434 -3.772151 0.153181
v -0.010748 -3.767359 0.154876
v -0.004534 -3.758872 0.157878
v -0.003215 -3.748634 0.161499
v -0.007094 -3.738992 0.164910
v -0.015282 -3.732153 0.167329
v -0.036481 -3.732229 0.167302
v -0.025903 -3.729771 0.168171
v -0.015325 -3.732229 0.167302
v -0.007169 -3.739040 0.164893
v -0.003306 -3.748644 0.161496
v -0.004619 -3.758841 0.157889
v -0.010808 -3.767294 0.154899
v -0.020455 -3.772068 0.153211
v -0.031351 -3.772068 0.153211
v -0.040998 -3.767294 0.154899
v -0.047187 -3.758841 0.157889
v -0.048500 -3.748644 0.161496
v -0.044637 -3.739040 0.164893
v -0.235317 -3.692679 0.027455
v -0.234760 -3.694268 0.020867
v -0.233218 -3.698551 0.015816
v -0.231043 -3.704547 0.013459
v -0.228735 -3.710883 0.014336
v -0.226820 -3.716106 0.018247
v -0.225740 -3.719021 0.024294
v -0.225740 -3.718959 0.031094
v -0.226820 -3.715935 0.037088
v -0.228734 -3.710641 0.040902
v -0.231043 -3.704291 0.041664
v -0.233218 -3.698339 0.039199
v -0.234760 -3.694148 0.034071
v -0.238666 -3.693898 0.027466
v -0.238109 -3.695487 0.020878
v -0.236567 -3.699770 0.015827
v -0.234392 -3.705767 0.013470
v -0.232084 -3.712102 0.014347
v -0.230170 -3.717325 0.018258
v -0.229089 -3.720240 0.024305
v -0.229089 -3.720178 0.031105
v -0.230170 -3.717154 0.037099
v -0.232084 -3.711860 0.040913
v -0.234392 -3.705510 0.041675
v -0.236567 -3.699558 0.039210
v -0.238109 -3.695367 0.034082
v -0.238040 -3.695617 0.027481
v -0.237555 -3.697001 0.021742
v -0.236211 -3.700733 0.017341
v -0.234317 -3.705957 0.015288
v -0.232305 -3.711477 0.016052
v -0.230638 -3.716027 0.019459
v -0.229696 -3.718567 0.024728
v -0.229696 -3.718513 0.030652
v -0.230638 -3.715878 0.035874
v -0.232305 -3.711266 0.039197
v -0.234317 -3.705734 0.039861
v -0.236211 -3.700548 0.037713
v -0.237555 -3.696897 0.033245
v -0.235694 -3.702063 0.027540
v -0.235477 -3.702681 0.024982
v -0.234879 -3.704344 0.023020
v -0.234034 -3.706672 0.022105
v -0.233138 -3.709132 0.022446
v -0.232394 -3.711161 0.023964
v -0.231975 -3.712293 0.026313
v -0.231975 -3.712269 0.028953
v -0.232394 -3.711094 0.031281
v -0.233138 -3.709038 0.032762
v -0.234034 -3.706573 0.033058
v -0.234879 -3.704261 0.032101
v -0.235477 -3.702634 0.030109
v -0.239375 -3.694156 0.027468
v -0.238818 -3.695745 0.020880
v -0.237276 -3.700028 0.015829
v -0.235102 -3.706025 0.013472
v -0.232793 -3.712360 0.014350
v -0.230879 -3.717583 0.018260
v -0.229798 -3.720498 0.024308
v -0.229798 -3.720436 0.031107
v -0.230879 -3.717412 0.037101
v -0.232793 -3.712119 0.040916
v -0.235102 -3.705768 0.041678
v -0.237276 -3.699816 0.039212
v -0.238818 -3.695625 0.034084
v -0.238264 -3.697260 0.021744
v -0.238749 -3.695875 0.027484
v -0.238264 -3.697155 0.033248
v -0.236921 -3.700806 0.037715
v -0.235026 -3.705992 0.039863
v -0.233015 -3.711524 0.039200
v -0.231347 -3.716136 0.035876
v -0.230406 -3.718771 0.030654
v -0.230406 -3.718825 0.024730
v -0.231347 -3.716286 0.019461
v -0.233015 -3.711735 0.016055
v -0.235026 -3.706215 0.015290
v -0.236921 -3.700991 0.017344
v -0.239906 -3.695294 0.027479
v -0.239384 -3.696784 0.021302
v -0.237938 -3.700799 0.016567
v -0.235900 -3.706421 0.014358
v -0.233735 -3.712360 0.015180
v -0.231941 -3.717257 0.018846
v -0.230928 -3.719990 0.024516
v -0.230928 -3.719932 0.030890
v -0.231941 -3.717096 0.036509
v -0.233735 -3.712133 0.040085
v -0.235900 -3.706180 0.040800
v -0.237938 -3.700600 0.038488
v -0.239384 -3.696671 0.033681
v -0.239368 -3.696828 0.021327
v -0.239888 -3.695344 0.027479
v -0.239368 -3.696716 0.033657
v -0.237928 -3.700629 0.038445
v -0.235897 -3.706187 0.040747
v -0.233742 -3.712117 0.040036
v -0.231955 -3.717060 0.036474
v -0.230945 -3.719883 0.030877
v -0.230945 -3.719941 0.024528
v -0.231955 -3.717219 0.018881
v -0.233742 -3.712342 0.015230
v -0.235897 -3.706427 0.014410
v -0.237928 -3.700828 0.016611
v 0.185459 -3.692667 0.028806
v 0.184903 -3.694136 0.035421
v 0.183361 -3.698327 0.040550
v 0.181186 -3.704279 0.043015
v 0.178877 -3.710629 0.042253
v 0.176963 -3.715923 0.038438
v 0.175883 -3.718947 0.032445
v 0.175883 -3.719009 0.025645
v 0.176963 -3.716094 0.019597
v 0.178877 -3.710871 0.015687
v 0.181186 -3.704535 0.014810
v 0.183361 -3.698539 0.017167
v 0.184903 -3.694256 0.022218
v 0.188808 -3.693886 0.028817
v 0.188252 -3.695355 0.035433
v 0.186710 -3.699545 0.040561
v 0.184535 -3.705498 0.043026
v 0.182226 -3.711848 0.042264
v 0.180312 -3.717142 0.038449
v 0.179232 -3.720166 0.032456
v 0.179232 -3.720228 0.025656
v 0.180312 -3.717313 0.019609
v 0.182226 -3.712090 0.015698
v 0.184535 -3.705755 0.014821
v 0.186710 -3.699758 0.017178
v 0.188252 -3.695475 0.022229
v 0.188183 -3.695605 0.028832
v 0.187698 -3.696885 0.034596
v 0.186354 -3.700536 0.039064
v 0.184460 -3.705722 0.041212
v 0.182448 -3.711254 0.040548
v 0.180781 -3.715866 0.037225
v 0.179839 -3.718501 0.032003
v 0.179839 -3.718555 0.026079
v 0.180781 -3.716015 0.020810
v 0.182448 -3.711465 0.017403
v 0.184460 -3.705945 0.016639
v 0.186354 -3.700721 0.018692
v 0.187698 -3.696990 0.023093
v 0.185836 -3.702051 0.028891
v 0.185620 -3.702622 0.031460
v 0.185021 -3.704249 0.033452
v 0.184177 -3.706561 0.034409
v 0.183280 -3.709027 0.034113
v 0.182537 -3.711082 0.032632
v 0.182117 -3.712256 0.030304
v 0.182117 -3.712281 0.027664
v 0.182537 -3.711149 0.025315
v 0.183280 -3.709121 0.023797
v 0.184177 -3.706660 0.023456
v 0.185021 -3.704331 0.024371
v 0.185620 -3.702668 0.026333
v 0.189518 -3.694144 0.028819
v 0.188961 -3.695613 0.035435
v 0.187419 -3.699804 0.040563
v 0.185245 -3.705756 0.043028
v 0.182936 -3.712106 0.042267
v 0.181022 -3.717400 0.038452
v 0.179941 -3.720424 0.032458
v 0.179941 -3.720486 0.025659
v 0.181022 -3.717571 0.019611
v 0.182936 -3.712348 0.015700
v 0.185245 -3.706013 0.014823
v 0.187419 -3.700016 0.017180
v 0.188961 -3.695733 0.022231
v 0.188407 -3.697143 0.034599
v 0.188892 -3.695863 0.028835
v 0.188407 -3.697248 0.023095
v 0.187064 -3.700979 0.018694
v 0.185169 -3.706203 0.016641
v 0.183158 -3.711723 0.017405
v 0.181490 -3.716274 0.020812
v 0.180549 -3.718813 0.026081
v 0.180549 -3.718759 0.032005
v 0.181490 -3.716125 0.037227
v 0.183158 -3.711513 0.040551
v 0.185169 -3.705980 0.041214
v 0.187064 -3.700794 0.039066
v 0.190049 -3.695282 0.028829
v 0.189527 -3.696660 0.035032
v 0.188081 -3.700588 0.039839
v 0.186043 -3.706168 0.042150
v 0.183878 -3.712122 0.041436
v 0.182084 -3.717084 0.037860
v 0.181071 -3.719919 0.032241
v 0.181071 -3.719977 0.025866
v 0.182084 -3.717245 0.020197
v 0.183878 -3.712348 0.016531
v 0.186043 -3.706409 0.015708
v 0.188081 -3.700788 0.017918
v 0.189527 -3.696772 0.022653
v 0.189511 -3.696704 0.035007
v 0.190031 -3.695332 0.028830
v 0.189511 -3.696816 0.022678
v 0.188071 -3.700816 0.017962
v 0.186040 -3.706415 0.015761
v 0.183885 -3.712330 0.016580
v 0.182097 -3.717207 0.020232
v 0.181088 -3.719929 0.025879
v 0.181088 -3.719871 0.032228
v 0.182097 -3.717047 0.037824
v 0.183885 -3.712104 0.041386
v 0.186040 -3.706175 0.042098
v 0.188071 -3.700617 0.039796
v 0.170479 -3.726463 0.029113
v 0.169524 -3.728983 0.040465
v 0.166878 -3.736175 0.049265
v 0.163147 -3.746388 0.053495
v 0.159185 -3.757286 0.052188
v 0.155901 -3.766369 0.045642
v 0.154046 -3.771558 0.035357
v 0.154046 -3.771664 0.023690
v 0.155901 -3.766663 0.013312
v 0.159185 -3.757700 0.006602
v 0.163147 -3.746829 0.005097
v 0.166878 -3.736540 0.009141
v 0.169524 -3.729190 0.017808
v 0.176226 -3.728555 0.029132
v 0.175271 -3.731075 0.040484
v 0.172625 -3.738266 0.049284
v 0.168893 -3.748480 0.053514
v 0.164932 -3.759377 0.052207
v 0.161648 -3.768461 0.045661
v 0.159793 -3.773650 0.035376
v 0.159793 -3.773756 0.023709
v 0.161648 -3.768755 0.013331
v 0.164932 -3.759792 0.006621
v 0.168893 -3.748920 0.005116
v 0.172625 -3.738631 0.009160
v 0.175271 -3.731281 0.017827
v 0.175153 -3.731504 0.029159
v 0.174321 -3.733700 0.039049
v 0.172015 -3.739965 0.046716
v 0.168764 -3.748864 0.050401
v 0.165313 -3.758358 0.049262
v 0.162451 -3.766271 0.043559
v 0.160835 -3.770792 0.034599
v 0.160835 -3.770885 0.024434
v 0.162451 -3.766528 0.015393
v 0.165313 -3.758719 0.009547
v 0.168764 -3.749248 0.008235
v 0.172015 -3.740283 0.011758
v 0.174321 -3.733880 0.019310
v 0.171126 -3.742566 0.029259
v 0.170755 -3.743545 0.033668
v 0.169728 -3.746337 0.037085
v 0.168279 -3.750304 0.038728
v 0.166740 -3.754535 0.038220
v 0.165465 -3.758062 0.035678
v 0.164745 -3.760078 0.031684
v 0.164745 -3.760119 0.027153
v 0.165465 -3.758177 0.023123
v 0.166740 -3.754696 0.020518
v 0.168279 -3.750475 0.019933
v 0.169728 -3.746479 0.021503
v 0.170755 -3.743625 0.024869
v 0.177444 -3.728997 0.029136
v 0.176489 -3.731518 0.040488
v 0.173842 -3.738709 0.049288
v 0.170111 -3.748923 0.053518
v 0.166149 -3.759820 0.052211
v 0.162865 -3.768904 0.045665
v 0.161010 -3.774093 0.035380
v 0.161010 -3.774199 0.023713
v 0.162865 -3.769198 0.013335
v 0.166149 -3.760235 0.006625
v 0.170111 -3.749363 0.005120
v 0.173842 -3.739074 0.009164
v 0.176489 -3.731724 0.017831
v 0.175538 -3.734143 0.039053
v 0.176370 -3.731947 0.029163
v 0.175538 -3.734323 0.019314
v 0.173232 -3.740726 0.011762
v 0.169981 -3.749691 0.008239
v 0.166530 -3.759162 0.009551
v 0.163668 -3.766971 0.015397
v 0.162053 -3.771328 0.024438
v 0.162053 -3.771235 0.034603
v 0.163668 -3.766715 0.043564
v 0.166530 -3.758801 0.049266
v 0.169981 -3.749307 0.050406
v 0.173232 -3.740408 0.046720
v 0.178354 -3.730951 0.029154
v 0.177459 -3.733314 0.039796
v 0.174978 -3.740056 0.048046
v 0.171480 -3.749631 0.052012
v 0.167766 -3.759846 0.050786
v 0.164687 -3.768362 0.044650
v 0.162948 -3.773227 0.035008
v 0.162948 -3.773326 0.024069
v 0.164687 -3.768638 0.014341
v 0.167766 -3.760235 0.008050
v 0.171480 -3.750043 0.006639
v 0.174978 -3.740398 0.010430
v 0.177459 -3.733507 0.018556
v 0.177431 -3.733390 0.039755
v 0.178323 -3.731036 0.029154
v 0.177431 -3.733583 0.018599
v 0.174960 -3.740445 0.010506
v 0.171476 -3.750053 0.006729
v 0.167777 -3.760204 0.008135
v 0.164710 -3.768573 0.014401
v 0.162979 -3.773243 0.024091
v 0.162979 -3.773144 0.034985
v 0.164710 -3.768299 0.044589
v 0.167777 -3.759817 0.050701
v 0.171476 -3.749642 0.051922
v 0.174960 -3.740105 0.047971
v -0.220337 -3.726475 0.027762
v -0.219381 -3.729201 0.016457
v -0.216735 -3.736551 0.007790
v -0.213004 -3.746840 0.003746
v -0.209042 -3.757712 0.005251
v -0.205758 -3.766675 0.011961
v -0.203903 -3.771676 0.022339
v -0.203903 -3.771570 0.034007
v -0.205758 -3.766381 0.044291
v -0.209042 -3.757297 0.050837
v -0.213004 -3.746400 0.052145
v -0.216735 -3.736186 0.047914
v -0.219381 -3.728995 0.039115
v -0.226083 -3.728566 0.027781
v -0.225128 -3.731293 0.016476
v -0.222482 -3.738643 0.007809
v -0.218751 -3.748932 0.003765
v -0.214789 -3.759804 0.005270
v -0.211505 -3.768766 0.011980
v -0.209650 -3.773767 0.022358
v -0.209650 -3.773662 0.034026
v -0.211505 -3.768472 0.044310
v -0.214789 -3.759389 0.050856
v -0.218751 -3.748492 0.052164
v -0.222482 -3.738278 0.047933
v -0.225128 -3.731087 0.039134
v -0.225010 -3.731516 0.027808
v -0.224178 -3.733891 0.017959
v -0.221872 -3.740295 0.010408
v -0.218621 -3.749259 0.006884
v -0.215170 -3.758731 0.008196
v -0.212308 -3.766540 0.014042
v -0.210692 -3.770897 0.023083
v -0.210692 -3.770804 0.033248
v -0.212308 -3.766283 0.042209
v -0.215170 -3.758369 0.047912
v -0.218621 -3.748876 0.049051
v -0.221872 -3.739977 0.045365
v -0.224178 -3.733712 0.037698
v -0.220983 -3.742578 0.027909
v -0.220613 -3.743637 0.023518
v -0.219585 -3.746490 0.020153
v -0.218136 -3.750486 0.018582
v -0.216597 -3.754708 0.019167
v -0.215322 -3.758188 0.021773
v -0.214602 -3.760131 0.025803
v -0.214602 -3.760089 0.030333
v -0.215322 -3.758074 0.034327
v -0.216597 -3.754547 0.036869
v -0.218136 -3.750315 0.037377
v -0.219585 -3.746349 0.035734
v -0.220613 -3.743556 0.032317
v -0.227301 -3.729009 0.027785
v -0.226346 -3.731736 0.016480
v -0.223699 -3.739086 0.007813
v -0.219968 -3.749375 0.003769
v -0.216006 -3.760247 0.005274
v -0.212722 -3.769209 0.011984
v -0.210867 -3.774210 0.022362
v -0.210867 -3.774105 0.034030
v -0.212722 -3.768915 0.044314
v -0.216006 -3.759832 0.050860
v -0.219968 -3.748935 0.052168
v -0.223699 -3.738721 0.047937
v -0.226346 -3.731530 0.039138
v -0.225395 -3.734335 0.017963
v -0.226227 -3.731959 0.027812
v -0.225395 -3.734155 0.037703
v -0.223089 -3.740420 0.045369
v -0.219838 -3.749319 0.049055
v -0.216387 -3.758812 0.047916
v -0.213526 -3.766726 0.042213
v -0.211910 -3.771247 0.033252
v -0.211910 -3.771340 0.023087
v -0.213526 -3.766983 0.014046
v -0.216387 -3.759174 0.008200
v -0.219838 -3.749702 0.006888
v -0.223089 -3.740738 0.010412
v -0.228212 -3.730962 0.027803
v -0.227316 -3.733519 0.017205
v -0.224835 -3.740409 0.009079
v -0.221337 -3.750055 0.005288
v -0.217623 -3.760247 0.006699
v -0.214544 -3.768649 0.012990
v -0.212805 -3.773338 0.022719
v -0.212805 -3.773239 0.033657
v -0.214544 -3.768374 0.043299
v -0.217623 -3.759858 0.049436
v -0.221337 -3.749642 0.050661
v -0.224835 -3.740067 0.046695
v -0.227316 -3.733325 0.038446
v -0.227289 -3.733594 0.017248
v -0.228180 -3.731048 0.027804
v -0.227289 -3.733402 0.038404
v -0.224818 -3.740117 0.046620
v -0.221333 -3.749654 0.050571
v -0.217634 -3.759829 0.049350
v -0.214567 -3.768310 0.043238
v -0.212836 -3.773156 0.033634
v -0.212836 -3.773255 0.022740
v -0.214568 -3.768585 0.013050
v -0.217634 -3.760216 0.006784
v -0.221333 -3.750065 0.005379
v -0.224818 -3.740457 0.009155
v -0.025903 -3.691338 0.174958
v -0.032505 -3.692872 0.174415
v -0.037595 -3.697123 0.172912
v -0.040006 -3.703117 0.170792
v -0.039187 -3.709481 0.168541
v -0.035324 -3.714756 0.166675
v -0.029303 -3.717736 0.165621
v -0.022503 -3.717736 0.165621
v -0.016482 -3.714756 0.166675
v -0.012619 -3.709481 0.168541
v -0.011800 -3.703117 0.170792
v -0.014211 -3.697123 0.172912
v -0.019301 -3.692872 0.174415
v -0.025903 -3.692526 0.178318
v -0.032505 -3.694060 0.177775
v -0.037595 -3.698311 0.176272
v -0.040006 -3.704305 0.174152
v -0.039187 -3.710669 0.171901
v -0.035324 -3.715945 0.170035
v -0.029303 -3.718924 0.168981
v -0.022503 -3.718924 0.168981
v -0.016482 -3.715945 0.170035
v -0.012619 -3.710669 0.171901
v -0.011800 -3.704305 0.174152
v -0.014211 -3.698311 0.176272
v -0.019301 -3.694060 0.177775
v -0.025903 -3.694251 0.177708
v -0.031655 -3.695587 0.177235
v -0.036089 -3.699291 0.175925
v -0.038190 -3.704513 0.174078
v -0.037476 -3.710057 0.172117
v -0.034111 -3.714654 0.170491
v -0.028865 -3.717249 0.169573
v -0.022941 -3.717249 0.169573
v -0.017695 -3.714654 0.170491
v -0.014330 -3.710057 0.172117
v -0.013616 -3.704513 0.174078
v -0.015717 -3.699291 0.175925
v -0.020151 -3.695587 0.177235
v -0.025903 -3.700718 0.175420
v -0.028467 -3.701314 0.175210
v -0.030443 -3.702965 0.174626
v -0.031380 -3.705293 0.173802
v -0.031062 -3.707764 0.172928
v -0.029561 -3.709813 0.172204
v -0.027223 -3.710969 0.171794
v -0.024583 -3.710969 0.171794
v -0.022245 -3.709813 0.172204
v -0.020745 -3.707764 0.172928
v -0.020426 -3.705293 0.173802
v -0.021363 -3.702965 0.174626
v -0.023339 -3.701314 0.175210
v -0.025903 -3.692778 0.179030
v -0.032505 -3.694312 0.178487
v -0.037595 -3.698563 0.176983
v -0.040006 -3.704557 0.174863
v -0.039187 -3.710921 0.172612
v -0.035324 -3.716197 0.170746
v -0.029303 -3.719176 0.169693
v -0.022503 -3.719176 0.169693
v -0.016482 -3.716197 0.170746
v -0.012619 -3.710921 0.172612
v -0.011800 -3.704557 0.174863
v -0.014211 -3.698563 0.176983
v -0.019301 -3.694312 0.178487
v -0.031655 -3.695839 0.177947
v -0.025903 -3.694502 0.178420
v -0.020151 -3.695839 0.177947
v -0.015717 -3.699543 0.176637
v -0.013616 -3.704765 0.174790
v -0.014330 -3.710310 0.172829
v -0.017695 -3.714906 0.171203
v -0.022941 -3.717501 0.170285
v -0.028865 -3.717501 0.170285
v -0.034111 -3.714906 0.171203
v -0.037476 -3.710310 0.172829
v -0.038190 -3.704765 0.174790
v -0.036089 -3.699543 0.176637
v -0.025903 -3.693911 0.179571
v -0.032093 -3.695349 0.179062
v -0.036864 -3.699335 0.177653
v -0.039125 -3.704954 0.175665
v -0.038356 -3.710920 0.173555
v -0.034735 -3.715866 0.171805
v -0.029090 -3.718659 0.170817
v -0.022716 -3.718659 0.170817
v -0.017071 -3.715866 0.171805
v -0.013450 -3.710920 0.173555
v -0.012681 -3.704954 0.175665
v -0.014942 -3.699335 0.177653
v -0.019714 -3.695349 0.179062
v -0.032068 -3.695394 0.179046
v -0.025903 -3.693961 0.179553
v -0.019738 -3.695394 0.179046
v -0.014986 -3.699363 0.177642
v -0.012734 -3.704960 0.175663
v -0.013500 -3.710902 0.173561
v -0.017106 -3.715829 0.171819
v -0.022728 -3.718611 0.170835
v -0.029078 -3.718611 0.170835
v -0.034700 -3.715829 0.171819
v -0.038307 -3.710902 0.173561
v -0.039072 -3.704960 0.175663
v -0.036820 -3.699363 0.177642
v -0.266568 -4.409235 -0.266594
v -0.265961 -4.399499 -0.265930
v -0.265354 -4.389764 -0.265266
v -0.264747 -4.380029 -0.264602
v -0.123957 -4.400727 -0.089869
v -0.124564 -4.410462 -0.090533
v -0.125171 -4.420197 -0.091197
v -0.125778 -4.429933 -0.091861
v 0.277259 -4.447048 -0.209395
v 0.277866 -4.437313 -0.208731
v 0.278473 -4.427577 -0.208067
v 0.279081 -4.417842 -0.207403
v 0.103683 -4.416555 -0.065926
v 0.103076 -4.426291 -0.066590
v 0.102469 -4.436026 -0.067254
v 0.101862 -4.445761 -0.067918
v 0.217735 -4.480434 0.334472
v 0.218342 -4.470699 0.335136
v 0.218949 -4.460964 0.335800
v 0.219556 -4.451229 0.336464
v 0.078767 -4.430531 0.161731
v 0.078160 -4.440266 0.161067
v 0.077553 -4.450001 0.160403
v 0.076946 -4.459736 0.159739
v -0.326092 -4.442621 0.277273
v -0.325485 -4.432886 0.277937
v -0.324878 -4.423151 0.278601
v -0.324271 -4.413415 0.279265
v -0.148873 -4.414702 0.137788
v -0.149480 -4.424438 0.137124
v -0.150087 -4.434173 0.136460
v -0.150695 -4.443908 0.135796
v -0.266567 0.175947 -0.308300
v -0.261598 0.255630 -0.302865
v -0.256629 0.335312 -0.297429
v -0.251660 0.414996 -0.291994
v -0.110871 0.394297 -0.117261
v -0.115840 0.314614 -0.122696
v -0.120809 0.234931 -0.128132
v -0.125777 0.155249 -0.133567
v 0.277260 0.138133 -0.251101
v 0.282229 0.217815 -0.245666
v 0.287198 0.297498 -0.240231
v 0.292167 0.377181 -0.234795
v 0.116769 0.378468 -0.093318
v 0.111800 0.298785 -0.098753
v 0.106832 0.219103 -0.104189
v 0.101863 0.139420 -0.109624
v 0.217736 0.104747 0.292766
v 0.222705 0.184429 0.298201
v 0.227674 0.264112 0.303637
v 0.232642 0.343795 0.309072
v 0.091853 0.364493 0.134339
v 0.086884 0.284810 0.128904
v 0.081915 0.205128 0.123468
v 0.076946 0.125445 0.118033
v -0.326091 0.142560 0.235567
v -0.321122 0.222243 0.241003
v -0.316153 0.301926 0.246438
v -0.311185 0.381608 0.251873
v -0.135787 0.380322 0.110396
v -0.140756 0.300639 0.104961
v -0.145725 0.220956 0.099525
v -0.150694 0.141273 0.094090
vn -0.0000 -1.0000 0.0091
vn -0.0000 1.0000 -0.0091
vn -0.0000 -0.0254 0.9997
vn -0.0000 -0.0099 1.0000
vn 0.9983 -0.0588 0.0005
vn 0.9990 -0.0457 0.0004
vn 0.9990 -0.0454 0.0004
vn 0.9995 -0.0325 0.0003
vn -0.0000 -0.0435 -0.9991
vn -0.0000 -0.0281 -0.9996
vn -0.9983 -0.0588 0.0005
vn -0.9990 -0.0457 0.0004
vn -0.9990 -0.0454 0.0004
vn -0.9995 -0.0325 0.0003
vn -0.0000 0.9988 0.0490
vn -1.0000 -0.0000 -0.0000
vn -0.0000 -0.9988 -0.0490
vn 0.9983 0.0587 0.0029
vn -0.9983 0.0587 0.0029
vn 1.0000 -0.0000 -0.0000
vn -0.0000 0.9997 0.0230
vn -0.0000 -0.9997 -0.0230
vn 0.9995 0.0325 0.0007
vn -0.9995 0.0325 0.0007
vn -0.0000 0.9977 -0.0671
vn -0.0000 -0.9977 0.0671
vn -0.9983 0.0587 -0.0039
vn 0.9983 0.0587 -0.0039
vn -0.0000 0.9992 -0.0412
vn -0.0000 -0.9992 0.0412
vn -0.9995 0.0325 -0.0013
vn 0.9995 0.0325 -0.0013
vn -0.0000 -0.9365 0.3506
vn -0.0000 0.9365 -0.3506
vn -0.0000 0.3506 0.9365
vn -0.0000 -0.3506 -0.9365
vn -0.5774 -0.7431 -0.3383
vn -0.5774 -0.3383 0.7431
vn 0.5774 -0.7431 -0.3383
vn 0.5774 -0.3383 0.7431
vn -0.5774 0.3383 -0.7431
vn -0.5774 0.7431 0.3383
vn 0.5774 0.3383 -0.7431
vn 0.5773 0.7431 0.3384
vn -0.0000 -0.9101 -0.4143
vn 0.7071 -0.6622 0.2479
vn -0.0000 -0.4143 0.9101
vn -0.0000 -0.4144 0.9101
vn -0.7071 -0.6623 0.2479
vn -0.7072 -0.6622 0.2479
vn -0.7071 0.6622 -0.2479
vn -0.0000 0.9101 0.4144
vn 0.7071 0.6622 -0.2479
vn -0.0000 0.4143 -0.9101
vn -0.7071 0.2479 0.6622
vn -0.7071 -0.2479 -0.6622
vn 0.7071 0.2479 0.6622
vn 0.7071 0.2479 0.6623
vn 0.7071 -0.2479 -0.6622
vn 0.3420 -0.9397 0.0085
vn -0.3420 0.9397 -0.0085
vn -0.0000 0.0091 1.0000
vn 0.9397 0.3420 -0.0031
vn -0.0000 -0.0091 -1.0000
vn -0.9397 -0.3420 0.0031
vn -0.3450 -0.7347 0.5841
vn 0.7400 -0.3398 0.5805
vn -0.3451 -0.7452 -0.5706
vn 0.7400 -0.3503 -0.5742
vn -0.7400 0.3503 0.5742
vn 0.3450 0.7453 0.5706
vn -0.7400 0.3398 -0.5804
vn 0.3451 0.7347 -0.5840
vn -0.4226 -0.9063 0.0082
vn 0.2418 -0.6709 -0.7010
vn 0.9063 -0.4226 0.0038
vn 0.2418 -0.6580 0.7131
vn -0.2418 0.6709 0.7010
vn -0.2419 0.6709 0.7010
vn 0.4226 0.9063 -0.0082
vn -0.2419 0.6580 -0.7131
vn -0.2418 0.6580 -0.7131
vn -0.9063 0.4226 -0.0038
vn 0.6645 0.2483 0.7049
vn -0.6645 -0.2354 0.7093
vn -0.6644 -0.2354 0.7093
vn 0.6645 0.2354 -0.7093
vn -0.6644 -0.2483 -0.7049
vn -0.6645 -0.2483 -0.7049
vn -0.0000 -0.9428 -0.3335
vn -0.0000 0.9428 0.3335
vn -0.0000 0.3335 -0.9428
vn -0.0000 -0.3335 0.9428
vn 0.5773 -0.7369 0.3518
vn 0.5773 -0.3518 -0.7368
vn -0.5773 -0.7369 0.3518
vn -0.5773 -0.3518 -0.7368
vn 0.5773 0.3518 0.7368
vn 0.5773 0.7368 -0.3518
vn -0.5773 0.3518 0.7368
vn -0.5773 0.7368 -0.3518
vn -0.0000 -0.9024 0.4309
vn -0.7071 -0.6667 -0.2358
vn -0.7071 -0.6666 -0.2358
vn -0.0000 -0.4309 -0.9024
vn -0.0000 -0.4308 -0.9024
vn 0.7071 -0.6666 -0.2358
vn 0.7071 -0.6667 -0.2358
vn 0.7070 0.6667 0.2358
vn 0.7071 0.6667 0.2358
vn -0.0000 0.9024 -0.4308
vn -0.7071 0.6667 0.2358
vn -0.0000 0.4309 0.9024
vn 0.7071 0.2358 -0.6666
vn 0.7071 -0.2358 0.6666
vn -0.7071 0.2358 -0.6666
vn -0.7071 -0.2358 0.6667
vn -0.7071 -0.2358 0.6666
vn -0.3420 -0.9397 0.0085
vn 0.3420 0.9397 -0.0085
vn -0.9397 0.3420 -0.0031
vn 0.9397 -0.3420 0.0031
vn 0.3451 -0.7452 -0.5706
vn -0.7400 -0.3503 -0.5742
vn 0.3452 -0.7347 0.5840
vn -0.7400 -0.3398 0.5805
vn 0.7400 0.3398 -0.5805
vn -0.3450 0.7347 -0.5841
vn 0.7400 0.3503 0.5742
vn -0.3450 0.7452 0.5706
vn 0.4227 -0.9062 0.0082
vn -0.2418 -0.6580 0.7131
vn -0.9063 -0.4226 0.0038
vn -0.2418 -0.6709 -0.7010
vn 0.2418 0.6580 -0.7131
vn -0.4226 0.9063 -0.0082
vn 0.2418 0.6709 0.7010
vn 0.9063 0.4226 -0.0038
vn -0.6645 0.2354 -0.7093
vn 0.6645 -0.2483 -0.7049
vn -0.6645 0.2483 0.7049
vn 0.6645 -0.2354 0.7093
vn 0.0041 -0.9987 -0.0502
vn -0.1001 -0.6597 0.7448
vn -0.0000 -0.6721 0.7405
vn 0.0120 -0.9986 -0.0508
vn -0.1933 -0.6233 0.7577
vn 0.0191 -0.9985 -0.0520
vn -0.2735 -0.5653 0.7782
vn 0.0247 -0.9983 -0.0536
vn -0.3349 -0.4897 0.8050
vn 0.0286 -0.9980 -0.0556
vn -0.3735 -0.4018 0.8361
vn 0.0304 -0.9979 -0.0577
vn -0.3867 -0.3075 0.8694
vn 0.0302 -0.9977 -0.0600
vn -0.3735 -0.2132 0.9028
vn 0.0279 -0.9977 -0.0621
vn -0.3349 -0.1252 0.9339
vn 0.0238 -0.9977 -0.0639
vn -0.2735 -0.0497 0.9606
vn 0.0182 -0.9977 -0.0654
vn -0.1934 0.0082 0.9811
vn 0.0114 -0.9977 -0.0665
vn -0.1001 0.0447 0.9940
vn 0.0039 -0.9977 -0.0670
vn -0.0000 0.0572 0.9984
vn -0.0039 -0.9977 -0.0670
vn 0.1001 0.0447 0.9940
vn -0.0114 -0.9977 -0.0665
vn 0.1934 0.0082 0.9811
vn -0.0182 -0.9977 -0.0654
vn 0.2735 -0.0497 0.9606
vn -0.0238 -0.9977 -0.0639
vn 0.3349 -0.1252 0.9339
vn -0.0279 -0.9977 -0.0621
vn 0.3735 -0.2132 0.9028
vn -0.0302 -0.9977 -0.0600
vn 0.3867 -0.3075 0.8694
vn -0.0304 -0.9979 -0.0577
vn 0.3736 -0.4018 0.8361
vn -0.0286 -0.9980 -0.0556
vn 0.3349 -0.4897 0.8050
vn -0.0247 -0.9983 -0.0536
vn 0.2735 -0.5653 0.7782
vn -0.0191 -0.9985 -0.0520
vn 0.1933 -0.6233 0.7577
vn -0.0120 -0.9986 -0.0508
vn 0.1001 -0.6597 0.7448
vn -0.0041 -0.9987 -0.0502
vn -0.0000 0.3334 -0.9428
vn -0.0001 0.3334 -0.9428
vn 0.0001 0.3334 -0.9428
vn -0.1001 -0.6597 0.7449
vn -0.2735 -0.5652 0.7783
vn -0.3349 -0.4898 0.8049
vn -0.3735 -0.4019 0.8360
vn 0.0304 -0.9979 -0.0578
vn -0.3736 -0.2132 0.9028
vn -0.3349 -0.1251 0.9339
vn -0.2735 -0.0495 0.9606
vn -0.1934 0.0083 0.9811
vn 0.2735 -0.0495 0.9606
vn 0.3349 -0.1251 0.9339
vn 0.3736 -0.2132 0.9028
vn -0.0304 -0.9979 -0.0578
vn 0.3735 -0.4019 0.8360
vn 0.3349 -0.4898 0.8049
vn 0.2735 -0.5652 0.7783
vn 0.1934 -0.6232 0.7578
vn 0.1001 -0.6596 0.7449
vn -0.0593 -0.9982 0.0050
vn 0.7389 -0.6654 0.1062
vn 0.7343 -0.6788 0.0062
vn -0.0599 -0.9982 -0.0030
vn 0.7520 -0.6283 0.1991
vn -0.0611 -0.9981 -0.0100
vn 0.7731 -0.5698 0.2787
vn -0.0627 -0.9979 -0.0156
vn 0.8005 -0.4939 0.3394
vn -0.0647 -0.9977 -0.0195
vn 0.8324 -0.4060 0.3773
vn -0.0668 -0.9975 -0.0214
vn 0.8666 -0.3118 0.3896
vn -0.0690 -0.9974 -0.0211
vn 0.9008 -0.2178 0.3756
vn -0.0711 -0.9973 -0.0189
vn 0.9327 -0.1305 0.3361
vn -0.0730 -0.9972 -0.0148
vn 0.9601 -0.0560 0.2740
vn -0.0745 -0.9972 -0.0091
vn 0.9811 0.0011 0.1934
vn -0.0756 -0.9971 -0.0023
vn 0.9943 0.0365 0.0998
vn -0.0761 -0.9971 0.0052
vn 0.9988 0.0482 -0.0004
vn -0.0761 -0.9970 0.0129
vn 0.9943 0.0347 -0.1004
vn -0.0756 -0.9969 0.0205
vn 0.9811 -0.0025 -0.1933
vn -0.0745 -0.9968 0.0273
vn 0.9601 -0.0609 -0.2729
vn -0.0730 -0.9968 0.0329
vn 0.9327 -0.1368 -0.3337
vn -0.0711 -0.9968 0.0370
vn 0.9008 -0.2246 -0.3715
vn -0.0690 -0.9968 0.0393
vn 0.8666 -0.3188 -0.3838
vn -0.0668 -0.9970 0.0395
vn 0.8324 -0.4128 -0.3698
vn -0.0647 -0.9972 0.0376
vn 0.8005 -0.5001 -0.3304
vn -0.0627 -0.9975 0.0338
vn 0.7731 -0.5748 -0.2682
vn -0.0611 -0.9977 0.0281
vn 0.7520 -0.6318 -0.1876
vn -0.0599 -0.9980 0.0211
vn 0.7389 -0.6672 -0.0940
vn -0.0593 -0.9982 0.0132
vn 0.0593 -0.9982 0.0132
vn -0.7388 -0.6673 -0.0940
vn -0.7344 -0.6787 0.0062
vn 0.0599 -0.9980 0.0211
vn -0.7520 -0.6319 -0.1876
vn 0.0611 -0.9977 0.0281
vn -0.7731 -0.5748 -0.2682
vn 0.0627 -0.9975 0.0338
vn -0.8005 -0.5001 -0.3303
vn 0.0647 -0.9972 0.0376
vn -0.8323 -0.4128 -0.3698
vn 0.0668 -0.9970 0.0395
vn -0.8666 -0.3190 -0.3839
vn 0.0690 -0.9968 0.0393
vn -0.9008 -0.2246 -0.3715
vn 0.0711 -0.9968 0.0370
vn -0.9327 -0.1366 -0.3337
vn 0.0730 -0.9968 0.0329
vn -0.9601 -0.0608 -0.2729
vn 0.0745 -0.9968 0.0273
vn -0.9811 -0.0025 -0.1934
vn 0.0756 -0.9969 0.0205
vn -0.9943 0.0348 -0.1004
vn 0.0761 -0.9970 0.0130
vn -0.9988 0.0480 -0.0004
vn 0.0761 -0.9971 0.0052
vn -0.9943 0.0366 0.0998
vn 0.0756 -0.9971 -0.0023
vn -0.9811 0.0011 0.1934
vn 0.0745 -0.9972 -0.0091
vn -0.9601 -0.0558 0.2740
vn 0.0730 -0.9972 -0.0148
vn -0.9327 -0.1305 0.3361
vn 0.0711 -0.9973 -0.0189
vn -0.9009 -0.2178 0.3755
vn 0.0690 -0.9974 -0.0211
vn -0.8666 -0.3119 0.3896
vn 0.0668 -0.9975 -0.0214
vn -0.8323 -0.4060 0.3773
vn 0.0647 -0.9977 -0.0195
vn -0.8005 -0.4940 0.3394
vn 0.0627 -0.9979 -0.0156
vn -0.7731 -0.5699 0.2786
vn 0.0611 -0.9981 -0.0100
vn -0.7520 -0.6284 0.1991
vn 0.0599 -0.9982 -0.0029
vn -0.7388 -0.6655 0.1062
vn 0.0593 -0.9982 0.0050
vn 0.9397 0.3420 -0.0032
vn -0.7388 -0.6673 -0.0941
vn -0.7521 -0.6318 -0.1876
vn -0.7730 -0.5749 -0.2682
vn -0.8005 -0.5000 -0.3304
vn -0.8324 -0.4127 -0.3698
vn -0.8666 -0.3189 -0.3838
vn -0.9327 -0.1368 -0.3337
vn -0.9601 -0.0609 -0.2729
vn -0.9943 0.0347 -0.1004
vn 0.0761 -0.9970 0.0129
vn -0.9988 0.0482 -0.0004
vn -0.9943 0.0365 0.0998
vn -0.9601 -0.0559 0.2740
vn -0.9327 -0.1307 0.3361
vn -0.9008 -0.2178 0.3756
vn -0.8324 -0.4059 0.3773
vn -0.8005 -0.4939 0.3394
vn -0.7730 -0.5699 0.2786
vn -0.7521 -0.6283 0.1991
vn 0.0599 -0.9982 -0.0030
vn -0.0041 -0.9977 0.0684
vn 0.1001 -0.6730 -0.7328
vn -0.0000 -0.6855 -0.7281
vn -0.0120 -0.9975 0.0690
vn 0.1934 -0.6369 -0.7463
vn -0.0191 -0.9974 0.0701
vn 0.2734 -0.5794 -0.7678
vn -0.0247 -0.9971 0.0718
vn 0.3349 -0.5044 -0.7959
vn -0.0286 -0.9969 0.0737
vn 0.3736 -0.4170 -0.8286
vn -0.0304 -0.9967 0.0759
vn 0.3867 -0.3232 -0.8637
vn -0.0302 -0.9965 0.0781
vn 0.3736 -0.2295 -0.8988
vn -0.0279 -0.9964 0.0802
vn 0.3349 -0.1420 -0.9315
vn -0.0238 -0.9963 0.0821
vn 0.2735 -0.0670 -0.9595
vn -0.0182 -0.9963 0.0836
vn 0.1934 -0.0095 -0.9811
vn -0.0114 -0.9963 0.0846
vn 0.1001 0.0266 -0.9946
vn -0.0039 -0.9964 0.0852
vn -0.0000 0.0391 -0.9992
vn 0.0039 -0.9964 0.0852
vn -0.1001 0.0266 -0.9946
vn 0.0114 -0.9963 0.0846
vn -0.1934 -0.0096 -0.9811
vn 0.0182 -0.9963 0.0836
vn -0.2735 -0.0670 -0.9595
vn 0.0238 -0.9963 0.0821
vn -0.3349 -0.1420 -0.9315
vn 0.0279 -0.9964 0.0802
vn -0.3736 -0.2294 -0.8988
vn 0.0302 -0.9965 0.0781
vn -0.3867 -0.3232 -0.8637
vn 0.0304 -0.9967 0.0759
vn -0.3736 -0.4170 -0.8286
vn 0.0286 -0.9969 0.0737
vn -0.3349 -0.5044 -0.7959
vn 0.0247 -0.9971 0.0718
vn -0.2734 -0.5794 -0.7678
vn 0.0191 -0.9974 0.0701
vn -0.1934 -0.6369 -0.7463
vn 0.0120 -0.9975 0.0690
vn -0.1001 -0.6730 -0.7328
vn 0.0041 -0.9977 0.0684
vn -0.0000 0.3505 0.9365
vn 0.1001 -0.6731 -0.7327
vn 0.1933 -0.6369 -0.7463
vn 0.3349 -0.5042 -0.7960
vn 0.3736 -0.4169 -0.8286
vn 0.3867 -0.3233 -0.8637
vn 0.3735 -0.2295 -0.8988
vn 0.3349 -0.1422 -0.9315
vn 0.2735 -0.0671 -0.9595
vn 0.1934 -0.0096 -0.9811
vn 0.1001 0.0267 -0.9946
vn -0.0000 0.0389 -0.9992
vn -0.1001 0.0267 -0.9946
vn -0.2735 -0.0671 -0.9595
vn -0.3349 -0.1422 -0.9315
vn -0.3735 -0.2295 -0.8988
vn -0.3736 -0.4169 -0.8286
vn -0.3349 -0.5042 -0.7960
vn -0.1933 -0.6369 -0.7463
vn -0.1001 -0.6731 -0.7327
vn -0.0000 0.3505 0.9366
vn 0.7388 -0.6655 0.1062
vn 0.7730 -0.5699 0.2787
vn 0.8004 -0.4941 0.3394
vn 0.8666 -0.3119 0.3896
vn 0.9008 -0.2179 0.3755
vn 0.9601 -0.0559 0.2740
vn 0.9988 0.0481 -0.0004
vn 0.9811 -0.0025 -0.1934
vn 0.9327 -0.1367 -0.3337
vn 0.9008 -0.2247 -0.3715
vn 0.8666 -0.3189 -0.3838
vn 0.8323 -0.4128 -0.3698
vn 0.8004 -0.5002 -0.3304
vn 0.7730 -0.5749 -0.2683
vn 0.7520 -0.6319 -0.1877
vn 0.7388 -0.6673 -0.0941
vn -0.9659 0.0024 0.2588
vn -0.5446 -0.0076 -0.8386
vn -0.5447 -0.0076 -0.8386
vn 0.6293 -0.0071 -0.7771
vn 0.9336 0.0033 0.3584
vn -0.0524 0.0091 0.9986
vn 0.9336 0.0033 0.3583
vn -0.0523 0.0091 0.9986
vn -0.0000 0.9366 -0.3505
vn 0.4647 0.8293 -0.3104
vn 0.8230 0.5320 -0.1991
vn 0.9927 0.1129 -0.0423
vn 0.9350 -0.3321 0.1243
vn 0.6631 -0.7010 0.2624
vn 0.2393 -0.9093 0.3404
vn -0.2393 -0.9093 0.3404
vn -0.6631 -0.7010 0.2624
vn -0.9350 -0.3321 0.1243
vn -0.9927 0.1129 -0.0422
vn -0.9927 0.1129 -0.0423
vn -0.8230 0.5320 -0.1991
vn -0.8230 0.5320 -0.1992
vn -0.4647 0.8293 -0.3104
vn -0.0000 -0.3505 -0.9365
vn -0.0000 -0.3505 -0.9366
vn -0.0000 -0.3494 -0.9370
vn 0.0002 -0.3501 -0.9367
vn -0.0005 -0.3511 -0.9363
vn -0.0005 -0.3506 -0.9365
vn -0.0005 -0.3504 -0.9366
vn 0.0002 -0.3505 -0.9366
vn 0.0002 -0.3515 -0.9362
vn -0.0004 -0.3514 -0.9362
vn -0.0004 -0.3515 -0.9362
vn 0.0005 -0.3505 -0.9366
vn 0.0005 -0.3504 -0.9366
vn 0.0010 -0.3511 -0.9363
vn -0.0002 -0.3501 -0.9367
vn -0.0000 0.9365 -0.3507
vn 0.6631 -0.7010 0.2625
vn 0.2393 -0.9093 0.3403
vn -0.2393 -0.9094 0.3403
vn -0.6631 -0.7010 0.2625
vn -0.4647 -0.8293 0.3104
vn -0.0000 -0.9366 0.3505
vn 0.4647 -0.8293 0.3104
vn 0.8230 -0.5320 0.1991
vn 0.9927 -0.1129 0.0422
vn 0.9350 0.3321 -0.1243
vn 0.6631 0.7010 -0.2624
vn 0.2393 0.9093 -0.3403
vn -0.2393 0.9093 -0.3403
vn -0.6631 0.7010 -0.2624
vn -0.9350 0.3321 -0.1243
vn -0.9927 -0.1129 0.0422
vn -0.9927 -0.1129 0.0423
vn -0.8230 -0.5320 0.1991
vn -0.0000 0.4144 -0.9101
vn 0.3286 0.3385 -0.8817
vn 0.5819 0.1283 -0.8030
vn 0.7019 -0.1681 -0.6921
vn 0.6611 -0.4827 -0.5743
vn 0.6612 -0.4827 -0.5743
vn 0.4689 -0.7436 -0.4767
vn 0.1692 -0.8909 -0.4216
vn -0.1692 -0.8909 -0.4216
vn -0.4689 -0.7436 -0.4767
vn -0.6612 -0.4827 -0.5743
vn -0.7019 -0.1681 -0.6921
vn -0.5819 0.1283 -0.8031
vn -0.5819 0.1283 -0.8030
vn -0.3286 0.3385 -0.8817
vn -0.3286 -0.8342 -0.4428
vn 0.3286 -0.8342 -0.4428
vn 0.5819 -0.6241 -0.5215
vn 0.7020 -0.3277 -0.6324
vn 0.6612 -0.0130 -0.7501
vn 0.6612 -0.0131 -0.7501
vn 0.4689 0.2478 -0.8478
vn 0.1692 0.3951 -0.9029
vn -0.1692 0.3951 -0.9029
vn -0.4689 0.2478 -0.8478
vn -0.6612 -0.0130 -0.7501
vn -0.7020 -0.3277 -0.6323
vn -0.7020 -0.3277 -0.6324
vn -0.5819 -0.6240 -0.5215
vn -0.5819 -0.6241 -0.5215
vn 0.4647 0.8292 -0.3105
vn 0.9927 0.1129 -0.0422
vn 0.2393 -0.9094 0.3403
vn -0.4647 0.8292 -0.3105
vn -0.0001 -0.3506 -0.9365
vn 0.0001 -0.3506 -0.9365
vn -0.0002 -0.3500 -0.9368
vn -0.0007 -0.3511 -0.9364
vn 0.0014 -0.3498 -0.9368
vn 0.0007 -0.3504 -0.9366
vn 0.0014 -0.3513 -0.9363
vn 0.0014 -0.3516 -0.9361
vn 0.0001 -0.3497 -0.9369
vn 0.0002 -0.3498 -0.9368
vn -0.0011 -0.3516 -0.9362
vn -0.0021 -0.3513 -0.9363
vn -0.0007 -0.3504 -0.9366
vn -0.0007 -0.3499 -0.9368
vn 0.0002 -0.3510 -0.9364
vn 0.4647 0.8292 -0.3107
vn -0.0000 0.9364 -0.3508
vn 0.8230 0.5320 -0.1992
vn 0.2393 -0.9094 0.3401
vn -0.2393 -0.9094 0.3401
vn -0.4647 0.8292 -0.3106
vn -0.4648 -0.8292 0.3104
vn 0.8230 -0.5320 0.1990
vn 0.8230 -0.5321 0.1990
vn 0.9927 -0.1129 0.0423
vn 0.9927 -0.1128 0.0423
vn 0.2393 0.9093 -0.3404
vn -0.2393 0.9093 -0.3404
vn -0.9927 -0.1128 0.0423
vn -0.8230 -0.5320 0.1990
vn -0.8230 -0.5321 0.1990
vn 0.5820 0.1283 -0.8030
vn 0.7020 -0.1681 -0.6921
vn 0.6611 -0.4827 -0.5744
vn 0.1692 -0.8909 -0.4215
vn 0.1693 -0.8909 -0.4215
vn -0.1693 -0.8909 -0.4215
vn -0.1692 -0.8909 -0.4215
vn -0.6610 -0.4827 -0.5745
vn -0.7020 -0.1681 -0.6921
vn 0.3285 -0.8342 -0.4428
vn 0.3285 -0.8343 -0.4428
vn 0.5820 -0.6241 -0.5214
vn 0.7020 -0.3277 -0.6323
vn 0.6611 -0.0130 -0.7501
vn 0.1692 0.3952 -0.9029
vn -0.1692 0.3952 -0.9029
vn -0.6612 -0.0131 -0.7501
vn -0.6611 -0.0130 -0.7501
vn -0.7019 -0.3277 -0.6324
vn -0.5819 -0.6241 -0.5214
vn -0.0000 0.9428 0.3334
vn -0.4647 0.8348 0.2953
vn -0.8230 0.5356 0.1894
vn -0.8230 0.5356 0.1895
vn -0.9927 0.1136 0.0402
vn -0.9350 -0.3343 -0.1182
vn -0.6631 -0.7057 -0.2496
vn -0.2393 -0.9154 -0.3238
vn -0.2393 -0.9154 -0.3237
vn 0.2393 -0.9154 -0.3238
vn 0.2393 -0.9154 -0.3237
vn 0.6631 -0.7057 -0.2496
vn 0.9350 -0.3343 -0.1182
vn 0.9927 0.1136 0.0402
vn 0.8230 0.5356 0.1894
vn 0.8230 0.5356 0.1895
vn 0.4647 0.8348 0.2953
vn 0.4647 0.8348 0.2952
vn -0.0000 -0.3334 0.9428
vn -0.0000 -0.3329 0.9430
vn 0.0004 -0.3338 0.9427
vn -0.0000 -0.3335 0.9427
vn 0.0014 -0.3336 0.9427
vn 0.0005 -0.3330 0.9429
vn -0.0001 -0.3336 0.9427
vn -0.0002 -0.3330 0.9429
vn -0.0005 -0.3334 0.9428
vn -0.0014 -0.3336 0.9427
vn -0.0002 -0.3336 0.9427
vn -0.0001 -0.3337 0.9427
vn -0.4647 0.8348 0.2952
vn -0.0000 0.9427 0.3336
vn -0.8230 0.5355 0.1895
vn -0.9927 0.1137 0.0402
vn 0.8230 0.5355 0.1896
vn 0.4647 -0.8348 -0.2952
vn -0.0000 -0.9428 -0.3334
vn -0.4647 -0.8348 -0.2952
vn -0.8230 -0.5356 -0.1894
vn -0.9927 -0.1136 -0.0402
vn -0.9350 0.3343 0.1183
vn -0.6631 0.7057 0.2496
vn -0.2393 0.9154 0.3237
vn 0.2393 0.9154 0.3237
vn 0.6631 0.7057 0.2496
vn 0.9350 0.3343 0.1183
vn 0.9927 -0.1136 -0.0402
vn 0.8230 -0.5356 -0.1894
vn -0.0000 0.4308 0.9024
vn -0.3286 0.3545 0.8754
vn -0.5819 0.1429 0.8006
vn -0.7020 -0.1554 0.6950
vn -0.6612 -0.4722 0.5830
vn -0.4689 -0.7348 0.4901
vn -0.1692 -0.8831 0.4376
vn 0.1692 -0.8831 0.4376
vn 0.4689 -0.7348 0.4901
vn 0.6612 -0.4722 0.5830
vn 0.7020 -0.1554 0.6950
vn 0.5819 0.1429 0.8006
vn 0.3286 0.3545 0.8754
vn 0.3286 -0.8260 0.4579
vn -0.0000 -0.9025 0.4307
vn -0.3286 -0.8261 0.4579
vn -0.5819 -0.6145 0.5327
vn -0.7019 -0.3161 0.6383
vn -0.7019 -0.3162 0.6382
vn -0.6612 0.0006 0.7502
vn -0.4689 0.2632 0.8431
vn -0.1692 0.4115 0.8956
vn 0.1692 0.4115 0.8956
vn 0.4689 0.2632 0.8431
vn 0.6612 0.0006 0.7502
vn 0.7019 -0.3161 0.6383
vn 0.7019 -0.3162 0.6382
vn 0.5819 -0.6145 0.5327
vn 0.9397 0.3421 -0.0031
vn -0.3028 0.8278 -0.4723
vn -0.3030 0.8277 -0.4722
vn -0.3421 0.9396 -0.0085
vn -0.1943 0.5263 -0.8278
vn -0.0412 0.1042 -0.9937
vn 0.1213 -0.3417 -0.9319
vn 0.2560 -0.7094 -0.6567
vn 0.3321 -0.9145 -0.2310
vn 0.3319 -0.9146 -0.2310
vn 0.3321 -0.9102 0.2476
vn 0.3319 -0.9102 0.2476
vn 0.2560 -0.6973 0.6695
vn 0.1213 -0.3247 0.9380
vn -0.0412 0.1223 0.9916
vn -0.1943 0.5413 0.8181
vn -0.3028 0.8363 0.4571
vn -0.3029 0.8362 0.4571
vn -0.9397 -0.3421 0.0032
vn -0.9397 -0.3420 0.0032
vn -0.9397 -0.3421 0.0030
vn -0.9396 -0.3423 0.0030
vn -0.9396 -0.3422 0.0035
vn -0.9399 -0.3416 0.0022
vn -0.9397 -0.3420 0.0024
vn -0.9394 -0.3427 0.0013
vn -0.9394 -0.3428 0.0013
vn -0.9395 -0.3425 0.0024
vn -0.9396 -0.3421 0.0029
vn -0.9396 -0.3422 0.0031
vn -0.9392 -0.3432 0.0045
vn -0.9393 -0.3429 0.0060
vn -0.9398 -0.3418 0.0038
vn -0.9401 -0.3410 0.0045
vn -0.9396 -0.3422 0.0030
vn -0.3032 0.8277 -0.4723
vn -0.3423 0.9396 -0.0085
vn -0.1942 0.5263 -0.8278
vn -0.0412 0.1043 -0.9937
vn 0.2559 -0.7094 -0.6567
vn 0.3317 -0.9146 -0.2310
vn 0.3317 -0.9103 0.2476
vn 0.2561 -0.6973 0.6695
vn -0.0412 0.1224 0.9916
vn -0.1944 0.5413 0.8181
vn -0.3031 0.8362 0.4572
vn 0.3030 -0.8277 0.4723
vn 0.3419 -0.9397 0.0085
vn 0.3027 -0.8363 -0.4572
vn 0.3028 -0.8363 -0.4572
vn 0.1941 -0.5413 -0.8181
vn 0.0413 -0.1223 -0.9916
vn 0.0412 -0.1222 -0.9916
vn -0.1213 0.3247 -0.9380
vn -0.2560 0.6973 -0.6695
vn -0.3322 0.9101 -0.2476
vn -0.3320 0.9145 0.2310
vn -0.2560 0.7094 0.6567
vn -0.1213 0.3417 0.9320
vn -0.1212 0.3417 0.9320
vn 0.0413 -0.1043 0.9937
vn 0.0412 -0.1042 0.9937
vn 0.1942 -0.5263 0.8278
vn 0.1942 -0.5264 0.8278
vn -0.8785 0.3436 -0.3318
vn -0.8786 0.3436 -0.3318
vn -0.8018 0.1303 -0.5832
vn -0.8018 0.1304 -0.5832
vn -0.6936 -0.1681 -0.7004
vn -0.5788 -0.4835 -0.6567
vn -0.5788 -0.4834 -0.6567
vn -0.4834 -0.7435 -0.4622
vn -0.4294 -0.8886 -0.1612
vn -0.4295 -0.8855 0.1773
vn -0.4834 -0.7349 0.4756
vn -0.5789 -0.4714 0.6653
vn -0.5789 -0.4714 0.6654
vn -0.6936 -0.1554 0.7034
vn -0.8018 0.1409 0.5807
vn -0.8786 0.3495 0.3255
vn -0.4504 -0.8271 0.3361
vn -0.4225 -0.9063 0.0082
vn -0.4504 -0.8331 -0.3210
vn -0.5271 -0.6246 -0.5763
vn -0.6353 -0.3283 -0.6990
vn -0.7502 -0.0122 -0.6611
vn -0.8455 0.2513 -0.4712
vn -0.8455 0.2512 -0.4712
vn -0.8993 0.4018 -0.1729
vn -0.8993 0.4049 0.1655
vn -0.8455 0.2598 0.4665
vn -0.7502 -0.0002 0.6612
vn -0.6353 -0.3155 0.7048
vn -0.5271 -0.6140 0.5875
vn -0.5271 -0.6140 0.5876
vn 0.3420 0.9396 -0.0086
vn 0.3028 0.8363 0.4571
vn 0.1943 0.5413 0.8181
vn 0.0412 0.1223 0.9916
vn -0.1213 -0.3247 0.9380
vn -0.2560 -0.6973 0.6695
vn -0.2559 -0.6973 0.6695
vn -0.3320 -0.9102 0.2476
vn -0.3321 -0.9145 -0.2310
vn -0.2560 -0.7094 -0.6567
vn -0.1213 -0.3417 -0.9319
vn -0.1213 -0.3417 -0.9320
vn 0.0412 0.1042 -0.9937
vn 0.1943 0.5263 -0.8278
vn 0.1942 0.5263 -0.8278
vn 0.3028 0.8278 -0.4723
vn 0.3029 0.8278 -0.4722
vn 0.9397 -0.3421 0.0031
vn 0.9398 -0.3416 0.0031
vn 0.9399 -0.3413 0.0035
vn 0.9397 -0.3420 0.0038
vn 0.9401 -0.3408 0.0008
vn 0.9398 -0.3418 0.0028
vn 0.9386 -0.3451 0.0038
vn 0.9392 -0.3433 0.0025
vn 0.9397 -0.3420 0.0029
vn 0.9398 -0.3417 0.0043
vn 0.9397 -0.3421 0.0017
vn 0.9395 -0.3424 0.0036
vn 0.9400 -0.3411 0.0030
vn 0.3027 0.8363 0.4571
vn 0.3419 0.9397 -0.0085
vn 0.1944 0.5413 0.8181
vn -0.1215 -0.3247 0.9380
vn -0.2558 -0.6973 0.6695
vn -0.3320 -0.9145 -0.2310
vn -0.2561 -0.7093 -0.6567
vn -0.1214 -0.3417 -0.9319
vn 0.0412 0.1043 -0.9937
vn -0.3028 -0.8363 -0.4571
vn -0.3421 -0.9396 0.0086
vn -0.3027 -0.8363 -0.4571
vn -0.3029 -0.8278 0.4723
vn -0.1943 -0.5263 0.8278
vn -0.0412 -0.1042 0.9937
vn 0.1214 0.3416 0.9320
vn 0.1214 0.3417 0.9319
vn 0.2562 0.7093 0.6567
vn 0.2563 0.7093 0.6567
vn 0.3320 0.9145 0.2310
vn 0.3320 0.9102 -0.2476
vn 0.2563 0.6972 -0.6695
vn 0.1214 0.3246 -0.9380
vn 0.1214 0.3247 -0.9380
vn -0.0413 -0.1223 -0.9916
vn -0.1944 -0.5412 -0.8181
vn 0.8786 0.3494 0.3254
vn 0.8018 0.1409 0.5807
vn 0.6936 -0.1554 0.7034
vn 0.5787 -0.4714 0.6655
vn 0.4834 -0.7349 0.4756
vn 0.4835 -0.7349 0.4756
vn 0.4298 -0.8854 0.1772
vn 0.4298 -0.8853 0.1772
vn 0.4298 -0.8884 -0.1611
vn 0.4835 -0.7434 -0.4621
vn 0.5787 -0.4834 -0.6568
vn 0.5787 -0.4835 -0.6568
vn 0.6936 -0.1681 -0.7005
vn 0.8019 0.1303 -0.5831
vn 0.8786 0.3435 -0.3317
vn 0.8786 0.3435 -0.3318
vn 0.4503 -0.8332 -0.3211
vn 0.4503 -0.8332 -0.3210
vn 0.4225 -0.9063 0.0082
vn 0.4502 -0.8272 0.3362
vn 0.5272 -0.6140 0.5875
vn 0.6353 -0.3155 0.7049
vn 0.7502 -0.0002 0.6612
vn 0.8454 0.2598 0.4666
vn 0.8993 0.4048 0.1656
vn 0.8993 0.4017 -0.1729
vn 0.8455 0.2512 -0.4712
vn 0.7502 -0.0122 -0.6611
vn 0.6353 -0.3283 -0.6990
vn 0.5271 -0.6246 -0.5763
vn 0.3029 0.8362 0.4571
vn -0.3321 -0.9102 0.2476
vn -0.3320 -0.9146 -0.2310
vn 0.3029 0.8278 -0.4723
vn 0.9391 -0.3436 0.0031
vn 0.9399 -0.3414 0.0033
vn 0.9395 -0.3426 0.0023
vn 0.9398 -0.3418 0.0029
vn 0.9396 -0.3422 0.0035
vn 0.9394 -0.3429 0.0039
vn 0.9398 -0.3416 0.0032
vn 0.9396 -0.3424 0.0032
vn 0.9395 -0.3425 0.0025
vn 0.9396 -0.3422 0.0025
vn 0.9397 -0.3419 0.0034
vn 0.9397 -0.3419 0.0033
vn 0.9394 -0.3427 0.0042
vn 0.9399 -0.3414 0.0029
vn -0.3319 -0.9146 -0.2310
vn -0.2561 -0.7094 -0.6567
vn -0.1212 -0.3417 -0.9320
vn 0.3030 0.8277 -0.4723
vn -0.3419 -0.9397 0.0086
vn -0.3030 -0.8278 0.4723
vn -0.3030 -0.8277 0.4723
vn -0.1944 -0.5263 0.8278
vn 0.1213 0.3417 0.9319
vn 0.2560 0.7094 0.6567
vn 0.3321 0.9145 0.2310
vn 0.3321 0.9102 -0.2476
vn 0.2562 0.6972 -0.6695
vn 0.2562 0.6973 -0.6695
vn 0.1212 0.3247 -0.9380
vn 0.1213 0.3247 -0.9380
vn -0.0412 -0.1223 -0.9916
vn 0.8786 0.3495 0.3255
vn 0.8786 0.3495 0.3254
vn 0.8019 0.1409 0.5807
vn 0.4835 -0.7349 0.4755
vn 0.4297 -0.8854 0.1773
vn 0.4295 -0.8886 -0.1612
vn 0.4836 -0.7434 -0.4621
vn 0.6936 -0.1681 -0.7004
vn 0.8018 0.1303 -0.5831
vn 0.8018 0.1303 -0.5832
vn 0.4502 -0.8332 -0.3211
vn 0.4227 -0.9063 0.0082
vn 0.4503 -0.8272 0.3362
vn 0.5271 -0.6140 0.5875
vn 0.6353 -0.3155 0.7048
vn 0.8455 0.2598 0.4666
vn 0.8993 0.4048 0.1655
vn 0.5272 -0.6245 -0.5762
vn 0.5271 -0.6246 -0.5762
vn -0.3029 0.8278 -0.4723
vn -0.3420 0.9396 -0.0086
vn 0.2559 -0.6973 0.6695
vn -0.9394 -0.3428 0.0032
vn -0.9404 -0.3401 0.0023
vn -0.9395 -0.3424 0.0037
vn -0.9396 -0.3424 0.0037
vn -0.9396 -0.3422 0.0023
vn -0.9394 -0.3429 0.0024
vn -0.9390 -0.3439 0.0028
vn -0.9394 -0.3427 0.0032
vn -0.9396 -0.3422 0.0037
vn -0.9397 -0.3420 0.0029
vn -0.9397 -0.3421 0.0031
vn -0.9404 -0.3401 0.0039
vn 0.3320 -0.9145 -0.2310
vn 0.3320 -0.9102 0.2476
vn -0.0412 0.1222 0.9916
vn -0.3028 0.8362 0.4572
vn 0.3031 -0.8277 0.4723
vn 0.3420 -0.9397 0.0086
vn 0.3027 -0.8363 -0.4571
vn 0.1944 -0.5413 -0.8181
vn 0.1944 -0.5412 -0.8181
vn 0.0412 -0.1223 -0.9916
vn -0.2561 0.6973 -0.6695
vn -0.3320 0.9102 -0.2476
vn -0.3319 0.9146 0.2310
vn -0.3320 0.9146 0.2310
vn -0.2559 0.7094 0.6567
vn -0.1213 0.3417 0.9319
vn 0.0413 -0.1042 0.9937
vn 0.1943 -0.5263 0.8278
vn -0.8786 0.3435 -0.3318
vn -0.8018 0.1303 -0.5831
vn -0.5787 -0.4835 -0.6568
vn -0.4835 -0.7434 -0.4621
vn -0.4297 -0.8885 -0.1611
vn -0.4297 -0.8854 0.1773
vn -0.4835 -0.7349 0.4756
vn -0.5787 -0.4714 0.6655
vn -0.4503 -0.8272 0.3362
vn -0.4503 -0.8272 0.3361
vn -0.4227 -0.9062 0.0083
vn -0.4501 -0.8332 -0.3211
vn -0.8993 0.4017 -0.1729
vn -0.8993 0.4048 0.1655
vn -0.8455 0.2597 0.4666
vn -0.6353 -0.3156 0.7049
vn -0.6353 -0.3155 0.7049
vn -0.9350 -0.3343 -0.1183
vn 0.9350 -0.3343 -0.1183
vn -0.0001 -0.3335 0.9428
vn -0.0000 -0.3325 0.9431
vn -0.0002 -0.3328 0.9430
vn -0.0000 -0.3339 0.9426
vn -0.0007 -0.3333 0.9428
vn 0.0007 -0.3332 0.9429
vn 0.0004 -0.3330 0.9429
vn -0.0005 -0.3359 0.9419
vn 0.0005 -0.3352 0.9421
vn -0.0004 -0.3335 0.9428
vn -0.0004 -0.3335 0.9427
vn -0.0014 -0.3331 0.9429
vn 0.0014 -0.3334 0.9428
vn -0.0000 -0.3336 0.9427
vn 0.0002 -0.3328 0.9430
vn -0.8230 0.5355 0.1894
vn -0.9350 -0.3343 -0.1184
vn 0.9927 0.1137 0.0402
vn 0.8230 0.5355 0.1894
vn 0.4647 -0.8348 -0.2953
vn -0.4647 -0.8348 -0.2953
vn -0.8230 -0.5355 -0.1896
vn -0.9350 0.3342 0.1183
vn -0.9350 0.3343 0.1184
vn -0.6631 0.7056 0.2498
vn -0.2393 0.9154 0.3238
vn 0.2393 0.9154 0.3238
vn 0.6632 0.7056 0.2498
vn 0.6631 0.7056 0.2498
vn 0.9350 0.3342 0.1183
vn 0.9350 0.3343 0.1184
vn 0.8230 -0.5355 -0.1894
vn -0.7020 -0.1554 0.6951
vn -0.7019 -0.1554 0.6951
vn -0.6611 -0.4722 0.5830
vn -0.1692 -0.8830 0.4379
vn 0.1692 -0.8830 0.4379
vn 0.7019 -0.1554 0.6951
vn 0.3286 -0.8261 0.4578
vn -0.0000 -0.9025 0.4308
vn -0.3287 -0.8261 0.4578
vn -0.3286 -0.8261 0.4578
vn -0.7019 -0.3161 0.6382
vn -0.6611 0.0006 0.7503
vn 0.6611 0.0006 0.7503
vn 0.6612 0.0006 0.7503
vn 0.7019 -0.3161 0.6382
vn -0.6248 0.0918 -0.7754
vn 0.7783 -0.0057 -0.6278
vn -0.6248 0.0919 -0.7754
vn 0.0621 0.9958 0.0679
vn 0.6248 -0.0918 0.7754
vn -0.7783 0.0057 0.6278
vn 0.6248 -0.0919 0.7754
vn -0.0621 -0.9958 -0.0679
vn -0.7784 0.0057 0.6278
vn 0.6247 -0.0919 0.7754
vn 0.0001 1.0000 -0.0091
vt 0.642971 0.680169
vt 0.632499 0.707775
vt 0.632499 0.680169
vt 0.642971 0.707775
vt 0.632499 0.735381
vt 0.653443 0.680169
vt 0.653443 0.707775
vt 0.642971 0.735381
vt 0.663914 0.680169
vt 0.663914 0.707775
vt 0.653443 0.735381
vt 0.721941 0.210769
vt 0.692130 0.132178
vt 0.721941 0.132178
vt 0.721941 0.289360
vt 0.692130 0.210769
vt 0.662318 0.132179
vt 0.692130 0.289360
vt 0.662318 0.210769
vt 0.632507 0.132179
vt 0.662318 0.289360
vt 0.632507 0.210770
vt 0.936312 0.680124
vt 0.934183 0.289360
vt 0.966629 0.289360
vt 0.932467 0.680157
vt 0.934184 0.289394
vt 0.934184 0.680159
vt 0.820470 0.679419
vt 0.785754 0.289360
vt 0.836828 0.289360
vt 0.751639 0.679446
vt 0.785754 0.289439
vt 0.785754 0.679498
vt 0.374907 0.836610
vt 0.370656 0.417710
vt 0.393588 0.417710
vt 0.353965 0.836610
vt 0.364436 0.836610
vt 0.343494 0.836610
vt 0.347724 0.417710
vt 0.373936 -0.000000
vt 0.403746 -0.000000
vt 0.324792 0.417710
vt 0.344126 0.000000
vt 0.838546 0.680472
vt 0.836828 0.289361
vt 0.869283 0.289360
vt 0.900016 0.680472
vt 0.901738 0.289360
vt 0.901733 0.680472
vt 0.717721 0.680168
vt 0.683589 0.289360
vt 0.734679 0.289360
vt 0.649464 0.680168
vt 0.683589 0.289361
vt 0.683589 0.680169
vt 0.463897 0.836711
vt 0.459607 0.417815
vt 0.482533 0.417815
vt 0.442959 0.836711
vt 0.453428 0.836711
vt 0.432491 0.836711
vt 0.436680 0.417815
vt 0.463351 -0.000000
vt 0.493154 -0.000000
vt 0.413754 0.417815
vt 0.433549 -0.000000
vt 0.106199 0.835725
vt 0.092045 0.822274
vt 0.093763 0.822274
vt 0.078598 0.417710
vt 0.078593 0.835725
vt 0.124505 0.431162
vt 0.092050 0.431162
vt 0.139056 0.417711
vt 0.050987 0.835725
vt 0.065141 0.822274
vt 0.032691 0.431162
vt 0.063424 0.822274
vt 0.018140 0.417711
vt 0.065146 0.431162
vt 0.264430 0.834553
vt 0.250266 0.821114
vt 0.251983 0.821114
vt 0.236832 0.834553
vt 0.249855 0.430350
vt 0.236393 0.416910
vt 0.282300 0.430350
vt 0.296833 0.416910
vt 0.209235 0.834553
vt 0.223370 0.821114
vt 0.190514 0.430350
vt 0.221653 0.821114
vt 0.175953 0.416910
vt 0.222959 0.430350
vt 0.249820 0.403484
vt 0.283935 0.403484
vt 0.235749 -0.000000
vt 0.300293 0.013426
vt 0.249218 0.013426
vt 0.314317 -0.000000
vt 0.222924 0.403484
vt 0.171247 0.013426
vt 0.188809 0.403484
vt 0.157182 0.000000
vt 0.222322 0.013426
vt 0.092050 0.404259
vt 0.126175 0.404259
vt 0.078591 -0.000000
vt 0.143133 0.013451
vt 0.092043 0.013451
vt 0.157182 -0.000000
vt 0.065146 0.404259
vt 0.014049 0.013451
vt 0.031021 0.404259
vt 0.000000 0.000000
vt 0.065139 0.013451
vt 0.704384 0.127082
vt 0.706102 0.122318
vt 0.706102 0.127082
vt 0.587173 0.578743
vt 0.591940 0.968774
vt 0.587173 0.968781
vt 0.770389 0.058203
vt 0.775153 0.090658
vt 0.770389 0.090658
vt 1.000000 0.289365
vt 0.995232 0.676694
vt 0.995232 0.289360
vt 0.704384 0.131846
vt 0.706102 0.127082
vt 0.706102 0.131846
vt 0.985697 0.289376
vt 0.990464 0.677110
vt 0.985697 0.677125
vt 0.770801 0.013938
vt 0.775565 0.046393
vt 0.770801 0.046393
vt 0.606242 0.578738
vt 0.601474 0.968567
vt 0.601474 0.578736
vt 0.770389 0.092328
vt 0.765622 0.058203
vt 0.770389 0.058203
vt 0.611008 0.578743
vt 0.615775 0.968497
vt 0.611008 0.968504
vt 0.743127 0.000000
vt 0.747894 0.051090
vt 0.743127 0.051090
vt 0.980931 0.289365
vt 0.976163 0.677530
vt 0.976163 0.289360
vt 0.683478 0.759204
vt 0.678711 0.725079
vt 0.683478 0.725079
vt 0.966629 0.289373
vt 0.971396 0.677865
vt 0.966629 0.677878
vt 0.738360 0.000000
vt 0.743127 0.051090
vt 0.738360 0.051090
vt 0.620543 0.578739
vt 0.615775 0.968282
vt 0.615775 0.578736
vt 0.683433 0.702869
vt 0.681715 0.707631
vt 0.681715 0.702869
vt 0.596706 0.578736
vt 0.601474 0.968601
vt 0.596706 0.968596
vt 0.779714 0.720652
vt 0.774951 0.688197
vt 0.779714 0.688197
vt 0.985698 0.289360
vt 0.980931 0.677260
vt 0.980931 0.289380
vt 0.707819 0.122318
vt 0.706102 0.127081
vt 0.706102 0.122318
vt 0.990464 0.289360
vt 0.995232 0.676761
vt 0.990464 0.676750
vt 0.779916 0.090658
vt 0.775153 0.058203
vt 0.779916 0.058203
vt 0.596706 0.578735
vt 0.591940 0.968846
vt 0.591940 0.578745
vt 0.766035 0.013938
vt 0.770801 0.048062
vt 0.766035 0.048063
vt 0.620543 0.578735
vt 0.625311 0.968302
vt 0.620543 0.968297
vt 0.756834 0.731258
vt 0.752068 0.680168
vt 0.756834 0.680169
vt 0.630077 0.578736
vt 0.625311 0.967310
vt 0.625311 0.578750
vt 0.770185 0.688197
vt 0.774951 0.722321
vt 0.770185 0.722322
vt 0.971395 0.289360
vt 0.976163 0.677562
vt 0.971395 0.677555
vt 0.752660 0.051090
vt 0.747894 -0.000000
vt 0.752660 0.000000
vt 0.611008 0.578736
vt 0.606242 0.968540
vt 0.606242 0.578745
vt 0.633099 0.736134
vt 0.647117 0.752436
vt 0.633099 0.752442
vt 0.662333 0.751693
vt 0.648315 0.735381
vt 0.662333 0.735391
vt 0.664442 0.724949
vt 0.681124 0.702932
vt 0.681124 0.722064
vt 0.523774 0.739284
vt 0.537551 0.722743
vt 0.537788 0.739284
vt 0.719099 0.724947
vt 0.702409 0.702947
vt 0.719099 0.705830
vt 0.556169 0.740831
vt 0.570199 0.723220
vt 0.570187 0.740831
vt 0.632499 0.735935
vt 0.633098 0.735388
vt 0.537780 0.739887
vt 0.538373 0.739485
vt 0.647116 0.735381
vt 0.647715 0.735928
vt 0.647117 0.736128
vt 0.523767 0.739887
vt 0.523162 0.739485
vt 0.555581 0.723087
vt 0.556180 0.722659
vt 0.556181 0.723220
vt 0.662332 0.752441
vt 0.662931 0.751894
vt 0.570198 0.722659
vt 0.570797 0.723087
vt 0.647715 0.751884
vt 0.648315 0.751684
vt 0.648314 0.752431
vt 0.663914 0.705946
vt 0.664442 0.705816
vt 0.681715 0.702869
vt 0.719632 0.725085
vt 0.719632 0.705967
vt 0.702409 0.722064
vt 0.701823 0.702892
vt 0.751484 0.680944
vt 0.737852 0.697708
vt 0.737852 0.680936
vt 0.749061 0.741798
vt 0.735429 0.725043
vt 0.749061 0.725031
vt 0.701240 0.722108
vt 0.684153 0.706156
vt 0.701240 0.702922
vt 0.738039 0.095186
vt 0.751572 0.078600
vt 0.751671 0.095186
vt 0.664497 0.699512
vt 0.681584 0.683489
vt 0.681584 0.702742
vt 0.493895 0.741187
vt 0.507350 0.723290
vt 0.507523 0.741187
vt 0.737271 0.680730
vt 0.737853 0.680168
vt 0.751668 0.095788
vt 0.752248 0.095384
vt 0.751485 0.680176
vt 0.752068 0.680739
vt 0.738036 0.095788
vt 0.737451 0.095384
vt 0.493154 0.723179
vt 0.493732 0.722744
vt 0.493722 0.723290
vt 0.749063 0.742566
vt 0.749645 0.742003
vt 0.507360 0.722744
vt 0.507946 0.723179
vt 0.734848 0.742016
vt 0.735429 0.741810
vt 0.735430 0.742578
vt 0.752068 0.697510
vt 0.751484 0.697715
vt 0.749645 0.725236
vt 0.734848 0.725249
vt 0.684153 0.725342
vt 0.683589 0.706317
vt 0.701823 0.702866
vt 0.682147 0.683616
vt 0.682147 0.702869
vt 0.663914 0.680169
vt 0.664497 0.680259
vt 0.716441 0.741417
vt 0.702423 0.725085
vt 0.716441 0.725091
vt 0.720233 0.725786
vt 0.734251 0.742108
vt 0.720233 0.742117
vt 0.720570 0.702137
vt 0.737271 0.680168
vt 0.737271 0.699273
vt 0.508546 0.739759
vt 0.522551 0.722743
vt 0.522564 0.739759
vt 0.736904 0.724889
vt 0.720198 0.702941
vt 0.736904 0.705783
vt 0.540984 0.741303
vt 0.554997 0.723201
vt 0.554997 0.741177
vt 0.717039 0.741615
vt 0.716440 0.742162
vt 0.522564 0.740346
vt 0.523162 0.739932
vt 0.702422 0.742156
vt 0.701823 0.741609
vt 0.702423 0.741410
vt 0.508546 0.740346
vt 0.507946 0.739932
vt 0.540370 0.723228
vt 0.540969 0.722785
vt 0.540984 0.723327
vt 0.720231 0.725040
vt 0.719633 0.725589
vt 0.554982 0.722659
vt 0.555581 0.723091
vt 0.734848 0.725578
vt 0.734251 0.725776
vt 0.734249 0.725031
vt 0.701823 0.725283
vt 0.717039 0.725289
vt 0.719633 0.741920
vt 0.734848 0.741909
vt 0.720025 0.683174
vt 0.720570 0.683031
vt 0.540370 0.741204
vt 0.737458 0.705925
vt 0.737458 0.725031
vt 0.720198 0.722047
vt 0.719632 0.702892
vt 0.684171 0.742295
vt 0.697803 0.725502
vt 0.697803 0.742288
vt 0.664495 0.725846
vt 0.678127 0.742647
vt 0.664495 0.742635
vt 0.684154 0.702738
vt 0.701241 0.680257
vt 0.701241 0.699509
vt 0.738020 0.078000
vt 0.751883 0.061341
vt 0.751648 0.078000
vt 0.719489 0.702742
vt 0.702430 0.680239
vt 0.719489 0.683524
vt 0.571314 0.741152
vt 0.585016 0.723203
vt 0.584946 0.741152
vt 0.698386 0.742492
vt 0.697804 0.743055
vt 0.751656 0.078600
vt 0.752244 0.078194
vt 0.684172 0.743063
vt 0.683589 0.742500
vt 0.738028 0.078600
vt 0.737451 0.078194
vt 0.570797 0.723095
vt 0.571381 0.722659
vt 0.571385 0.723203
vt 0.664497 0.725079
vt 0.663914 0.725641
vt 0.585012 0.722659
vt 0.585593 0.723095
vt 0.678711 0.725654
vt 0.678127 0.725857
vt 0.678129 0.725090
vt 0.684171 0.725510
vt 0.663914 0.742431
vt 0.678711 0.742444
vt 0.683589 0.702866
vt 0.684154 0.683486
vt 0.701823 0.699420
vt 0.720025 0.702892
vt 0.720025 0.683674
vt 0.701823 0.699386
vt 0.702430 0.699457
vt 0.493154 0.289360
vt 0.684041 0.060659
vt 0.683748 0.059738
vt 0.684083 0.059738
vt 0.685562 0.131907
vt 0.685562 0.130829
vt 0.685837 0.130980
vt 0.686791 0.128676
vt 0.686791 0.129736
vt 0.686521 0.129590
vt 0.686327 0.130829
vt 0.686327 0.131992
vt 0.686076 0.131859
vt 0.632448 0.683619
vt 0.632448 0.684859
vt 0.632207 0.684756
vt 0.684083 0.061019
vt 0.684083 0.059738
vt 0.684322 0.059802
vt 0.682683 0.132110
vt 0.682683 0.130829
vt 0.682929 0.130853
vt 0.682167 0.132110
vt 0.681914 0.130891
vt 0.682167 0.130829
vt 0.681125 0.060983
vt 0.680859 0.059830
vt 0.681125 0.059738
vt 0.678975 0.132007
vt 0.678690 0.130932
vt 0.678975 0.130825
vt 0.678119 0.131937
vt 0.677811 0.130926
vt 0.678119 0.130825
vt 0.632443 0.675105
vt 0.632116 0.674121
vt 0.632443 0.674048
vt 0.643088 0.131377
vt 0.643088 0.130317
vt 0.643414 0.130393
vt 0.632116 0.677346
vt 0.632116 0.676228
vt 0.632425 0.676333
vt 0.678119 0.132017
vt 0.678119 0.130825
vt 0.678405 0.130936
vt 0.679723 0.060997
vt 0.679723 0.059738
vt 0.679991 0.059835
vt 0.681126 0.061038
vt 0.681126 0.059738
vt 0.681379 0.059805
vt 0.682422 0.061038
vt 0.682175 0.059757
vt 0.682422 0.059738
vt 0.683169 0.132134
vt 0.682929 0.130888
vt 0.683169 0.130829
vt 0.684322 0.059738
vt 0.684563 0.060908
vt 0.684322 0.061007
vt 0.685074 0.130829
vt 0.685323 0.131892
vt 0.685074 0.132023
vt 0.686327 0.130829
vt 0.686594 0.131772
vt 0.686327 0.131920
vt 0.632482 0.685938
vt 0.632207 0.685011
vt 0.632482 0.684859
vt 0.683984 0.131751
vt 0.683984 0.130829
vt 0.684317 0.130843
vt 0.633395 0.130559
vt 0.632507 0.130640
vt 0.632507 0.130305
vt 0.632568 0.129987
vt 0.632684 0.129708
vt 0.632850 0.129487
vt 0.633052 0.129339
vt 0.633278 0.129274
vt 0.633512 0.129297
vt 0.633737 0.129405
vt 0.633940 0.129593
vt 0.634105 0.129846
vt 0.634222 0.130148
vt 0.634283 0.130477
vt 0.634283 0.130813
vt 0.634222 0.131131
vt 0.634105 0.131410
vt 0.633940 0.131631
vt 0.633737 0.131779
vt 0.633512 0.131843
vt 0.633278 0.131821
vt 0.633052 0.131712
vt 0.632850 0.131525
vt 0.632684 0.131272
vt 0.632568 0.130970
vt 0.664540 0.131289
vt 0.663967 0.129733
vt 0.664540 0.129707
vt 0.671990 0.131557
vt 0.671990 0.129707
vt 0.672462 0.129967
vt 0.681216 0.128675
vt 0.681216 0.130495
vt 0.680752 0.130246
vt 0.679045 0.128676
vt 0.679045 0.130671
vt 0.678613 0.130443
vt 0.668804 0.129707
vt 0.668804 0.131835
vt 0.668390 0.131659
vt 0.665114 0.131905
vt 0.665114 0.129707
vt 0.665525 0.129817
vt 0.657648 0.131905
vt 0.657226 0.129747
vt 0.657648 0.129707
vt 0.654169 0.131905
vt 0.653736 0.129814
vt 0.654169 0.129707
vt 0.650995 0.131843
vt 0.650538 0.129865
vt 0.650995 0.129707
vt 0.643918 0.131736
vt 0.643428 0.129891
vt 0.643918 0.129707
vt 0.641619 0.131183
vt 0.641091 0.129448
vt 0.641619 0.129274
vt 0.640034 0.131088
vt 0.639473 0.129400
vt 0.640034 0.129274
vt 0.631727 0.614060
vt 0.631727 0.612241
vt 0.632288 0.612372
vt 0.640562 0.131193
vt 0.640562 0.129274
vt 0.641091 0.129453
vt 0.641619 0.131320
vt 0.641619 0.129274
vt 0.642111 0.129465
vt 0.646126 0.131868
vt 0.646126 0.129707
vt 0.646585 0.129874
vt 0.651479 0.131939
vt 0.651479 0.129707
vt 0.651914 0.129822
vt 0.655505 0.131947
vt 0.655505 0.129707
vt 0.655928 0.129756
vt 0.658908 0.131947
vt 0.658496 0.129809
vt 0.658908 0.129707
vt 0.665944 0.129707
vt 0.666357 0.131714
vt 0.665944 0.131885
vt 0.669746 0.129707
vt 0.670173 0.131531
vt 0.669746 0.131756
vt 0.679457 0.128676
vt 0.679915 0.130295
vt 0.679457 0.130549
vt 0.673401 0.131559
vt 0.672929 0.129968
vt 0.673401 0.129707
vt 0.664607 0.131287
vt 0.664540 0.129707
vt 0.665114 0.129707
vt 0.696666 0.124523
vt 0.695143 0.124662
vt 0.695143 0.124087
vt 0.695247 0.123541
vt 0.695447 0.123063
vt 0.695731 0.122683
vt 0.696078 0.122429
vt 0.696466 0.122318
vt 0.696867 0.122357
vt 0.697254 0.122544
vt 0.697602 0.122865
vt 0.697885 0.123299
vt 0.698086 0.123817
vt 0.698190 0.124383
vt 0.698190 0.124958
vt 0.698086 0.125504
vt 0.697886 0.125983
vt 0.697602 0.126362
vt 0.697255 0.126616
vt 0.696867 0.126727
vt 0.696466 0.126688
vt 0.696079 0.126502
vt 0.695731 0.126180
vt 0.695448 0.125746
vt 0.695247 0.125228
vt 0.663967 0.131334
vt 0.663410 0.129732
vt 0.663967 0.129707
vt 0.672462 0.131576
vt 0.672462 0.129707
vt 0.672929 0.129945
vt 0.684692 0.128675
vt 0.684692 0.130472
vt 0.684234 0.130235
vt 0.682068 0.128675
vt 0.682068 0.130635
vt 0.681640 0.130420
vt 0.679457 0.128675
vt 0.679457 0.130759
vt 0.679045 0.130591
vt 0.667980 0.131857
vt 0.667980 0.129707
vt 0.668390 0.129814
vt 0.662853 0.131857
vt 0.662431 0.129746
vt 0.662853 0.129707
vt 0.657226 0.131860
vt 0.656793 0.129807
vt 0.657226 0.129707
vt 0.654624 0.131805
vt 0.654169 0.129854
vt 0.654624 0.129707
vt 0.651479 0.131710
vt 0.650995 0.129877
vt 0.651479 0.129707
vt 0.648142 0.131603
vt 0.647624 0.129867
vt 0.648142 0.129707
vt 0.646126 0.131519
vt 0.645579 0.129825
vt 0.646126 0.129707
vt 0.645033 0.131487
vt 0.644475 0.129761
vt 0.645033 0.129707
vt 0.647104 0.131607
vt 0.647104 0.129707
vt 0.647624 0.129870
vt 0.650053 0.131717
vt 0.650053 0.129707
vt 0.650538 0.129880
vt 0.652853 0.131815
vt 0.652853 0.129707
vt 0.653308 0.129857
vt 0.656360 0.131874
vt 0.656360 0.129707
vt 0.656793 0.129811
vt 0.659965 0.131864
vt 0.659747 0.129707
vt 0.660171 0.129707
vt 0.667980 0.131875
vt 0.667569 0.129811
vt 0.667980 0.129707
vt 0.673810 0.129707
vt 0.674222 0.131646
vt 0.673810 0.131812
vt 0.680326 0.128676
vt 0.680752 0.130444
vt 0.680326 0.130658
vt 0.683328 0.128676
vt 0.683783 0.130256
vt 0.683328 0.130494
vt 0.671990 0.131573
vt 0.671522 0.129944
vt 0.671990 0.129707
vt 0.662853 0.131334
vt 0.662853 0.129707
vt 0.663410 0.129734
vt 0.699592 0.128870
vt 0.701081 0.129028
vt 0.700980 0.129577
vt 0.700783 0.130078
vt 0.700506 0.130497
vt 0.700167 0.130805
vt 0.699788 0.130981
vt 0.699395 0.131013
vt 0.699017 0.130899
vt 0.698677 0.130647
vt 0.698400 0.130274
vt 0.698204 0.129805
vt 0.698102 0.129273
vt 0.698102 0.128713
vt 0.698204 0.128163
vt 0.698400 0.127662
vt 0.698677 0.127243
vt 0.699017 0.126935
vt 0.699395 0.126759
vt 0.699788 0.126727
vt 0.700167 0.126841
vt 0.700506 0.127093
vt 0.700783 0.127466
vt 0.700980 0.127935
vt 0.701081 0.128468
vt 0.641403 0.131183
vt 0.641403 0.132173
vt 0.641091 0.132081
vt 0.685074 0.130829
vt 0.685074 0.131918
vt 0.684801 0.131780
vt 0.687304 0.128675
vt 0.687304 0.129742
vt 0.687041 0.129601
vt 0.686858 0.059738
vt 0.686858 0.060901
vt 0.686611 0.060775
vt 0.686076 0.130829
vt 0.686076 0.132063
vt 0.685837 0.131967
vt 0.632260 0.587182
vt 0.632260 0.585911
vt 0.632499 0.585971
vt 0.683178 0.061007
vt 0.683178 0.059738
vt 0.683424 0.059760
vt 0.682674 0.061007
vt 0.682422 0.059799
vt 0.682674 0.059738
vt 0.681649 0.132062
vt 0.681384 0.130918
vt 0.681649 0.130829
vt 0.632457 0.681059
vt 0.632174 0.679985
vt 0.632457 0.679884
vt 0.680252 0.131935
vt 0.679949 0.130920
vt 0.680252 0.130825
vt 0.678975 0.131863
vt 0.678975 0.130825
vt 0.679300 0.130856
vt 0.679625 0.131863
vt 0.679300 0.130858
vt 0.679625 0.130825
vt 0.680293 0.060843
vt 0.680293 0.059738
vt 0.680595 0.059830
vt 0.681379 0.060904
vt 0.681379 0.059738
vt 0.681661 0.059835
vt 0.682167 0.132048
vt 0.682167 0.130829
vt 0.682431 0.130913
vt 0.682927 0.060987
vt 0.682927 0.059738
vt 0.683178 0.059794
vt 0.684562 0.132078
vt 0.684317 0.130857
vt 0.684562 0.130829
vt 0.685562 0.132074
vt 0.685323 0.130893
vt 0.686372 0.059738
vt 0.686612 0.060843
vt 0.686372 0.060943
vt 0.632207 0.685938
vt 0.632456 0.686941
vt 0.632207 0.687068
vt 0.687085 0.130829
vt 0.687352 0.131725
vt 0.687085 0.131863
vt 0.683235 0.684469
vt 0.683508 0.685422
vt 0.683235 0.685560
vt 0.640750 0.131203
vt 0.640793 0.132153
vt 0.640468 0.132153
vt 0.638608 0.130523
vt 0.637743 0.130607
vt 0.637743 0.130281
vt 0.637802 0.129971
vt 0.637916 0.129699
vt 0.638077 0.129483
vt 0.638274 0.129338
vt 0.638494 0.129274
vt 0.638722 0.129295
vt 0.638942 0.129399
vt 0.639139 0.129580
vt 0.639300 0.129826
vt 0.639414 0.130119
vt 0.639473 0.130439
vt 0.639473 0.130765
vt 0.639414 0.131075
vt 0.639300 0.131347
vt 0.639139 0.131563
vt 0.638942 0.131708
vt 0.638722 0.131772
vt 0.638494 0.131752
vt 0.638274 0.131647
vt 0.638077 0.131466
vt 0.637916 0.131221
vt 0.637802 0.130928
vt 0.661317 0.129707
vt 0.661874 0.131312
vt 0.661317 0.131338
vt 0.669746 0.129707
vt 0.669746 0.131576
vt 0.669277 0.131340
vt 0.684234 0.128676
vt 0.684234 0.130505
vt 0.683783 0.130263
vt 0.681640 0.128676
vt 0.681640 0.130671
vt 0.681216 0.130455
vt 0.673810 0.129707
vt 0.673810 0.131825
vt 0.673401 0.131660
vt 0.666357 0.131887
vt 0.666357 0.129707
vt 0.666767 0.129809
vt 0.659520 0.131876
vt 0.659323 0.129707
vt 0.656360 0.131884
vt 0.655927 0.129813
vt 0.656360 0.129707
vt 0.652853 0.131824
vt 0.652398 0.129859
vt 0.652853 0.129707
vt 0.650053 0.131723
vt 0.649567 0.129881
vt 0.650053 0.129707
vt 0.647104 0.131612
vt 0.646585 0.129871
vt 0.647104 0.129707
vt 0.643918 0.131489
vt 0.643918 0.129707
vt 0.644475 0.129760
vt 0.645033 0.131520
vt 0.645033 0.129707
vt 0.645580 0.129824
vt 0.648142 0.131603
vt 0.648142 0.129707
vt 0.648661 0.129866
vt 0.651914 0.131707
vt 0.651914 0.129707
vt 0.652398 0.129874
vt 0.655052 0.131799
vt 0.655052 0.129707
vt 0.655505 0.129851
vt 0.657648 0.131851
vt 0.657648 0.129707
vt 0.658080 0.129803
vt 0.665944 0.131851
vt 0.665525 0.129755
vt 0.665944 0.129707
vt 0.671522 0.131844
vt 0.671113 0.129818
vt 0.671522 0.129707
vt 0.679914 0.128675
vt 0.680326 0.130571
vt 0.679914 0.130743
vt 0.682900 0.128676
vt 0.683328 0.130398
vt 0.682900 0.130616
vt 0.684692 0.128675
vt 0.685150 0.130213
vt 0.684692 0.130450
vt 0.670645 0.129707
vt 0.671113 0.131342
vt 0.670645 0.131579
vt 0.662431 0.129707
vt 0.662431 0.131338
vt 0.661874 0.131313
vt 0.699674 0.124462
vt 0.698190 0.124606
vt 0.698190 0.124046
vt 0.698291 0.123515
vt 0.698486 0.123048
vt 0.698763 0.122677
vt 0.699101 0.122429
vt 0.699479 0.122318
vt 0.699869 0.122354
vt 0.700247 0.122533
vt 0.700585 0.122844
vt 0.700862 0.123265
vt 0.701057 0.123768
vt 0.701158 0.124318
vt 0.701158 0.124877
vt 0.701057 0.125409
vt 0.700862 0.125876
vt 0.700585 0.126246
vt 0.700247 0.126495
vt 0.699869 0.126605
vt 0.699479 0.126570
vt 0.699101 0.126390
vt 0.698763 0.126080
vt 0.698486 0.125659
vt 0.698291 0.125156
vt 0.660744 0.129707
vt 0.661317 0.131270
vt 0.660744 0.131294
vt 0.670645 0.129707
vt 0.670645 0.131563
vt 0.670173 0.131303
vt 0.686047 0.128676
vt 0.686047 0.130486
vt 0.685598 0.130217
vt 0.682900 0.128675
vt 0.682900 0.130678
vt 0.682484 0.130437
vt 0.678613 0.128675
vt 0.678613 0.130822
vt 0.678212 0.130637
vt 0.667168 0.131929
vt 0.667168 0.129707
vt 0.667569 0.129820
vt 0.659323 0.131929
vt 0.658908 0.129744
vt 0.659323 0.129707
vt 0.655052 0.131931
vt 0.654624 0.129813
vt 0.655052 0.129707
vt 0.649567 0.131868
vt 0.649114 0.129867
vt 0.649567 0.129707
vt 0.643088 0.131325
vt 0.642599 0.129461
vt 0.643088 0.129274
vt 0.640562 0.131201
vt 0.640034 0.129451
vt 0.640562 0.129274
vt 0.631688 0.587702
vt 0.631688 0.585912
vt 0.632261 0.585966
vt 0.632088 0.623771
vt 0.631680 0.621989
vt 0.632256 0.621989
vt 0.631732 0.597857
vt 0.631732 0.595929
vt 0.632260 0.596106
vt 0.642111 0.131326
vt 0.642111 0.129274
vt 0.642599 0.129461
vt 0.648661 0.131869
vt 0.648661 0.129707
vt 0.649114 0.129868
vt 0.653308 0.131933
vt 0.653308 0.129707
vt 0.653736 0.129814
vt 0.658279 0.131923
vt 0.658080 0.129707
vt 0.658496 0.129707
vt 0.667168 0.131931
vt 0.666767 0.129820
vt 0.667168 0.129707
vt 0.677811 0.128675
vt 0.678212 0.130641
vt 0.677811 0.130825
vt 0.682484 0.130441
vt 0.682068 0.130681
vt 0.685150 0.128676
vt 0.685598 0.130220
vt 0.685150 0.130489
vt 0.668804 0.129707
vt 0.669277 0.131301
vt 0.668804 0.131561
vt 0.660744 0.129707
vt 0.660744 0.131294
vt 0.660171 0.131268
vt 0.696623 0.128931
vt 0.695143 0.129083
vt 0.695143 0.128508
vt 0.695244 0.127961
vt 0.695439 0.127480
vt 0.695714 0.127098
vt 0.696052 0.126842
vt 0.696428 0.126727
vt 0.696817 0.126763
vt 0.697194 0.126946
vt 0.697531 0.127265
vt 0.697806 0.127698
vt 0.698001 0.128214
vt 0.698102 0.128779
vt 0.698102 0.129355
vt 0.698001 0.129902
vt 0.697806 0.130383
vt 0.697531 0.130764
vt 0.697194 0.131021
vt 0.696817 0.131136
vt 0.696428 0.131100
vt 0.696052 0.130916
vt 0.695714 0.130598
vt 0.695439 0.130165
vt 0.695244 0.129649
vt 0.640173 0.131228
vt 0.640468 0.132153
vt 0.640134 0.132153
vt 0.685353 0.059738
vt 0.685353 0.060819
vt 0.685078 0.060668
vt 0.687565 0.128675
vt 0.687565 0.129730
vt 0.687304 0.129574
vt 0.687101 0.059738
vt 0.687101 0.060905
vt 0.686858 0.060765
vt 0.686372 0.059738
vt 0.686372 0.060989
vt 0.686138 0.060881
vt 0.632260 0.597224
vt 0.632260 0.595929
vt 0.632494 0.595995
vt 0.683298 0.132119
vt 0.683169 0.130829
vt 0.683412 0.130829
vt 0.632457 0.682355
vt 0.632207 0.681121
vt 0.632457 0.681059
vt 0.680859 0.060997
vt 0.680595 0.059831
vt 0.680859 0.059738
vt 0.678690 0.132020
vt 0.678405 0.130934
vt 0.678690 0.130825
vt 0.632424 0.676228
vt 0.632116 0.675208
vt 0.632424 0.675105
vt 0.643088 0.130317
vt 0.643088 0.129274
vt 0.643421 0.129306
vt 0.639473 0.132153
vt 0.639473 0.131088
vt 0.639800 0.131163
vt 0.632116 0.674048
vt 0.632116 0.672924
vt 0.632424 0.673028
vt 0.632116 0.678542
vt 0.632401 0.677456
vt 0.680554 0.132085
vt 0.680554 0.130825
vt 0.680818 0.130918
vt 0.681661 0.061035
vt 0.681661 0.059738
vt 0.681910 0.059800
vt 0.632372 0.623280
vt 0.632256 0.621989
vt 0.632499 0.621989
vt 0.632494 0.588479
vt 0.632261 0.587248
vt 0.632494 0.587182
vt 0.686047 0.128675
vt 0.686280 0.129821
vt 0.686047 0.129928
vt 0.686842 0.130829
vt 0.687085 0.131858
vt 0.686842 0.131998
vt 0.687101 0.059738
vt 0.687362 0.060638
vt 0.687101 0.060795
vt 0.684802 0.059738
vt 0.685078 0.060667
vt 0.684802 0.060818
vt 0.640134 0.131228
vt 0.640134 0.132153
vt 0.639800 0.132138
vt 0.635145 0.130559
vt 0.634283 0.130647
vt 0.634283 0.130312
vt 0.634341 0.129993
vt 0.634455 0.129713
vt 0.634615 0.129490
vt 0.634812 0.129341
vt 0.635031 0.129274
vt 0.635258 0.129295
vt 0.635477 0.129402
vt 0.635674 0.129588
vt 0.635835 0.129840
vt 0.635948 0.130140
vt 0.636007 0.130470
vt 0.636007 0.130805
vt 0.635948 0.131124
vt 0.635835 0.131404
vt 0.635674 0.131627
vt 0.635478 0.131776
vt 0.635258 0.131843
vt 0.635031 0.131822
vt 0.634812 0.131715
vt 0.634615 0.131530
vt 0.634455 0.131278
vt 0.634341 0.130977
vt 0.683984 0.131777
vt 0.683659 0.130843
vt 0.683984 0.130829
vt 0.685626 0.060827
vt 0.685626 0.059738
vt 0.685898 0.059876
vt 0.687308 0.129742
vt 0.687308 0.130788
vt 0.687041 0.130651
vt 0.687041 0.128675
vt 0.687041 0.129818
vt 0.686791 0.129692
vt 0.686521 0.128676
vt 0.686521 0.129890
vt 0.686280 0.129792
vt 0.684562 0.132082
vt 0.684562 0.130829
vt 0.684801 0.130891
vt 0.683543 0.132076
vt 0.683412 0.130829
vt 0.683659 0.130829
vt 0.682927 0.060992
vt 0.682675 0.059796
vt 0.682927 0.059738
vt 0.682175 0.060960
vt 0.681910 0.059823
vt 0.682175 0.059738
vt 0.681384 0.131996
vt 0.681101 0.130928
vt 0.681384 0.130829
vt 0.680554 0.131930
vt 0.680252 0.130918
vt 0.680554 0.130825
vt 0.679625 0.131862
vt 0.679625 0.130825
vt 0.679949 0.130857
vt 0.632441 0.679580
vt 0.632116 0.678574
vt 0.632441 0.678542
vt 0.679991 0.060845
vt 0.679991 0.059738
vt 0.680293 0.059833
vt 0.680818 0.131996
vt 0.680818 0.130825
vt 0.681101 0.130925
vt 0.681649 0.132057
vt 0.681649 0.130829
vt 0.681914 0.130916
vt 0.682431 0.132091
vt 0.682431 0.130829
vt 0.682683 0.130889
vt 0.632207 0.683619
vt 0.632207 0.682355
vt 0.632453 0.682380
vt 0.684802 0.061001
vt 0.684563 0.059798
vt 0.684802 0.059738
vt 0.685898 0.059738
vt 0.686138 0.060868
vt 0.685898 0.060964
vt 0.686594 0.130829
vt 0.686842 0.131859
vt 0.686594 0.131984
vt 0.686521 0.129736
vt 0.686786 0.130657
vt 0.686521 0.130796
vt 0.685626 0.060825
vt 0.685353 0.059876
vt 0.685626 0.059738
vt 0.683424 0.060686
vt 0.683424 0.059738
vt 0.683748 0.059753
vt 0.636875 0.130523
vt 0.637743 0.130615
vt 0.637684 0.130935
vt 0.637570 0.131227
vt 0.637408 0.131471
vt 0.637210 0.131650
vt 0.636989 0.131753
vt 0.636761 0.131772
vt 0.636540 0.131705
vt 0.636342 0.131559
vt 0.636180 0.131341
vt 0.636066 0.131068
vt 0.636007 0.130757
vt 0.636007 0.130431
vt 0.636066 0.130111
vt 0.636180 0.129819
vt 0.636342 0.129575
vt 0.636540 0.129395
vt 0.636761 0.129293
vt 0.636989 0.129274
vt 0.637210 0.129340
vt 0.637408 0.129487
vt 0.637570 0.129705
vt 0.637684 0.129978
vt 0.637743 0.130288
vt 0.732665 0.764455
vt 0.719633 0.768846
vt 0.719633 0.760139
vt 0.788118 0.058203
vt 0.796097 0.073261
vt 0.788118 0.073046
vt 0.775103 0.741625
vt 0.783798 0.756516
vt 0.775103 0.756499
vt 0.680319 0.771931
vt 0.672116 0.786941
vt 0.672116 0.772106
vt 0.744872 0.702892
vt 0.737458 0.718106
vt 0.737458 0.703280
vt 0.751507 0.703373
vt 0.744872 0.717718
vt 0.751500 0.106841
vt 0.759642 0.095788
vt 0.764674 0.102894
vt 0.714961 0.760346
vt 0.706841 0.771446
vt 0.701823 0.764330
vt 0.786227 0.094530
vt 0.794207 0.109588
vt 0.786227 0.109373
vt 0.769166 0.273538
vt 0.777861 0.288429
vt 0.769166 0.288412
vt 0.788118 0.058203
vt 0.779916 0.073213
vt 0.779916 0.058378
vt 0.729355 0.272490
vt 0.721941 0.287705
vt 0.721941 0.272878
vt 0.735990 0.272971
vt 0.729355 0.287317
vt 0.751500 0.116755
vt 0.764532 0.112440
vt 0.764532 0.121147
vt 0.506186 0.763525
vt 0.493154 0.767916
vt 0.493154 0.759209
vt 0.784260 0.028996
vt 0.792240 0.044054
vt 0.784260 0.043839
vt 0.523162 0.769283
vt 0.531857 0.784174
vt 0.523162 0.784157
vt 0.691791 0.772098
vt 0.683589 0.787109
vt 0.683589 0.772274
vt 0.530576 0.739887
vt 0.523162 0.755102
vt 0.523162 0.740275
vt 0.537211 0.740368
vt 0.530576 0.754714
vt 0.507946 0.766707
vt 0.516088 0.755653
vt 0.521120 0.762760
vt 0.761934 0.736074
vt 0.761934 0.722322
vt 0.770185 0.725102
vt 0.786063 0.273538
vt 0.794043 0.288597
vt 0.786063 0.288382
vt 0.775172 0.756516
vt 0.783867 0.771406
vt 0.775172 0.771389
vt 0.710025 0.771446
vt 0.701823 0.786456
vt 0.701823 0.771621
vt 0.515361 0.740346
vt 0.507946 0.755560
vt 0.507946 0.740734
vt 0.521995 0.740827
vt 0.515361 0.755172
vt 0.757769 0.027666
vt 0.757769 0.013937
vt 0.766035 0.016675
vt 0.545470 0.770363
vt 0.545470 0.756611
vt 0.553721 0.759392
vt 0.786086 0.109725
vt 0.794065 0.124784
vt 0.786086 0.124569
vt 0.632499 0.766194
vt 0.641195 0.781085
vt 0.632499 0.781068
vt 0.718227 0.771446
vt 0.710025 0.786456
vt 0.710025 0.771621
vt 0.562995 0.740831
vt 0.555581 0.756046
vt 0.555581 0.741219
vt 0.569630 0.756139
vt 0.562995 0.755658
vt 0.756834 0.697133
vt 0.769972 0.701117
vt 0.764953 0.708233
vt 0.747986 0.760762
vt 0.739866 0.771861
vt 0.734848 0.764746
vt 0.647715 0.781307
vt 0.655695 0.796365
vt 0.647715 0.796150
vt 0.647715 0.766416
vt 0.656410 0.781307
vt 0.647715 0.781290
vt 0.788118 0.073213
vt 0.779916 0.088224
vt 0.779916 0.073389
vt 0.744866 0.095788
vt 0.737451 0.111002
vt 0.737451 0.096176
vt 0.751500 0.096269
vt 0.744866 0.110614
vt 0.640751 0.766194
vt 0.632499 0.755223
vt 0.640751 0.752442
vt 0.563847 0.769867
vt 0.555581 0.758876
vt 0.563847 0.756139
vt 0.788118 0.073261
vt 0.796097 0.088320
vt 0.788118 0.088105
vt 0.770185 0.722322
vt 0.778880 0.737212
vt 0.770185 0.737195
vt 0.727835 0.771513
vt 0.719633 0.786524
vt 0.719633 0.771689
vt 0.744866 0.111095
vt 0.737451 0.126310
vt 0.737451 0.111483
vt 0.751500 0.126403
vt 0.744866 0.125922
vt 0.752244 0.064218
vt 0.765381 0.068201
vt 0.760363 0.075317
vt 0.775172 0.759392
vt 0.767052 0.770491
vt 0.762034 0.763375
vt 0.655695 0.781307
vt 0.663674 0.796365
vt 0.655695 0.796150
vt 0.775565 0.013938
vt 0.784260 0.028828
vt 0.775565 0.028811
vt 0.699994 0.772098
vt 0.691791 0.787109
vt 0.691791 0.772274
vt 0.743404 0.272490
vt 0.735990 0.287705
vt 0.735990 0.272878
vt 0.750038 0.272971
vt 0.743404 0.287317
vt 0.756834 0.687198
vt 0.769866 0.682882
vt 0.769866 0.691590
vt 0.677052 0.760831
vt 0.668932 0.771931
vt 0.663914 0.764815
vt 0.784260 0.013938
vt 0.792240 0.028996
vt 0.784260 0.028781
vt 0.775565 0.028828
vt 0.784260 0.043718
vt 0.775565 0.043702
vt 0.743050 0.771861
vt 0.734848 0.786872
vt 0.734848 0.772037
vt 0.742262 0.742578
vt 0.734848 0.757793
vt 0.734848 0.742966
vt 0.748897 0.743059
vt 0.742262 0.757405
vt 0.748897 0.753631
vt 0.757039 0.742578
vt 0.762071 0.749684
vt 0.769774 0.109540
vt 0.769774 0.095788
vt 0.778025 0.098569
vt 0.507947 0.784481
vt 0.515926 0.799540
vt 0.507947 0.799325
vt 0.757592 0.770491
vt 0.766288 0.785382
vt 0.757592 0.785365
vt 0.501356 0.770584
vt 0.493154 0.785594
vt 0.493154 0.770759
vt 0.500568 0.741187
vt 0.493154 0.756402
vt 0.493154 0.741575
vt 0.507203 0.741668
vt 0.500568 0.756014
vt 0.752660 0.034696
vt 0.765693 0.030380
vt 0.765693 0.039087
vt 0.762034 0.759392
vt 0.753915 0.770491
vt 0.748897 0.763376
vt 0.632499 0.781085
vt 0.640479 0.796143
vt 0.632499 0.795928
vt 0.570797 0.770187
vt 0.579492 0.785078
vt 0.570797 0.785061
vt 0.540060 0.769284
vt 0.531857 0.784294
vt 0.531857 0.769459
vt 0.727047 0.742117
vt 0.719632 0.757332
vt 0.719632 0.742505
vt 0.733681 0.742598
vt 0.727047 0.756944
vt 0.523162 0.762225
vt 0.536195 0.757909
vt 0.536195 0.766616
vt 0.769866 0.715263
vt 0.756834 0.719655
vt 0.756834 0.710947
vt 0.570797 0.785078
vt 0.578776 0.800136
vt 0.570797 0.799921
vt 0.748897 0.770491
vt 0.757592 0.785382
vt 0.748897 0.785365
vt 0.672116 0.771931
vt 0.663914 0.786941
vt 0.663914 0.772106
vt 0.671328 0.742647
vt 0.663914 0.757862
vt 0.663914 0.743035
vt 0.677963 0.743128
vt 0.671328 0.757474
vt 0.752660 0.011053
vt 0.760802 0.000000
vt 0.765834 0.007106
vt 0.775103 0.749457
vt 0.762071 0.753848
vt 0.762071 0.745141
vt 0.523162 0.784174
vt 0.531142 0.799232
vt 0.523162 0.799017
vt 0.507946 0.769591
vt 0.516642 0.784481
vt 0.507946 0.784465
vt 0.786086 0.109725
vt 0.777883 0.124736
vt 0.777883 0.109901
vt 0.691004 0.743062
vt 0.683589 0.758277
vt 0.683589 0.743451
vt 0.697638 0.743544
vt 0.691004 0.757889
vt 0.752660 0.044631
vt 0.765798 0.048615
vt 0.760780 0.055731
vt 0.579063 0.770187
vt 0.570797 0.759196
vt 0.579063 0.756459
vt 0.578776 0.785078
vt 0.586756 0.800136
vt 0.578776 0.799921
vt 0.540371 0.770363
vt 0.549066 0.785254
vt 0.540371 0.785237
vt 0.786227 0.094530
vt 0.778025 0.109540
vt 0.778025 0.094705
vt 0.709237 0.742162
vt 0.701823 0.757377
vt 0.701823 0.742550
vt 0.715872 0.742643
vt 0.709237 0.756989
vt 0.757356 0.092328
vt 0.757356 0.078600
vt 0.765622 0.081337
vt 0.769632 0.123478
vt 0.769632 0.109725
vt 0.777883 0.112506
vt 0.531858 0.784294
vt 0.539837 0.799353
vt 0.531858 0.799137
vt 0.766288 0.770491
vt 0.774983 0.785382
vt 0.766288 0.785365
vt 0.783374 0.771406
vt 0.775172 0.786416
vt 0.775172 0.771582
vt 0.578211 0.741152
vt 0.570797 0.756366
vt 0.570797 0.741540
vt 0.584845 0.741633
vt 0.578211 0.755978
vt 0.755147 0.286219
vt 0.755147 0.272490
vt 0.763413 0.275228
vt 0.691855 0.772098
vt 0.683589 0.761107
vt 0.691855 0.758370
vt 0.555581 0.784758
vt 0.563560 0.799816
vt 0.555581 0.799601
vt 0.555581 0.769867
vt 0.564276 0.784757
vt 0.555581 0.784741
vt 0.786063 0.273538
vt 0.777861 0.288549
vt 0.777861 0.273714
vt 0.547785 0.741303
vt 0.540370 0.756518
vt 0.540370 0.741691
vt 0.554419 0.741784
vt 0.547785 0.756130
vt 0.647715 0.755317
vt 0.660853 0.759301
vt 0.655834 0.766416
vt 0.795216 0.057088
vt 0.793296 0.058199
vt 0.791258 0.057860
vt 0.789568 0.056148
vt 0.788614 0.053456
vt 0.788614 0.050401
vt 0.789568 0.047681
vt 0.791258 0.045921
vt 0.793296 0.045524
vt 0.795216 0.046580
vt 0.796578 0.048848
vt 0.797069 0.051808
vt 0.796578 0.054781
vt 0.700159 0.730753
vt 0.700404 0.733722
vt 0.698941 0.733723
vt 0.698696 0.730754
vt 0.701082 0.736013
vt 0.699619 0.736014
vt 0.632222 0.645620
vt 0.632284 0.647764
vt 0.630785 0.647516
vt 0.630723 0.645372
vt 0.632284 0.650146
vt 0.630785 0.649897
vt 0.632222 0.652219
vt 0.630723 0.651970
vt 0.716346 0.752370
vt 0.715872 0.749665
vt 0.717335 0.749666
vt 0.717809 0.752371
vt 0.715872 0.746609
vt 0.717335 0.746609
vt 0.716346 0.743901
vt 0.717809 0.743901
vt 0.630153 0.659108
vt 0.630077 0.657055
vt 0.631576 0.656809
vt 0.631652 0.658862
vt 0.630077 0.654677
vt 0.631576 0.654430
vt 0.630153 0.652517
vt 0.631652 0.652271
vt 0.701082 0.725502
vt 0.700404 0.727787
vt 0.698941 0.727788
vt 0.699619 0.725503
vt 0.772973 0.051607
vt 0.773373 0.050507
vt 0.774082 0.049730
vt 0.774937 0.049454
vt 0.775742 0.049742
vt 0.776313 0.050527
vt 0.776519 0.051631
vt 0.776313 0.052800
vt 0.775742 0.053766
vt 0.774937 0.054309
vt 0.774082 0.054303
vt 0.773373 0.053750
vt 0.772973 0.052777
vt 0.776170 0.004652
vt 0.777607 0.002220
vt 0.777617 0.002236
vt 0.776186 0.004658
vt 0.779633 0.000691
vt 0.779635 0.000712
vt 0.781783 0.000414
vt 0.781777 0.000437
vt 0.783566 0.001453
vt 0.783553 0.001472
vt 0.784573 0.003571
vt 0.784556 0.003581
vt 0.784573 0.006282
vt 0.784556 0.006281
vt 0.783566 0.008965
vt 0.783553 0.008953
vt 0.781783 0.011005
vt 0.781777 0.010985
vt 0.779633 0.011935
vt 0.779635 0.011912
vt 0.777607 0.011542
vt 0.777617 0.011521
vt 0.776170 0.009916
vt 0.776186 0.009901
vt 0.775652 0.007430
vt 0.775670 0.007425
vt 0.770801 0.051222
vt 0.771699 0.048755
vt 0.773289 0.047012
vt 0.775206 0.046393
vt 0.777012 0.047038
vt 0.778293 0.048801
vt 0.778756 0.051278
vt 0.778293 0.053900
vt 0.777012 0.056068
vt 0.775206 0.057285
vt 0.773289 0.057271
vt 0.771699 0.056031
vt 0.770801 0.053848
vt 0.698631 0.733723
vt 0.698386 0.730754
vt 0.699310 0.736015
vt 0.630467 0.647463
vt 0.630405 0.645319
vt 0.630467 0.649845
vt 0.630405 0.651918
vt 0.717645 0.749666
vt 0.718119 0.752371
vt 0.717645 0.746609
vt 0.718119 0.743901
vt 0.631893 0.656757
vt 0.631969 0.658809
vt 0.631893 0.654378
vt 0.631969 0.652219
vt 0.698631 0.727788
vt 0.699310 0.725504
vt 0.630667 0.586227
vt 0.630880 0.583640
vt 0.631190 0.583640
vt 0.630977 0.586227
vt 0.630667 0.581055
vt 0.630977 0.581056
vt 0.630077 0.579064
vt 0.630387 0.579064
vt 0.632410 0.705579
vt 0.632355 0.707577
vt 0.632038 0.707520
vt 0.632093 0.705523
vt 0.632355 0.709608
vt 0.632038 0.709551
vt 0.632410 0.711206
vt 0.632093 0.711149
vt 0.631990 0.614610
vt 0.632405 0.616970
vt 0.632095 0.616970
vt 0.631680 0.614610
vt 0.632405 0.619633
vt 0.632095 0.619633
vt 0.631990 0.621989
vt 0.631680 0.621989
vt 0.631648 0.705302
vt 0.631715 0.703683
vt 0.632032 0.703626
vt 0.631965 0.705245
vt 0.631715 0.701647
vt 0.632032 0.701589
vt 0.631648 0.699660
vt 0.631965 0.699602
vt 0.630077 0.588222
vt 0.630387 0.588222
vt 0.775819 0.004521
vt 0.777352 0.001927
vt 0.779513 0.000295
vt 0.781807 0.000000
vt 0.630077 0.647466
vt 0.630077 0.649699
vt 0.719371 0.753731
vt 0.718959 0.754104
vt 0.718584 0.752106
vt 0.718139 0.749570
vt 0.718139 0.746705
vt 0.718584 0.744166
vt 0.718959 0.742162
vt 0.719371 0.742536
vt 0.632288 0.656606
vt 0.632288 0.654377
vt 0.777352 0.011870
vt 0.775819 0.010136
vt 0.775266 0.007484
vt 0.631459 0.586412
vt 0.631688 0.583640
vt 0.631459 0.580870
vt 0.630827 0.578736
vt 0.631707 0.705302
vt 0.631648 0.707443
vt 0.631648 0.709619
vt 0.779588 0.011496
vt 0.781587 0.010632
vt 0.783244 0.008736
vt 0.784179 0.006242
vt 0.784179 0.003723
vt 0.783244 0.001755
vt 0.632425 0.703689
vt 0.632425 0.701506
vt 0.632353 0.699376
vt 0.630827 0.588550
vt 0.663281 0.129057
vt 0.662162 0.129705
vt 0.660974 0.129507
vt 0.659989 0.128510
vt 0.659433 0.126941
vt 0.659433 0.125160
vt 0.659989 0.123575
vt 0.660974 0.122550
vt 0.662162 0.122318
vt 0.663281 0.122934
vt 0.664074 0.124255
vt 0.664360 0.125980
vt 0.664074 0.127713
vt 0.631110 0.696479
vt 0.631253 0.698210
vt 0.630400 0.698210
vt 0.630258 0.696480
vt 0.631648 0.699545
vt 0.630796 0.699546
vt 0.710004 0.122494
vt 0.710040 0.123743
vt 0.709166 0.123598
vt 0.709130 0.122349
vt 0.710040 0.125131
vt 0.709166 0.124986
vt 0.710004 0.126339
vt 0.709130 0.126194
vt 0.630354 0.678873
vt 0.630077 0.677297
vt 0.630930 0.677297
vt 0.631206 0.678873
vt 0.630077 0.675516
vt 0.630930 0.675516
vt 0.630354 0.673937
vt 0.631206 0.673938
vt 0.709173 0.132053
vt 0.709129 0.130856
vt 0.710002 0.130713
vt 0.710046 0.131909
vt 0.709129 0.129470
vt 0.710002 0.129327
vt 0.709173 0.128212
vt 0.710046 0.128068
vt 0.631648 0.693420
vt 0.631253 0.694751
vt 0.630400 0.694751
vt 0.630796 0.693420
vt 0.682422 0.125357
vt 0.682422 0.126039
vt 0.682188 0.126606
vt 0.681775 0.126928
vt 0.681277 0.126930
vt 0.680808 0.126614
vt 0.680475 0.126051
vt 0.680355 0.125369
vt 0.680475 0.124726
vt 0.680808 0.124269
vt 0.681277 0.124102
vt 0.681775 0.124263
vt 0.682188 0.124717
vt 0.638530 0.125029
vt 0.639368 0.123612
vt 0.639374 0.123621
vt 0.638540 0.125033
vt 0.640548 0.122721
vt 0.640550 0.122733
vt 0.641802 0.122559
vt 0.641798 0.122573
vt 0.642841 0.123165
vt 0.642833 0.123176
vt 0.643428 0.124399
vt 0.643417 0.124405
vt 0.643428 0.125979
vt 0.643417 0.125979
vt 0.642841 0.127542
vt 0.642833 0.127536
vt 0.641802 0.128731
vt 0.641798 0.128720
vt 0.640548 0.129273
vt 0.640550 0.129260
vt 0.639368 0.129045
vt 0.639374 0.129032
vt 0.638530 0.128097
vt 0.638540 0.128088
vt 0.638228 0.126648
vt 0.638239 0.126645
vt 0.683688 0.125135
vt 0.683688 0.126665
vt 0.683164 0.127936
vt 0.682238 0.128658
vt 0.681120 0.128664
vt 0.680067 0.127954
vt 0.679320 0.126690
vt 0.679051 0.125162
vt 0.679320 0.123719
vt 0.680067 0.122693
vt 0.681120 0.122318
vt 0.682238 0.122681
vt 0.683164 0.123697
vt 0.630220 0.698210
vt 0.630077 0.696480
vt 0.630615 0.699546
vt 0.708981 0.123568
vt 0.708945 0.122318
vt 0.708981 0.124955
vt 0.708945 0.126164
vt 0.631110 0.677297
vt 0.631387 0.678874
vt 0.631110 0.675516
vt 0.631387 0.673938
vt 0.710187 0.130682
vt 0.710231 0.131879
vt 0.710187 0.129296
vt 0.710231 0.128038
vt 0.630220 0.694751
vt 0.630615 0.693420
vt 0.682491 0.684535
vt 0.682615 0.683027
vt 0.682796 0.683027
vt 0.682672 0.684535
vt 0.682491 0.681521
vt 0.682672 0.681521
vt 0.682147 0.680360
vt 0.682328 0.680361
vt 0.675692 0.128837
vt 0.675660 0.130002
vt 0.675475 0.129968
vt 0.675508 0.128804
vt 0.675660 0.131185
vt 0.675475 0.131152
vt 0.675692 0.132116
vt 0.675508 0.132083
vt 0.683266 0.680169
vt 0.683508 0.681544
vt 0.683327 0.681544
vt 0.683086 0.680169
vt 0.683508 0.683096
vt 0.683327 0.683096
vt 0.683266 0.684469
vt 0.683086 0.684469
vt 0.674795 0.132129
vt 0.674834 0.131185
vt 0.675019 0.131152
vt 0.674980 0.132095
vt 0.674834 0.129999
vt 0.675019 0.129965
vt 0.674795 0.128840
vt 0.674980 0.128807
vt 0.682147 0.685697
vt 0.682328 0.685697
vt 0.638326 0.124953
vt 0.639219 0.123441
vt 0.640478 0.122490
vt 0.641816 0.122318
vt 0.708753 0.123569
vt 0.708753 0.124870
vt 0.632117 0.679666
vt 0.631877 0.679884
vt 0.631657 0.678719
vt 0.631398 0.677241
vt 0.631398 0.675572
vt 0.631657 0.674092
vt 0.631877 0.672924
vt 0.632117 0.673142
vt 0.710417 0.130595
vt 0.710417 0.129295
vt 0.639219 0.129236
vt 0.638326 0.128225
vt 0.638004 0.126679
vt 0.682953 0.684643
vt 0.683086 0.683027
vt 0.682953 0.681413
vt 0.682585 0.680169
vt 0.675283 0.128675
vt 0.675248 0.129923
vt 0.675248 0.131192
vt 0.640522 0.129018
vt 0.641687 0.128514
vt 0.642653 0.127409
vt 0.643198 0.125956
vt 0.643198 0.124488
vt 0.642653 0.123341
vt 0.675248 0.131188
vt 0.675248 0.129917
vt 0.675206 0.128675
vt 0.682585 0.685889
vt 0.786708 0.057117
vt 0.784733 0.058203
vt 0.782636 0.057836
vt 0.780897 0.056101
vt 0.779916 0.053395
vt 0.779916 0.050339
vt 0.780897 0.047632
vt 0.782636 0.045894
vt 0.784733 0.045524
vt 0.786708 0.046606
vt 0.788108 0.048893
vt 0.788614 0.051860
vt 0.788108 0.054828
vt 0.734927 0.126331
vt 0.734685 0.123365
vt 0.736150 0.123366
vt 0.736392 0.126332
vt 0.734015 0.121080
vt 0.735480 0.121081
vt 0.632258 0.666322
vt 0.632271 0.668456
vt 0.630772 0.668203
vt 0.630758 0.666069
vt 0.632271 0.670839
vt 0.630772 0.670586
vt 0.632258 0.672924
vt 0.630759 0.672672
vt 0.700658 0.756414
vt 0.701128 0.759122
vt 0.699664 0.759123
vt 0.699193 0.756415
vt 0.701128 0.762179
vt 0.699664 0.762179
vt 0.700658 0.764884
vt 0.699193 0.764884
vt 0.630113 0.666015
vt 0.630077 0.663929
vt 0.631576 0.663678
vt 0.631613 0.665764
vt 0.630077 0.661546
vt 0.631576 0.661295
vt 0.630113 0.659412
vt 0.631613 0.659161
vt 0.734015 0.131592
vt 0.734685 0.129300
vt 0.736150 0.129301
vt 0.735480 0.131593
vt 0.728125 0.126269
vt 0.728533 0.125174
vt 0.729255 0.124407
vt 0.730125 0.124143
vt 0.730945 0.124444
vt 0.731527 0.125239
vt 0.731737 0.126348
vt 0.731527 0.127516
vt 0.730945 0.128476
vt 0.730125 0.129007
vt 0.729255 0.128988
vt 0.728533 0.128423
vt 0.728125 0.127442
vt 0.766735 0.004546
vt 0.768194 0.002130
vt 0.768204 0.002146
vt 0.766752 0.004552
vt 0.770250 0.000634
vt 0.770253 0.000656
vt 0.772434 0.000399
vt 0.772427 0.000422
vt 0.774244 0.001481
vt 0.774230 0.001499
vt 0.775266 0.003630
vt 0.775248 0.003640
vt 0.775266 0.006354
vt 0.775248 0.006353
vt 0.774244 0.009030
vt 0.774230 0.009019
vt 0.772434 0.011045
vt 0.772427 0.011025
vt 0.770250 0.011936
vt 0.770253 0.011913
vt 0.768194 0.011500
vt 0.768204 0.011478
vt 0.766735 0.009836
vt 0.766752 0.009822
vt 0.766209 0.007327
vt 0.766227 0.007322
vt 0.725913 0.125851
vt 0.726828 0.123394
vt 0.728447 0.121672
vt 0.730400 0.121080
vt 0.732240 0.121755
vt 0.733544 0.123541
vt 0.734015 0.126028
vt 0.733544 0.128649
vt 0.732240 0.130801
vt 0.730400 0.131992
vt 0.728447 0.131949
vt 0.726827 0.130682
vt 0.725913 0.128482
vt 0.736461 0.123366
vt 0.736702 0.126332
vt 0.735791 0.121082
vt 0.630454 0.668150
vt 0.630441 0.666015
vt 0.630454 0.670533
vt 0.630441 0.672618
vt 0.699353 0.759123
vt 0.698883 0.756415
vt 0.699353 0.762179
vt 0.698883 0.764884
vt 0.631894 0.663625
vt 0.631930 0.665711
vt 0.631894 0.661242
vt 0.631930 0.659108
vt 0.736461 0.129301
vt 0.735791 0.131593
vt 0.631096 0.616930
vt 0.630885 0.619515
vt 0.630574 0.619515
vt 0.630785 0.616930
vt 0.631096 0.622101
vt 0.630785 0.622101
vt 0.631680 0.624096
vt 0.631370 0.624096
vt 0.714958 0.122588
vt 0.714946 0.124592
vt 0.714629 0.124538
vt 0.714641 0.122533
vt 0.714946 0.126619
vt 0.714629 0.126564
vt 0.714958 0.128203
vt 0.714641 0.128149
vt 0.632141 0.595929
vt 0.631732 0.593573
vt 0.632043 0.593573
vt 0.632452 0.595929
vt 0.631732 0.590910
vt 0.632043 0.590910
vt 0.632141 0.588550
vt 0.632452 0.588550
vt 0.713519 0.128205
vt 0.713551 0.126621
vt 0.713868 0.126566
vt 0.713836 0.128149
vt 0.713551 0.124595
vt 0.713868 0.124539
vt 0.713519 0.122590
vt 0.713836 0.122534
vt 0.631680 0.614939
vt 0.631370 0.614939
vt 0.766396 0.004423
vt 0.767951 0.001846
vt 0.770145 0.000250
vt 0.772474 0.000000
vt 0.630077 0.668154
vt 0.630077 0.670388
vt 0.697638 0.755049
vt 0.698050 0.754676
vt 0.698419 0.756679
vt 0.698860 0.759218
vt 0.698860 0.762084
vt 0.698419 0.764619
vt 0.698050 0.766618
vt 0.697638 0.766245
vt 0.632278 0.663481
vt 0.632278 0.661247
vt 0.767951 0.011841
vt 0.766396 0.010066
vt 0.765834 0.007389
vt 0.630303 0.616744
vt 0.630077 0.619515
vt 0.630303 0.622286
vt 0.630930 0.624425
vt 0.714264 0.122318
vt 0.714251 0.124467
vt 0.714251 0.126639
vt 0.770221 0.011510
vt 0.772250 0.010682
vt 0.773932 0.008810
vt 0.774882 0.006323
vt 0.774882 0.003791
vt 0.773932 0.001794
vt 0.772250 0.000789
vt 0.714252 0.124467
vt 0.714217 0.122318
vt 0.630930 0.614610
vt 0.673245 0.128882
vt 0.672123 0.129503
vt 0.670932 0.129302
vt 0.669944 0.128323
vt 0.669387 0.126793
vt 0.669387 0.125061
vt 0.669944 0.123524
vt 0.670932 0.122534
vt 0.672123 0.122318
vt 0.673245 0.122926
vt 0.674041 0.124217
vt 0.674328 0.125898
vt 0.674041 0.127581
vt 0.701711 0.125293
vt 0.701564 0.123612
vt 0.702441 0.123613
vt 0.702588 0.125294
vt 0.701158 0.122318
vt 0.702035 0.122319
vt 0.709115 0.128240
vt 0.709129 0.129522
vt 0.708235 0.129356
vt 0.708221 0.128073
vt 0.709129 0.130912
vt 0.708235 0.130745
vt 0.709115 0.132090
vt 0.708221 0.131923
vt 0.631889 0.680869
vt 0.632173 0.682404
vt 0.631297 0.682405
vt 0.631012 0.680870
vt 0.632173 0.684137
vt 0.631297 0.684137
vt 0.631889 0.685669
vt 0.631012 0.685670
vt 0.706115 0.131153
vt 0.706102 0.129923
vt 0.706995 0.129756
vt 0.707009 0.130986
vt 0.706102 0.128526
vt 0.706995 0.128359
vt 0.706115 0.127283
vt 0.707008 0.127116
vt 0.701158 0.128275
vt 0.701564 0.126976
vt 0.702441 0.126977
vt 0.702035 0.128276
vt 0.691820 0.125288
vt 0.691799 0.125953
vt 0.691546 0.126504
vt 0.691118 0.126816
vt 0.690613 0.126816
vt 0.690147 0.126504
vt 0.689827 0.125953
vt 0.689725 0.125288
vt 0.689866 0.124662
vt 0.690217 0.124218
vt 0.690697 0.124058
vt 0.691197 0.124218
vt 0.691602 0.124662
vt 0.658909 0.124850
vt 0.659213 0.126426
vt 0.659203 0.126423
vt 0.658899 0.124853
vt 0.658909 0.127858
vt 0.658899 0.127850
vt 0.658065 0.128818
vt 0.658059 0.128806
vt 0.656876 0.129085
vt 0.656875 0.129072
vt 0.655613 0.128599
vt 0.655617 0.128588
vt 0.654567 0.127470
vt 0.654575 0.127464
vt 0.653976 0.125958
vt 0.653986 0.125958
vt 0.653976 0.124409
vt 0.653986 0.124415
vt 0.654567 0.123177
vt 0.654575 0.123188
vt 0.655613 0.122546
vt 0.655617 0.122559
vt 0.656876 0.122658
vt 0.656875 0.122671
vt 0.658065 0.123490
vt 0.658059 0.123499
vt 0.693109 0.125079
vt 0.693064 0.126570
vt 0.692496 0.127807
vt 0.691535 0.128505
vt 0.690403 0.128505
vt 0.689357 0.127807
vt 0.688638 0.126570
vt 0.688410 0.125079
vt 0.688726 0.123674
vt 0.689513 0.122678
vt 0.690591 0.122318
vt 0.691712 0.122678
vt 0.692621 0.123674
vt 0.702627 0.123613
vt 0.702773 0.125294
vt 0.702221 0.122319
vt 0.708045 0.129320
vt 0.708032 0.128038
vt 0.708045 0.130710
vt 0.708032 0.131888
vt 0.631111 0.682405
vt 0.630827 0.680870
vt 0.631111 0.684137
vt 0.630827 0.685670
vt 0.707185 0.129720
vt 0.707198 0.130951
vt 0.707185 0.128324
vt 0.707198 0.127081
vt 0.702627 0.126977
vt 0.702221 0.128276
vt 0.682759 0.687203
vt 0.682631 0.688668
vt 0.682446 0.688668
vt 0.682573 0.687203
vt 0.682759 0.690134
vt 0.682573 0.690134
vt 0.683112 0.691265
vt 0.682926 0.691265
vt 0.676120 0.128852
vt 0.676108 0.130004
vt 0.675919 0.129967
vt 0.675931 0.128816
vt 0.676108 0.131202
vt 0.675919 0.131166
vt 0.676120 0.132174
vt 0.675931 0.132137
vt 0.683360 0.690071
vt 0.683112 0.688736
vt 0.683298 0.688736
vt 0.683545 0.690071
vt 0.683112 0.687227
vt 0.683298 0.687227
vt 0.683360 0.685889
vt 0.683545 0.685889
vt 0.676545 0.132122
vt 0.676557 0.131204
vt 0.676746 0.131167
vt 0.676734 0.132086
vt 0.676557 0.130019
vt 0.676746 0.129983
vt 0.676545 0.128841
vt 0.676734 0.128805
vt 0.683112 0.686075
vt 0.682926 0.686075
vt 0.659108 0.124776
vt 0.659433 0.126457
vt 0.659108 0.127985
vt 0.658208 0.129008
vt 0.707819 0.129308
vt 0.707819 0.130611
vt 0.630077 0.680095
vt 0.630324 0.679884
vt 0.630548 0.681020
vt 0.630815 0.682459
vt 0.630815 0.684083
vt 0.630548 0.685520
vt 0.630324 0.686652
vt 0.630077 0.686440
vt 0.707411 0.129633
vt 0.707411 0.128324
vt 0.655593 0.122318
vt 0.656940 0.122438
vt 0.658208 0.123325
vt 0.682284 0.687098
vt 0.682147 0.688668
vt 0.682284 0.690239
vt 0.682662 0.691451
vt 0.675705 0.128676
vt 0.675692 0.129910
vt 0.675692 0.131195
vt 0.654750 0.123352
vt 0.654200 0.124496
vt 0.654200 0.125936
vt 0.654750 0.127341
vt 0.655722 0.128390
vt 0.656896 0.128842
vt 0.676972 0.131208
vt 0.676972 0.129939
vt 0.676960 0.128676
vt 0.682662 0.685889
vt 0.665903 0.122730
vt 0.667111 0.122318
vt 0.668256 0.122730
vt 0.669078 0.123873
vt 0.669387 0.125483
vt 0.669113 0.127193
vt 0.668318 0.128610
vt 0.667185 0.129411
vt 0.665973 0.129411
vt 0.664961 0.128610
vt 0.664378 0.127193
vt 0.664360 0.125483
vt 0.664911 0.123873
vt 0.703837 0.125293
vt 0.703982 0.126976
vt 0.703104 0.126977
vt 0.702959 0.125294
vt 0.704384 0.128275
vt 0.703506 0.128276
vt 0.683417 0.691649
vt 0.683466 0.692907
vt 0.682572 0.692744
vt 0.682524 0.691486
vt 0.683466 0.694302
vt 0.682572 0.694138
vt 0.683417 0.695513
vt 0.682524 0.695350
vt 0.630359 0.692437
vt 0.630077 0.690904
vt 0.630955 0.690905
vt 0.631237 0.692438
vt 0.630077 0.689172
vt 0.630955 0.689173
vt 0.630359 0.687637
vt 0.631237 0.687638
vt 0.630089 0.709725
vt 0.630077 0.708546
vt 0.630971 0.708379
vt 0.630983 0.709558
vt 0.630077 0.707156
vt 0.630971 0.706989
vt 0.630089 0.705874
vt 0.630983 0.705707
vt 0.704384 0.122318
vt 0.703982 0.123612
vt 0.703104 0.123613
vt 0.703506 0.122319
vt 0.687117 0.125283
vt 0.687104 0.125947
vt 0.686857 0.126497
vt 0.686430 0.126807
vt 0.685923 0.126807
vt 0.685451 0.126497
vt 0.685122 0.125947
vt 0.685012 0.125283
vt 0.685146 0.124658
vt 0.685493 0.124215
vt 0.685974 0.124055
vt 0.686478 0.124215
vt 0.686891 0.124658
vt 0.649020 0.124857
vt 0.649867 0.123497
vt 0.649873 0.123506
vt 0.649030 0.124860
vt 0.651062 0.122664
vt 0.651063 0.122676
vt 0.652330 0.122548
vt 0.652327 0.122561
vt 0.653382 0.123176
vt 0.653374 0.123187
vt 0.653976 0.124405
vt 0.653965 0.124411
vt 0.653976 0.125952
vt 0.653965 0.125952
vt 0.653382 0.127464
vt 0.653374 0.127457
vt 0.652330 0.128593
vt 0.652327 0.128582
vt 0.651062 0.129082
vt 0.651063 0.129068
vt 0.649867 0.128817
vt 0.649873 0.128805
vt 0.649020 0.127861
vt 0.649030 0.127853
vt 0.648714 0.126432
vt 0.648725 0.126429
vt 0.688410 0.125074
vt 0.688383 0.126562
vt 0.687827 0.127797
vt 0.686870 0.128494
vt 0.685732 0.128494
vt 0.684672 0.127797
vt 0.683935 0.126562
vt 0.683688 0.125074
vt 0.683988 0.123671
vt 0.684767 0.122677
vt 0.685846 0.122318
vt 0.686978 0.122677
vt 0.687903 0.123671
vt 0.702918 0.126977
vt 0.702773 0.125294
vt 0.703320 0.128276
vt 0.682383 0.692709
vt 0.682335 0.691451
vt 0.682383 0.694103
vt 0.682335 0.695315
vt 0.631141 0.690905
vt 0.631423 0.692438
vt 0.631141 0.689173
vt 0.631423 0.687638
vt 0.631160 0.708344
vt 0.631172 0.709523
vt 0.631160 0.706954
vt 0.631172 0.705672
vt 0.702918 0.123613
vt 0.703320 0.122319
vt 0.682498 0.699758
vt 0.682625 0.698292
vt 0.682811 0.698293
vt 0.682684 0.699758
vt 0.682498 0.696828
vt 0.682684 0.696828
vt 0.682147 0.695699
vt 0.682333 0.695700
vt 0.674795 0.128849
vt 0.674752 0.130018
vt 0.674563 0.129980
vt 0.674607 0.128811
vt 0.674752 0.131208
vt 0.674563 0.131170
vt 0.674795 0.132147
vt 0.674607 0.132109
vt 0.683295 0.695513
vt 0.683540 0.696851
vt 0.683354 0.696851
vt 0.683109 0.695513
vt 0.683540 0.698360
vt 0.683354 0.698360
vt 0.683295 0.699695
vt 0.683109 0.699695
vt 0.676120 0.132172
vt 0.676130 0.131202
vt 0.676319 0.131166
vt 0.676309 0.132136
vt 0.676130 0.130004
vt 0.676319 0.129968
vt 0.676120 0.128851
vt 0.676309 0.128815
vt 0.682147 0.700889
vt 0.682333 0.700889
vt 0.648823 0.124781
vt 0.649727 0.123330
vt 0.651001 0.122441
vt 0.652354 0.122318
vt 0.682147 0.692705
vt 0.682147 0.694013
vt 0.632169 0.693208
vt 0.631923 0.693420
vt 0.631701 0.692288
vt 0.631436 0.690851
vt 0.631436 0.689227
vt 0.631701 0.687788
vt 0.631923 0.686652
vt 0.632169 0.686863
vt 0.631386 0.708244
vt 0.631386 0.706942
vt 0.649727 0.129006
vt 0.648823 0.127986
vt 0.648497 0.126461
vt 0.682973 0.699863
vt 0.683109 0.698292
vt 0.682973 0.696722
vt 0.682597 0.695513
vt 0.674374 0.128675
vt 0.674328 0.129928
vt 0.674328 0.131204
vt 0.651045 0.128836
vt 0.652224 0.128382
vt 0.653201 0.127333
vt 0.653753 0.125928
vt 0.653753 0.124490
vt 0.653201 0.123348
vt 0.676545 0.131195
vt 0.676545 0.129911
vt 0.676534 0.128676
vt 0.682597 0.701076
vt 0.751544 0.786089
vt 0.753616 0.785382
vt 0.755582 0.786089
vt 0.756991 0.788049
vt 0.757522 0.790813
vt 0.757051 0.793747
vt 0.755688 0.796179
vt 0.753744 0.797553
vt 0.751664 0.797553
vt 0.749926 0.796179
vt 0.748928 0.793747
vt 0.748897 0.790813
vt 0.749841 0.788049
vt 0.718231 0.127060
vt 0.718480 0.129947
vt 0.716973 0.129949
vt 0.716724 0.127061
vt 0.719169 0.132177
vt 0.717663 0.132178
vt 0.632256 0.598435
vt 0.632340 0.600594
vt 0.630806 0.600313
vt 0.630723 0.598154
vt 0.632340 0.602987
vt 0.630806 0.602706
vt 0.632256 0.605066
vt 0.630723 0.604785
vt 0.716356 0.764032
vt 0.715872 0.761402
vt 0.717378 0.761403
vt 0.717862 0.764033
vt 0.715872 0.758429
vt 0.717378 0.758430
vt 0.716356 0.755795
vt 0.717862 0.755796
vt 0.630097 0.645319
vt 0.630077 0.643296
vt 0.631611 0.643010
vt 0.631631 0.645033
vt 0.630077 0.640911
vt 0.631611 0.640625
vt 0.630097 0.638712
vt 0.631631 0.638426
vt 0.719169 0.121955
vt 0.718480 0.124175
vt 0.716973 0.124176
vt 0.717663 0.121956
vt 0.772034 0.790758
vt 0.771827 0.791878
vt 0.771253 0.792739
vt 0.770444 0.793145
vt 0.769585 0.793003
vt 0.768872 0.792345
vt 0.768470 0.791321
vt 0.768470 0.790167
vt 0.768872 0.789146
vt 0.769585 0.788493
vt 0.770444 0.788358
vt 0.771253 0.788770
vt 0.771827 0.789636
vt 0.785471 0.004356
vt 0.786925 0.002022
vt 0.786936 0.002038
vt 0.785488 0.004362
vt 0.788975 0.000593
vt 0.788977 0.000614
vt 0.791152 0.000394
vt 0.791145 0.000416
vt 0.792956 0.001473
vt 0.792942 0.001491
vt 0.793975 0.003581
vt 0.793957 0.003590
vt 0.793975 0.006236
vt 0.793957 0.006235
vt 0.792956 0.008829
vt 0.792942 0.008818
vt 0.791152 0.010767
vt 0.791145 0.010748
vt 0.788975 0.011606
vt 0.788977 0.011583
vt 0.786925 0.011152
vt 0.786936 0.011132
vt 0.785471 0.009511
vt 0.785488 0.009497
vt 0.784947 0.007058
vt 0.784965 0.007054
vt 0.774282 0.790767
vt 0.773817 0.793279
vt 0.772530 0.795212
vt 0.770715 0.796123
vt 0.768787 0.795804
vt 0.767190 0.794326
vt 0.766288 0.792030
vt 0.766288 0.789441
vt 0.767190 0.787151
vt 0.768787 0.785686
vt 0.770715 0.785382
vt 0.772530 0.786307
vt 0.773817 0.788251
vt 0.716654 0.129949
vt 0.716405 0.127061
vt 0.717344 0.132178
vt 0.630482 0.600253
vt 0.630398 0.598095
vt 0.630482 0.602646
vt 0.630398 0.604725
vt 0.717697 0.761403
vt 0.718181 0.764033
vt 0.717697 0.758430
vt 0.718181 0.755796
vt 0.631936 0.642949
vt 0.631956 0.644972
vt 0.631936 0.640564
vt 0.631956 0.638365
vt 0.716654 0.124177
vt 0.717344 0.121956
vt 0.630679 0.612350
vt 0.630896 0.609834
vt 0.631215 0.609835
vt 0.630998 0.612350
vt 0.630679 0.607321
vt 0.630998 0.607321
vt 0.630077 0.605385
vt 0.630396 0.605385
vt 0.632450 0.693717
vt 0.632376 0.695723
vt 0.632052 0.695657
vt 0.632126 0.693652
vt 0.632376 0.697765
vt 0.632052 0.697700
vt 0.632450 0.699376
vt 0.632126 0.699311
vt 0.632046 0.605066
vt 0.632467 0.607361
vt 0.632148 0.607362
vt 0.631727 0.605066
vt 0.632467 0.609951
vt 0.632148 0.609951
vt 0.632046 0.612241
vt 0.712056 0.128319
vt 0.712074 0.126654
vt 0.712398 0.126592
vt 0.712381 0.128257
vt 0.712074 0.124597
vt 0.712398 0.124535
vt 0.712056 0.122620
vt 0.712381 0.122558
vt 0.630077 0.614291
vt 0.630396 0.614291
vt 0.785133 0.004226
vt 0.786684 0.001737
vt 0.788870 0.000212
vt 0.791192 -0.000000
vt 0.630077 0.600247
vt 0.630077 0.602491
vt 0.719462 0.765355
vt 0.719039 0.765718
vt 0.718658 0.763775
vt 0.718204 0.761310
vt 0.718204 0.758523
vt 0.718658 0.756054
vt 0.719039 0.754104
vt 0.719462 0.754467
vt 0.632323 0.642779
vt 0.632323 0.640544
vt 0.786684 0.011475
vt 0.785133 0.009725
vt 0.784573 0.007109
vt 0.631494 0.612530
vt 0.631727 0.609834
vt 0.631494 0.607140
vt 0.630849 0.605066
vt 0.631728 0.693420
vt 0.631648 0.695569
vt 0.631648 0.697758
vt 0.788946 0.011184
vt 0.790969 0.010405
vt 0.792646 0.008604
vt 0.793593 0.006194
vt 0.793593 0.003727
vt 0.792646 0.001768
vt 0.712786 0.126642
vt 0.712786 0.124438
vt 0.712767 0.122318
vt 0.630849 0.614610
vt 0.765215 0.796166
vt 0.763495 0.797538
vt 0.761421 0.797538
vt 0.759470 0.796166
vt 0.758088 0.793737
vt 0.757592 0.790806
vt 0.758095 0.788046
vt 0.759483 0.786088
vt 0.761436 0.785382
vt 0.763509 0.786088
vt 0.765225 0.788046
vt 0.766192 0.790806
vt 0.766188 0.793737
vt 0.720118 0.127060
vt 0.719866 0.124175
vt 0.721371 0.124176
vt 0.721622 0.127061
vt 0.719169 0.121955
vt 0.720674 0.121956
vt 0.632301 0.631759
vt 0.632325 0.633959
vt 0.630791 0.633674
vt 0.630767 0.631473
vt 0.632325 0.636344
vt 0.630791 0.636058
vt 0.632301 0.638365
vt 0.630767 0.638079
vt 0.700748 0.744754
vt 0.701236 0.747388
vt 0.699731 0.747388
vt 0.699243 0.744754
vt 0.701236 0.750360
vt 0.699731 0.750361
vt 0.700748 0.752990
vt 0.699243 0.752991
vt 0.630099 0.631412
vt 0.630077 0.629301
vt 0.631611 0.629014
vt 0.631633 0.631126
vt 0.630077 0.626904
vt 0.631611 0.626618
vt 0.630099 0.624772
vt 0.631633 0.624485
vt 0.719169 0.132177
vt 0.719866 0.129947
vt 0.721371 0.129949
vt 0.720674 0.132178
vt 0.495367 0.790675
vt 0.495761 0.789604
vt 0.496472 0.788844
vt 0.497338 0.788570
vt 0.498159 0.788844
vt 0.498749 0.789604
vt 0.498972 0.790675
vt 0.498776 0.791812
vt 0.498207 0.792755
vt 0.497395 0.793288
vt 0.496526 0.793288
vt 0.495799 0.792755
vt 0.495381 0.791812
vt 0.548836 0.789597
vt 0.549358 0.792302
vt 0.549340 0.792298
vt 0.548820 0.789604
vt 0.548836 0.794760
vt 0.548820 0.794746
vt 0.547388 0.796407
vt 0.547378 0.796386
vt 0.545348 0.796865
vt 0.545345 0.796843
vt 0.543181 0.796031
vt 0.543187 0.796012
vt 0.541385 0.794095
vt 0.541398 0.794083
vt 0.540370 0.791500
vt 0.540388 0.791499
vt 0.540370 0.788842
vt 0.540388 0.788851
vt 0.541385 0.786728
vt 0.541398 0.786746
vt 0.543181 0.785644
vt 0.543187 0.785666
vt 0.545348 0.785837
vt 0.545345 0.785859
vt 0.547388 0.787264
vt 0.547378 0.787280
vt 0.493154 0.790316
vt 0.494038 0.787913
vt 0.495633 0.786209
vt 0.497575 0.785594
vt 0.499419 0.786209
vt 0.500743 0.787913
vt 0.501242 0.790316
vt 0.500803 0.792868
vt 0.499526 0.794983
vt 0.497704 0.796177
vt 0.495754 0.796177
vt 0.494124 0.794983
vt 0.493185 0.792868
vt 0.721689 0.124177
vt 0.721941 0.127061
vt 0.720993 0.121956
vt 0.630466 0.633613
vt 0.630442 0.631412
vt 0.630466 0.635997
vt 0.630442 0.638018
vt 0.699412 0.747389
vt 0.698925 0.744755
vt 0.699412 0.750361
vt 0.698925 0.752991
vt 0.631936 0.628954
vt 0.631958 0.631065
vt 0.631936 0.626557
vt 0.631958 0.624425
vt 0.721689 0.129949
vt 0.720993 0.132178
vt 0.631126 0.590806
vt 0.630908 0.593319
vt 0.630589 0.593319
vt 0.630808 0.590806
vt 0.631126 0.595834
vt 0.630808 0.595835
vt 0.631732 0.597775
vt 0.631414 0.597775
vt 0.712056 0.122621
vt 0.712035 0.124597
vt 0.711710 0.124535
vt 0.711731 0.122558
vt 0.712035 0.126654
vt 0.711710 0.126592
vt 0.712056 0.128321
vt 0.711731 0.128259
vt 0.632113 0.585911
vt 0.631688 0.583621
vt 0.632006 0.583621
vt 0.632432 0.585911
vt 0.631688 0.581031
vt 0.632006 0.581032
vt 0.632113 0.578736
vt 0.632432 0.578736
vt 0.712786 0.128232
vt 0.712806 0.126656
vt 0.713131 0.126594
vt 0.713111 0.128170
vt 0.712806 0.124624
vt 0.713131 0.124562
vt 0.712786 0.122602
vt 0.713111 0.122540
vt 0.631732 0.588870
vt 0.631414 0.588870
vt 0.549178 0.789471
vt 0.549735 0.792356
vt 0.549178 0.794977
vt 0.547634 0.796734
vt 0.630077 0.633592
vt 0.630077 0.635827
vt 0.697638 0.743426
vt 0.698062 0.743063
vt 0.698447 0.745012
vt 0.698904 0.747481
vt 0.698904 0.750268
vt 0.698447 0.752733
vt 0.698062 0.754676
vt 0.697638 0.754313
vt 0.632324 0.628805
vt 0.632324 0.626558
vt 0.543146 0.785254
vt 0.545457 0.785460
vt 0.547634 0.786982
vt 0.630311 0.590625
vt 0.630077 0.593319
vt 0.630311 0.596015
vt 0.630961 0.598095
vt 0.711345 0.122318
vt 0.711322 0.124436
vt 0.711322 0.126641
vt 0.541699 0.787027
vt 0.540756 0.788991
vt 0.540756 0.791462
vt 0.541699 0.793873
vt 0.543368 0.795673
vt 0.545381 0.796448
vt 0.713519 0.126663
vt 0.713519 0.124486
vt 0.713497 0.122318
vt 0.630961 0.588550
vt 0.647386 0.129074
vt 0.646235 0.129707
vt 0.645013 0.129493
vt 0.644000 0.128482
vt 0.643428 0.126905
vt 0.643428 0.125124
vt 0.644000 0.123546
vt 0.645013 0.122534
vt 0.646235 0.122318
vt 0.647386 0.122949
vt 0.648202 0.124282
vt 0.648497 0.126011
vt 0.648202 0.127741
vt 0.630608 0.702606
vt 0.630467 0.700877
vt 0.631321 0.700878
vt 0.631462 0.702606
vt 0.630077 0.699546
vt 0.630931 0.699546
vt 0.682986 0.707810
vt 0.682994 0.709054
vt 0.682120 0.708906
vt 0.682112 0.707663
vt 0.682994 0.710442
vt 0.682120 0.710295
vt 0.682986 0.711658
vt 0.682112 0.711510
vt 0.694869 0.123331
vt 0.695143 0.124909
vt 0.694290 0.124910
vt 0.694015 0.123332
vt 0.695143 0.126691
vt 0.694290 0.126691
vt 0.694869 0.128267
vt 0.694015 0.128267
vt 0.710061 0.126343
vt 0.710040 0.125127
vt 0.710913 0.124981
vt 0.710934 0.126197
vt 0.710040 0.123739
vt 0.710913 0.123592
vt 0.710061 0.122495
vt 0.710934 0.122349
vt 0.630077 0.705671
vt 0.630467 0.704336
vt 0.631321 0.704337
vt 0.630931 0.705672
vt 0.675622 0.125370
vt 0.675846 0.124727
vt 0.676257 0.124271
vt 0.676760 0.124106
vt 0.677242 0.124271
vt 0.677591 0.124727
vt 0.677727 0.125370
vt 0.677620 0.126053
vt 0.677293 0.126620
vt 0.676822 0.126940
vt 0.676315 0.126940
vt 0.675887 0.126620
vt 0.675637 0.126053
vt 0.633032 0.124967
vt 0.633882 0.123560
vt 0.633888 0.123569
vt 0.633042 0.124971
vt 0.635081 0.122688
vt 0.635082 0.122700
vt 0.636353 0.122551
vt 0.636349 0.122564
vt 0.637408 0.123181
vt 0.637400 0.123192
vt 0.638004 0.124433
vt 0.637993 0.124439
vt 0.638004 0.126021
vt 0.637993 0.126021
vt 0.637408 0.127581
vt 0.637400 0.127574
vt 0.636353 0.128755
vt 0.636349 0.128743
vt 0.635081 0.129274
vt 0.635082 0.129261
vt 0.633882 0.129020
vt 0.633888 0.129007
vt 0.633032 0.128051
vt 0.633042 0.128042
vt 0.632726 0.126588
vt 0.632736 0.126585
vt 0.674328 0.125155
vt 0.674829 0.123711
vt 0.675751 0.122688
vt 0.676881 0.122318
vt 0.677962 0.122688
vt 0.678745 0.123711
vt 0.679051 0.125155
vt 0.678810 0.126687
vt 0.678077 0.127958
vt 0.677020 0.128675
vt 0.675882 0.128675
vt 0.674922 0.127958
vt 0.674362 0.126687
vt 0.631502 0.700878
vt 0.631643 0.702606
vt 0.631112 0.699547
vt 0.681935 0.708875
vt 0.681927 0.707631
vt 0.681935 0.710264
vt 0.681927 0.711479
vt 0.694109 0.124910
vt 0.693834 0.123332
vt 0.694109 0.126691
vt 0.693834 0.128267
vt 0.711099 0.124950
vt 0.711120 0.126166
vt 0.711099 0.123562
vt 0.711120 0.122318
vt 0.631502 0.704337
vt 0.631112 0.705672
vt 0.708413 0.123670
vt 0.708290 0.125176
vt 0.708109 0.125177
vt 0.708232 0.123670
vt 0.708413 0.126684
vt 0.708232 0.126684
vt 0.708753 0.127846
vt 0.708573 0.127846
vt 0.677811 0.128832
vt 0.677804 0.130001
vt 0.677619 0.129969
vt 0.677626 0.128801
vt 0.677804 0.131182
vt 0.677619 0.131150
vt 0.677811 0.132105
vt 0.677626 0.132073
vt 0.710655 0.132053
vt 0.710417 0.130680
vt 0.710598 0.130680
vt 0.710836 0.132053
vt 0.710417 0.129128
vt 0.710598 0.129128
vt 0.710655 0.127752
vt 0.710836 0.127753
vt 0.676972 0.132106
vt 0.676991 0.131183
vt 0.677176 0.131151
vt 0.677157 0.132074
vt 0.676991 0.130002
vt 0.677176 0.129970
vt 0.676972 0.128834
vt 0.677157 0.128801
vt 0.708753 0.122510
vt 0.708573 0.122510
vt 0.632834 0.124896
vt 0.633741 0.123394
vt 0.635019 0.122464
vt 0.636377 0.122318
vt 0.681715 0.708878
vt 0.681715 0.710180
vt 0.693109 0.122536
vt 0.693349 0.122318
vt 0.693564 0.123486
vt 0.693821 0.124965
vt 0.693821 0.126635
vt 0.693564 0.128113
vt 0.693349 0.129278
vt 0.693109 0.129060
vt 0.711322 0.124867
vt 0.711322 0.123565
vt 0.633741 0.129219
vt 0.632834 0.128185
vt 0.632507 0.126624
vt 0.707951 0.123562
vt 0.707819 0.125176
vt 0.707951 0.126792
vt 0.708316 0.128038
vt 0.677407 0.128675
vt 0.677399 0.129928
vt 0.677399 0.131193
vt 0.635064 0.129026
vt 0.636246 0.128543
vt 0.637227 0.127452
vt 0.637780 0.126003
vt 0.637780 0.124527
vt 0.637226 0.123363
vt 0.636246 0.122778
vt 0.677399 0.129928
vt 0.677379 0.128675
vt 0.708316 0.122318
vt 0.785754 0.679419
vt 0.787660 0.822134
vt 0.785754 0.822083
vt 0.789566 0.679522
vt 0.787660 0.679470
vt 0.791472 0.679573
vt 0.789566 0.822185
vt 0.533665 0.042673
vt 0.493154 0.144680
vt 0.493154 0.001467
vt 0.727836 0.061490
vt 0.725913 0.121080
vt 0.725913 0.061564
vt 0.729759 0.061416
vt 0.727836 0.121006
vt 0.731682 0.120857
vt 0.729759 0.120932
vt 0.591991 0.476730
vt 0.632499 0.578736
vt 0.591991 0.536674
vt 0.791472 0.679419
vt 0.793395 0.818073
vt 0.791472 0.818003
vt 0.795318 0.679560
vt 0.793395 0.679489
vt 0.797241 0.818214
vt 0.795318 0.818144
vt 0.533665 0.102621
vt 0.632507 0.143213
vt 0.732667 0.000293
vt 0.734564 0.058363
vt 0.732666 0.058460
vt 0.736462 0.000098
vt 0.734564 0.000195
vt 0.738360 0.000000
vt 0.736462 0.058265
vt 0.533662 0.536054
vt 0.821538 0.274361
vt 0.819615 0.132253
vt 0.821538 0.132178
vt 0.817693 0.274510
vt 0.819615 0.274435
vt 0.815770 0.274584
vt 0.817693 0.132327
vt 0.591996 0.102007
vt 0.632507 -0.000000
vt 0.730760 0.059820
vt 0.732666 0.000154
vt 0.732666 0.059871
vt 0.728854 0.059769
vt 0.730760 0.000103
vt 0.726948 -0.000000
vt 0.728854 0.000051
vt 0.493154 0.577254
vt 0.533662 0.476109
vt 0.802935 0.818379
vt 0.801037 0.679517
vt 0.802935 0.679419
vt 0.799139 0.818575
vt 0.801037 0.818477
vt 0.797242 0.818672
vt 0.799139 0.679615
vt 0.591996 0.042059
vt 0.735528 0.119492
vt 0.737451 0.061552
vt 0.737451 0.119562
vt 0.733605 0.119421
vt 0.735528 0.061482
vt 0.731682 0.061341
vt 0.733605 0.061412
vt 0.493154 0.434048
vt 0.555971 0.579155
vt 0.540370 0.721399
vt 0.540370 0.578736
vt 0.571572 0.722239
vt 0.555971 0.721819
vt 0.571572 0.579575
vt 0.587173 0.722659
vt 0.533665 0.187354
vt 0.493154 0.289360
vt 0.493154 0.146147
vt 0.648246 0.001217
vt 0.632507 0.061341
vt 0.632507 0.001825
vt 0.663985 0.060125
vt 0.648246 0.060733
vt 0.679724 0.000000
vt 0.663985 0.000608
vt 0.591991 0.332042
vt 0.632499 0.434048
vt 0.591991 0.391986
vt 0.737682 0.132754
vt 0.721941 0.270762
vt 0.721941 0.132178
vt 0.753424 0.133330
vt 0.737683 0.271338
vt 0.769166 0.272490
vt 0.753424 0.271914
vt 0.533665 0.247301
vt 0.632507 0.287893
vt 0.694844 0.062941
vt 0.679309 0.121909
vt 0.679309 0.063741
vt 0.710379 0.062141
vt 0.694844 0.121108
vt 0.725913 0.061341
vt 0.710379 0.120309
vt 0.533662 0.391366
vt 0.540370 0.720918
vt 0.524632 0.579344
vt 0.540370 0.578735
vt 0.524632 0.721527
vt 0.508893 0.579952
vt 0.493154 0.722743
vt 0.508893 0.722135
vt 0.591996 0.246687
vt 0.632507 0.144680
vt 0.679309 0.122318
vt 0.663709 0.062181
vt 0.679309 0.062601
vt 0.663709 0.121898
vt 0.648108 0.061761
vt 0.648108 0.121479
vt 0.632507 0.061341
vt 0.493154 0.289360
vt 0.533662 0.331422
vt 0.800235 0.271938
vt 0.815770 0.132178
vt 0.815770 0.271138
vt 0.784701 0.272738
vt 0.800235 0.132978
vt 0.769166 0.273538
vt 0.784701 0.133778
vt 0.591996 0.186739
vt 0.711207 0.059162
vt 0.726949 0.001728
vt 0.726949 0.059738
vt 0.695465 0.058586
vt 0.711207 0.001152
vt 0.679724 0.058010
vt 0.695465 0.000576
vt 0.632499 0.290842
vt 0.663914 0.735381
vt 0.632507 0.289360
vt 0.934595 0.680124
vt 0.901738 0.289360
vt 0.786356 0.679419
vt 0.734679 0.289360
vt 0.314317 0.000000
vt 0.836828 0.680472
vt 0.869283 0.289360
vt 0.683596 0.680168
vt 0.632499 0.289360
vt 0.403746 -0.000000
vt 0.704384 0.122318
vt 0.591940 0.578735
vt 0.775153 0.058203
vt 1.000000 0.676699
vt 0.704384 0.127082
vt 0.990464 0.289360
vt 0.775565 0.013938
vt 0.606242 0.968569
vt 0.765622 0.092328
vt 0.615775 0.578735
vt 0.747894 -0.000000
vt 0.980931 0.677535
vt 0.678711 0.759204
vt 0.971396 0.289360
vt 0.743127 -0.000000
vt 0.620543 0.968285
vt 0.683433 0.707631
vt 0.601474 0.578741
vt 0.774951 0.720652
vt 0.985698 0.677240
vt 0.707819 0.127081
vt 0.995232 0.289371
vt 0.775153 0.090658
vt 0.596706 0.968836
vt 0.770801 0.013938
vt 0.625311 0.578740
vt 0.752068 0.731258
vt 0.630077 0.967296
vt 0.774951 0.688197
vt 0.976163 0.289368
vt 0.747894 0.051090
vt 0.611008 0.968531
vt 0.523537 0.722743
vt 0.647715 0.752235
vt 0.632499 0.752242
vt 0.662931 0.735592
vt 0.647715 0.735581
vt 0.663914 0.725079
vt 0.681715 0.722001
vt 0.701823 0.722009
vt 0.737941 0.078600
vt 0.737271 0.697502
vt 0.683589 0.725502
vt 0.701823 0.722051
vt 0.663914 0.699422
vt 0.508533 0.722743
vt 0.720025 0.702279
vt 0.719632 0.721998
vt 0.738255 0.061341
vt 0.683589 0.725714
vt 0.698386 0.725706
vt 0.683589 0.683613
vt 0.701823 0.680168
vt 0.701823 0.680168
vt 0.727687 0.757425
vt 0.727687 0.771513
vt 0.796097 0.058418
vt 0.783798 0.741642
vt 0.680319 0.786766
vt 0.751507 0.718199
vt 0.759642 0.109725
vt 0.751500 0.098227
vt 0.706841 0.757470
vt 0.714961 0.768984
vt 0.794207 0.094745
vt 0.777861 0.273555
vt 0.788118 0.073038
vt 0.735990 0.287798
vt 0.756478 0.123814
vt 0.756478 0.109725
vt 0.501208 0.756495
vt 0.501208 0.770584
vt 0.792240 0.029211
vt 0.531857 0.769300
vt 0.691791 0.786933
vt 0.537211 0.755195
vt 0.516088 0.769591
vt 0.507946 0.758093
vt 0.770185 0.733602
vt 0.756834 0.729103
vt 0.794043 0.273753
vt 0.783867 0.756532
vt 0.710025 0.786281
vt 0.521995 0.755653
vt 0.766035 0.025159
vt 0.752660 0.020730
vt 0.553721 0.767891
vt 0.540370 0.763392
vt 0.794065 0.109941
vt 0.641195 0.766211
vt 0.718227 0.786281
vt 0.569630 0.741313
vt 0.756834 0.705771
vt 0.764953 0.694257
vt 0.739866 0.757886
vt 0.747986 0.769399
vt 0.655695 0.781522
vt 0.656410 0.766433
vt 0.788118 0.088048
vt 0.751500 0.111095
vt 0.645850 0.759223
vt 0.632499 0.763722
vt 0.568955 0.762932
vt 0.555581 0.767361
vt 0.796097 0.073476
vt 0.778880 0.722338
vt 0.727835 0.786348
vt 0.751500 0.111577
vt 0.752244 0.072855
vt 0.760363 0.061341
vt 0.767052 0.756515
vt 0.775172 0.768029
vt 0.663674 0.781522
vt 0.784260 0.013954
vt 0.699994 0.786933
vt 0.750038 0.287798
vt 0.761812 0.694257
vt 0.761812 0.680168
vt 0.668932 0.757955
vt 0.677052 0.769468
vt 0.792240 0.014153
vt 0.784260 0.028844
vt 0.743050 0.786696
vt 0.748897 0.757886
vt 0.757039 0.756516
vt 0.748897 0.745018
vt 0.778025 0.107068
vt 0.764674 0.102569
vt 0.515926 0.784696
vt 0.766288 0.770508
vt 0.501356 0.785418
vt 0.507203 0.756495
vt 0.757638 0.041755
vt 0.757638 0.027666
vt 0.753915 0.756516
vt 0.762034 0.768029
vt 0.640479 0.781300
vt 0.579492 0.770204
vt 0.540060 0.784118
vt 0.733681 0.757425
vt 0.528140 0.769283
vt 0.528140 0.755195
vt 0.764888 0.708233
vt 0.764888 0.722322
vt 0.578776 0.785293
vt 0.757592 0.770508
vt 0.672116 0.786766
vt 0.677963 0.757955
vt 0.760802 0.013938
vt 0.752660 0.002440
vt 0.770125 0.742427
vt 0.770125 0.756516
vt 0.531142 0.784389
vt 0.516642 0.769608
vt 0.786086 0.124560
vt 0.697638 0.758370
vt 0.752660 0.053268
vt 0.760780 0.041755
vt 0.584171 0.763252
vt 0.570797 0.767681
vt 0.586756 0.785293
vt 0.549066 0.770380
vt 0.786227 0.109365
vt 0.715872 0.757470
vt 0.765622 0.089821
vt 0.752248 0.085392
vt 0.777883 0.121005
vt 0.764532 0.116506
vt 0.539837 0.784509
vt 0.774983 0.770508
vt 0.783374 0.786241
vt 0.584845 0.756459
vt 0.763413 0.283712
vt 0.750038 0.279283
vt 0.696964 0.765163
vt 0.683589 0.769592
vt 0.563560 0.784973
vt 0.564276 0.769884
vt 0.786063 0.288373
vt 0.554419 0.756611
vt 0.647715 0.763954
vt 0.655834 0.752441
vt 0.791472 0.822237
vt 0.731682 0.061341
vt 0.632499 0.435530
vt 0.797241 0.679630
vt 0.738360 0.058167
vt 0.815770 0.132401
vt 0.726948 0.059718
vt 0.797242 0.679712
vt 0.731682 0.119351
vt 0.587173 0.579995
vt 0.679724 0.059516
vt 0.769166 0.133906
vt 0.725913 0.119508
vt 0.493154 0.432566
vt 0.493154 0.580561
vt 0.632507 0.121059
vt 0.769166 0.134578
vt 0.679724 -0.000000
s 1
usemtl Metal_1
f 4/1/1 2/2/1 1/3/1
f 5/4/1 3/5/1 2/2/1
f 7/6/1 5/4/1 4/1/1
f 8/7/1 6/8/1 5/4/1
f 10/9/1 8/7/1 7/6/1
f 11/10/1 9/11/1 8/7/1
f 14/12/2 16/13/2 13/14/2
f 15/15/2 17/16/2 14/12/2
f 17/16/2 19/17/2 16/13/2
f 18/18/2 20/19/2 17/16/2
f 20/19/2 22/20/2 19/17/2
f 21/21/2 23/22/2 20/19/2
f 67/23/3 69/24/3 70/25/3
f 72/26/3 74/27/3 71/28/3
f 75/29/4 77/30/4 78/31/4
f 80/32/4 82/33/4 79/34/4
f 3/35/5 28/36/6 27/37/7
f 9/38/5 28/36/6 6/39/5
f 12/40/5 29/41/6 9/38/5
f 27/37/7 18/42/8 15/43/8
f 29/41/6 18/42/8 28/36/6
f 30/44/7 21/45/8 29/41/6
f 83/46/9 85/47/9 86/48/9
f 88/49/9 90/50/9 87/51/9
f 91/52/10 93/53/10 94/54/10
f 96/55/10 98/56/10 95/57/10
f 10/58/11 33/59/12 32/60/13
f 4/61/11 33/59/12 7/62/11
f 1/63/11 34/64/12 4/61/11
f 32/60/13 19/65/14 22/66/14
f 34/64/12 19/65/14 33/59/12
f 25/67/13 16/68/14 34/64/12
f 12/69/9 36/70/9 35/71/9
f 31/72/9 36/70/9 11/73/9
f 31/72/9 38/74/9 37/75/9
f 12/69/9 38/74/9 30/76/9
f 10/77/9 39/78/9 11/73/9
f 10/77/9 41/79/9 40/80/9
f 31/72/9 41/79/9 32/81/9
f 11/73/9 42/82/9 31/72/9
f 1/83/3 44/84/3 43/85/3
f 2/86/3 45/87/3 44/84/3
f 26/88/3 46/89/3 45/87/3
f 1/83/3 46/89/3 25/90/3
f 3/91/3 47/92/3 2/86/3
f 3/91/3 49/93/3 48/94/3
f 26/88/3 49/93/3 27/95/3
f 26/88/3 47/92/3 50/96/3
f 25/90/4 52/97/4 51/98/4
f 14/99/4 52/97/4 26/88/4
f 14/99/4 54/100/4 53/101/4
f 25/90/4 54/100/4 13/102/4
f 27/95/4 55/103/4 26/88/4
f 27/95/4 57/104/4 56/105/4
f 14/99/4 57/104/4 15/106/4
f 26/88/4 58/107/4 14/99/4
f 30/76/10 60/108/10 59/109/10
f 23/110/10 60/108/10 31/72/10
f 23/110/10 62/111/10 61/112/10
f 30/76/10 62/111/10 24/113/10
f 32/81/10 63/114/10 31/72/10
f 32/81/10 65/115/10 64/116/10
f 23/110/10 65/115/10 22/117/10
f 31/72/10 66/118/10 23/110/10
f 44/119/15 67/120/15 43/121/15
f 45/122/16 68/123/16 44/124/16
f 46/125/17 69/126/17 45/127/17
f 46/128/18 67/129/18 70/130/18
f 48/131/15 71/132/15 47/133/15
f 49/134/19 72/135/19 48/136/19
f 50/137/17 73/138/17 49/139/17
f 50/140/20 71/141/20 74/142/20
f 52/143/21 75/144/21 51/145/21
f 53/146/16 76/147/16 52/148/16
f 54/149/22 77/150/22 53/151/22
f 54/152/23 75/153/23 78/154/23
f 56/155/21 79/156/21 55/157/21
f 57/158/24 80/159/24 56/160/24
f 58/161/22 81/162/22 57/163/22
f 58/164/20 79/165/20 82/166/20
f 36/167/25 83/168/25 35/169/25
f 37/170/20 84/171/20 36/172/20
f 38/173/26 85/174/26 37/175/26
f 38/176/27 83/177/27 86/178/27
f 40/179/25 87/180/25 39/181/25
f 41/182/28 88/183/28 40/184/28
f 42/185/26 89/186/26 41/187/26
f 42/188/16 87/189/16 90/190/16
f 60/191/29 91/192/29 59/193/29
f 61/194/20 92/195/20 60/196/20
f 62/197/30 93/198/30 61/199/30
f 62/200/31 91/201/31 94/202/31
f 64/203/29 95/204/29 63/205/29
f 65/206/32 96/207/32 64/208/32
f 66/209/30 97/210/30 65/211/30
f 66/212/16 95/213/16 98/214/16
f 108/215/33 102/216/33 100/217/33
f 117/218/34 119/219/34 115/220/34
f 110/221/16 103/222/16 99/223/16
f 114/224/35 104/225/35 109/226/35
f 113/227/20 120/228/20 106/229/20
f 107/230/36 105/231/36 101/232/36
f 99/233/37 107/234/37 108/215/37
f 100/235/38 109/226/38 110/236/38
f 101/237/39 111/238/39 112/239/39
f 102/240/40 113/241/40 114/224/40
f 103/242/41 115/243/41 116/244/41
f 104/245/42 117/218/42 118/246/42
f 105/231/43 119/247/43 120/248/43
f 106/249/44 121/250/44 122/251/44
f 107/234/45 112/239/45 108/215/45
f 111/238/46 102/216/46 112/239/46
f 102/240/47 109/226/48 100/235/48
f 100/217/49 99/233/50 108/215/50
f 115/220/51 118/246/51 117/218/51
f 104/245/52 121/250/52 117/218/52
f 106/249/53 119/219/53 121/250/53
f 105/231/54 115/243/54 119/247/54
f 110/221/55 104/252/55 118/253/55
f 116/254/56 99/223/56 103/222/56
f 114/255/57 106/229/57 122/256/58
f 111/257/59 105/258/59 120/228/59
f 136/259/60 124/260/60 132/261/60
f 141/262/61 143/263/61 139/264/61
f 123/265/62 142/266/62 127/267/62
f 138/268/63 128/269/63 133/270/63
f 135/271/64 130/272/64 137/273/64
f 131/274/65 129/275/65 125/276/65
f 123/277/66 131/278/66 132/261/66
f 124/279/67 133/270/67 134/280/67
f 125/281/68 135/282/68 136/259/68
f 126/283/69 137/284/69 138/268/69
f 127/285/70 139/286/70 140/287/70
f 128/288/71 141/262/71 142/289/71
f 129/275/72 143/290/72 144/291/72
f 130/292/73 145/293/73 146/294/73
f 131/278/74 136/259/74 132/261/74
f 136/259/75 137/295/75 126/296/75
f 138/268/76 124/279/76 126/283/76
f 124/260/77 123/277/77 132/261/77
f 127/297/78 141/262/79 139/264/78
f 141/262/80 146/294/80 145/293/80
f 145/293/81 144/298/82 143/263/82
f 143/290/83 140/287/83 139/286/83
f 134/299/84 128/300/84 142/266/84
f 140/301/85 123/265/86 127/267/85
f 137/273/87 146/302/87 138/303/87
f 135/271/88 129/304/89 144/305/89
f 156/306/90 150/307/90 148/308/90
f 165/309/91 167/310/91 163/311/91
f 158/312/20 151/313/20 147/314/20
f 162/315/92 152/316/92 157/317/92
f 161/318/16 168/319/16 154/320/16
f 155/321/93 153/322/93 149/323/93
f 147/324/94 155/325/94 156/306/94
f 148/326/95 157/317/95 158/327/95
f 149/328/96 159/329/96 160/330/96
f 150/331/97 161/332/97 162/315/97
f 151/333/98 163/334/98 164/335/98
f 152/336/99 165/309/99 166/337/99
f 153/322/100 167/338/100 168/339/100
f 154/340/101 169/341/101 170/342/101
f 155/325/102 160/330/102 156/306/102
f 160/330/103 161/343/104 150/307/104
f 162/315/105 148/326/106 150/331/105
f 158/344/107 156/306/108 148/308/107
f 151/345/109 165/309/110 163/311/109
f 152/336/111 169/341/111 165/309/111
f 169/341/112 168/346/112 167/310/112
f 153/322/113 163/334/113 167/338/113
f 158/312/114 152/347/114 166/348/114
f 151/333/115 155/321/115 147/349/115
f 161/318/116 170/350/116 162/351/116
f 159/352/117 153/353/118 168/319/118
f 184/354/119 172/355/119 180/356/119
f 189/357/120 191/358/120 187/359/120
f 182/360/64 175/361/64 171/362/64
f 186/363/121 176/364/121 181/365/121
f 185/366/62 192/367/62 178/368/62
f 179/369/122 177/370/122 173/371/122
f 171/372/123 179/373/123 180/356/123
f 172/374/124 181/365/124 182/375/124
f 173/376/125 183/377/125 184/354/125
f 174/378/126 185/379/126 186/363/126
f 175/380/127 187/381/127 188/382/127
f 176/383/128 189/357/128 190/384/128
f 177/370/129 191/385/129 192/386/129
f 178/387/130 193/388/130 194/389/130
f 179/373/131 184/354/131 180/356/131
f 183/377/132 174/390/132 184/354/132
f 186/363/133 172/374/133 174/378/133
f 172/355/134 171/372/134 180/356/134
f 175/391/135 189/357/135 187/359/135
f 189/357/136 194/389/136 193/388/136
f 193/388/137 192/392/137 191/358/137
f 177/370/138 187/381/138 191/385/138
f 181/393/139 190/394/139 182/360/139
f 175/361/140 179/395/140 171/362/140
f 186/396/141 178/368/141 194/397/141
f 173/398/142 192/367/142 183/399/142
f 195/400/1 197/400/1 196/400/1
f 195/400/1 198/400/1 197/400/1
f 195/400/1 199/400/1 198/400/1
f 195/400/1 200/400/1 199/400/1
f 195/400/1 201/400/1 200/400/1
f 195/400/1 202/400/1 201/400/1
f 195/400/1 203/400/1 202/400/1
f 195/400/1 204/400/1 203/400/1
f 195/400/1 205/400/1 204/400/1
f 195/400/1 206/400/1 205/400/1
f 195/400/1 207/400/1 206/400/1
f 195/400/1 208/400/1 207/400/1
f 195/400/1 209/400/1 208/400/1
f 195/400/1 210/400/1 209/400/1
f 195/400/1 211/400/1 210/400/1
f 195/400/1 212/400/1 211/400/1
f 195/400/1 213/400/1 212/400/1
f 195/400/1 214/400/1 213/400/1
f 195/400/1 215/400/1 214/400/1
f 195/400/1 216/400/1 215/400/1
f 195/400/1 217/400/1 216/400/1
f 195/400/1 218/400/1 217/400/1
f 195/400/1 219/400/1 218/400/1
f 195/400/1 196/400/1 219/400/1
f 196/401/143 221/402/144 220/403/145
f 196/400/143 197/400/146 221/400/144
f 197/404/146 222/405/147 221/406/144
f 197/400/146 198/400/148 222/400/147
f 198/407/148 223/408/149 222/409/147
f 198/400/148 199/400/150 223/400/149
f 199/410/150 224/411/151 223/412/149
f 199/400/150 200/400/152 224/400/151
f 200/413/152 225/414/153 224/415/151
f 200/400/152 201/400/154 225/400/153
f 201/416/154 226/417/155 225/418/153
f 201/400/154 202/400/156 226/400/155
f 202/419/156 227/420/157 226/421/155
f 202/400/156 203/400/158 227/400/157
f 203/422/158 228/423/159 227/424/157
f 203/400/158 204/400/160 228/400/159
f 204/425/160 229/426/161 228/427/159
f 204/400/160 205/400/162 229/400/161
f 205/428/162 230/429/163 229/430/161
f 205/400/162 206/400/164 230/400/163
f 206/431/164 231/432/165 230/433/163
f 206/400/164 207/400/166 231/400/165
f 207/434/166 232/435/167 231/436/165
f 207/400/166 208/400/168 232/400/167
f 208/437/168 233/438/169 232/439/167
f 208/400/168 209/400/170 233/400/169
f 209/440/170 234/441/171 233/442/169
f 209/400/170 210/400/172 234/400/171
f 210/443/172 235/444/173 234/445/171
f 210/400/172 211/400/174 235/400/173
f 211/446/174 236/447/175 235/448/173
f 211/400/174 212/400/176 236/400/175
f 212/449/176 237/450/177 236/451/175
f 212/400/176 213/400/178 237/400/177
f 213/452/178 238/453/179 237/454/177
f 213/400/178 214/400/180 238/400/179
f 214/455/180 239/456/181 238/457/179
f 214/400/180 215/400/182 239/400/181
f 215/458/182 240/459/183 239/460/181
f 215/400/182 216/400/184 240/400/183
f 216/461/184 241/462/185 240/463/183
f 216/400/184 217/400/186 241/400/185
f 217/464/186 242/465/187 241/466/185
f 217/400/186 218/400/188 242/400/187
f 218/467/188 243/468/189 242/469/187
f 218/400/188 219/400/190 243/400/189
f 219/470/190 220/471/145 243/472/189
f 219/400/190 196/400/143 220/400/145
f 244/473/92 220/474/92 221/475/92
f 244/473/92 221/475/92 222/476/92
f 244/473/92 222/476/92 223/477/92
f 244/473/92 223/477/92 224/478/191
f 244/473/92 224/478/191 225/479/92
f 244/473/92 225/479/92 226/480/92
f 244/473/92 226/480/92 227/481/92
f 244/473/92 227/481/92 228/482/191
f 244/473/92 228/482/191 229/483/92
f 244/473/92 229/483/92 230/484/92
f 244/473/92 230/484/92 231/485/192
f 244/473/92 231/485/192 232/486/191
f 244/473/92 232/486/191 233/487/193
f 244/473/92 233/487/193 234/488/92
f 244/473/92 234/488/92 235/489/92
f 244/473/92 235/489/92 236/490/191
f 244/473/92 236/490/191 237/491/92
f 244/473/92 237/491/92 238/492/92
f 244/473/92 238/492/92 239/493/92
f 244/473/92 239/493/92 240/494/191
f 244/473/92 240/494/191 241/495/92
f 244/473/92 241/495/92 242/496/92
f 244/473/92 242/496/92 243/497/92
f 244/473/92 243/497/92 220/474/92
f 245/400/1 247/400/1 246/400/1
f 245/400/1 248/400/1 247/400/1
f 245/400/1 249/400/1 248/400/1
f 245/400/1 250/400/1 249/400/1
f 245/400/1 251/400/1 250/400/1
f 245/400/1 252/400/1 251/400/1
f 245/400/1 253/400/1 252/400/1
f 245/400/1 254/400/1 253/400/1
f 245/400/1 255/400/1 254/400/1
f 245/400/1 256/400/1 255/400/1
f 245/400/1 257/400/1 256/400/1
f 245/400/1 258/400/1 257/400/1
f 245/400/1 259/400/1 258/400/1
f 245/400/1 260/400/1 259/400/1
f 245/400/1 261/400/1 260/400/1
f 245/400/1 262/400/1 261/400/1
f 245/400/1 263/400/1 262/400/1
f 245/400/1 264/400/1 263/400/1
f 245/400/1 265/400/1 264/400/1
f 245/400/1 266/400/1 265/400/1
f 245/400/1 267/400/1 266/400/1
f 245/400/1 268/400/1 267/400/1
f 245/400/1 269/400/1 268/400/1
f 245/400/1 246/400/1 269/400/1
f 246/498/143 271/499/194 270/500/145
f 246/400/143 247/400/146 271/400/194
f 247/501/146 272/502/147 271/503/194
f 247/400/146 248/400/148 272/400/147
f 248/504/148 273/505/195 272/506/147
f 248/400/148 249/400/150 273/400/195
f 249/507/150 274/508/196 273/509/195
f 249/400/150 250/400/152 274/400/196
f 250/510/152 275/511/197 274/512/196
f 250/400/152 251/400/198 275/400/197
f 251/513/198 276/514/155 275/515/197
f 251/400/198 252/400/156 276/400/155
f 252/516/156 277/517/199 276/518/155
f 252/400/156 253/400/158 277/400/199
f 253/519/158 278/520/200 277/521/199
f 253/400/158 254/400/160 278/400/200
f 254/522/160 279/523/201 278/524/200
f 254/400/160 255/400/162 279/400/201
f 255/525/162 280/526/202 279/527/201
f 255/400/162 256/400/164 280/400/202
f 256/528/164 281/529/165 280/530/202
f 256/400/164 257/400/166 281/400/165
f 257/531/166 282/532/167 281/533/165
f 257/400/166 258/400/168 282/400/167
f 258/534/168 283/535/169 282/536/167
f 258/400/168 259/400/170 283/400/169
f 259/537/170 284/538/171 283/539/169
f 259/400/170 260/400/172 284/400/171
f 260/540/172 285/541/203 284/542/171
f 260/400/172 261/400/174 285/400/203
f 261/543/174 286/544/204 285/545/203
f 261/400/174 262/400/176 286/400/204
f 262/546/176 287/547/205 286/548/204
f 262/400/176 263/400/178 287/400/205
f 263/549/178 288/550/179 287/551/205
f 263/400/178 264/400/206 288/400/179
f 264/552/206 289/553/207 288/554/179
f 264/400/206 265/400/182 289/400/207
f 265/555/182 290/556/208 289/557/207
f 265/400/182 266/400/184 290/400/208
f 266/558/184 291/559/209 290/560/208
f 266/400/184 267/400/186 291/400/209
f 267/561/186 292/562/210 291/563/209
f 267/400/186 268/400/188 292/400/210
f 268/564/188 293/565/211 292/566/210
f 268/400/188 269/400/190 293/400/211
f 269/567/190 270/568/145 293/569/211
f 269/400/190 246/400/143 270/400/145
f 294/570/92 270/571/92 271/572/92
f 294/570/92 271/572/92 272/573/92
f 294/570/92 272/573/92 273/574/191
f 294/570/92 273/574/191 274/575/92
f 294/570/92 274/575/92 275/576/92
f 294/570/92 275/576/92 276/577/191
f 294/570/92 276/577/191 277/578/92
f 294/570/92 277/578/92 278/579/92
f 294/570/92 278/579/92 279/580/92
f 294/570/92 279/580/92 280/581/92
f 294/570/92 280/581/92 281/582/92
f 294/570/92 281/582/92 282/583/92
f 294/570/92 282/583/92 283/584/92
f 294/570/92 283/584/92 284/585/92
f 294/570/92 284/585/92 285/586/92
f 294/570/92 285/586/92 286/587/92
f 294/570/92 286/587/92 287/588/92
f 294/570/92 287/588/92 288/589/191
f 294/570/92 288/589/191 289/590/92
f 294/570/92 289/590/92 290/591/92
f 294/570/92 290/591/92 291/592/191
f 294/570/92 291/592/191 292/593/191
f 294/570/92 292/593/191 293/594/92
f 294/570/92 293/594/92 270/571/92
f 295/400/1 297/400/1 296/400/1
f 295/400/1 298/400/1 297/400/1
f 295/400/1 299/400/1 298/400/1
f 295/400/1 300/400/1 299/400/1
f 295/400/1 301/400/1 300/400/1
f 295/400/1 302/400/1 301/400/1
f 295/400/1 303/400/1 302/400/1
f 295/400/1 304/400/1 303/400/1
f 295/400/1 305/400/1 304/400/1
f 295/400/1 306/400/1 305/400/1
f 295/400/1 307/400/1 306/400/1
f 295/400/1 308/400/1 307/400/1
f 295/400/1 309/400/1 308/400/1
f 295/400/1 310/400/1 309/400/1
f 295/400/1 311/400/1 310/400/1
f 295/400/1 312/400/1 311/400/1
f 295/400/1 313/400/1 312/400/1
f 295/400/1 314/400/1 313/400/1
f 295/400/1 315/400/1 314/400/1
f 295/400/1 316/400/1 315/400/1
f 295/400/1 317/400/1 316/400/1
f 295/400/1 318/400/1 317/400/1
f 295/400/1 319/400/1 318/400/1
f 295/400/1 296/400/1 319/400/1
f 296/595/212 321/596/213 320/597/214
f 296/400/212 297/400/215 321/400/213
f 297/598/215 322/599/216 321/600/213
f 297/400/215 298/400/217 322/400/216
f 298/601/217 323/602/218 322/603/216
f 298/400/217 299/400/219 323/400/218
f 299/604/219 324/605/220 323/606/218
f 299/400/219 300/400/221 324/400/220
f 300/607/221 325/608/222 324/609/220
f 300/400/221 301/400/223 325/400/222
f 301/610/223 326/611/224 325/612/222
f 301/400/223 302/400/225 326/400/224
f 302/613/225 327/614/226 326/615/224
f 302/400/225 303/400/227 327/400/226
f 303/616/227 328/617/228 327/618/226
f 303/400/227 304/400/229 328/400/228
f 304/619/229 329/620/230 328/621/228
f 304/400/229 305/400/231 329/400/230
f 305/622/231 330/623/232 329/624/230
f 305/400/231 306/400/233 330/400/232
f 306/625/233 331/626/234 330/627/232
f 306/400/233 307/400/235 331/400/234
f 307/628/235 332/629/236 331/630/234
f 307/400/235 308/400/237 332/400/236
f 308/631/237 333/632/238 332/633/236
f 308/400/237 309/400/239 333/400/238
f 309/634/239 334/635/240 333/636/238
f 309/400/239 310/400/241 334/400/240
f 310/637/241 335/638/242 334/639/240
f 310/400/241 311/400/243 335/400/242
f 311/640/243 336/641/244 335/642/242
f 311/400/243 312/400/245 336/400/244
f 312/643/245 337/644/246 336/645/244
f 312/400/245 313/400/247 337/400/246
f 313/646/247 338/647/248 337/648/246
f 313/400/247 314/400/249 338/400/248
f 314/649/249 339/650/250 338/651/248
f 314/400/249 315/400/251 339/400/250
f 315/652/251 340/653/252 339/654/250
f 315/400/251 316/400/253 340/400/252
f 316/655/253 341/656/254 340/657/252
f 316/400/253 317/400/255 341/400/254
f 317/658/255 342/659/256 341/660/254
f 317/400/255 318/400/257 342/400/256
f 318/661/257 343/662/258 342/663/256
f 318/400/257 319/400/259 343/400/258
f 319/664/259 320/665/214 343/666/258
f 319/400/259 296/400/212 320/400/214
f 344/667/121 320/668/121 321/669/121
f 344/667/121 321/669/121 322/670/121
f 344/667/121 322/670/121 323/671/121
f 344/667/121 323/671/121 324/672/121
f 344/667/121 324/672/121 325/673/121
f 344/667/121 325/673/121 326/674/121
f 344/667/121 326/674/121 327/675/121
f 344/667/121 327/675/121 328/676/121
f 344/667/121 328/676/121 329/677/121
f 344/667/121 329/677/121 330/678/121
f 344/667/121 330/678/121 331/679/121
f 344/667/121 331/679/121 332/680/121
f 344/667/121 332/680/121 333/681/121
f 344/667/121 333/681/121 334/682/121
f 344/667/121 334/682/121 335/683/121
f 344/667/121 335/683/121 336/684/121
f 344/667/121 336/684/121 337/685/121
f 344/667/121 337/685/121 338/686/121
f 344/667/121 338/686/121 339/687/121
f 344/667/121 339/687/121 340/688/121
f 344/667/121 340/688/121 341/689/121
f 344/667/121 341/689/121 342/690/121
f 344/667/121 342/690/121 343/691/121
f 344/667/121 343/691/121 320/668/121
f 345/400/1 347/400/1 346/400/1
f 345/400/1 348/400/1 347/400/1
f 345/400/1 349/400/1 348/400/1
f 345/400/1 350/400/1 349/400/1
f 345/400/1 351/400/1 350/400/1
f 345/400/1 352/400/1 351/400/1
f 345/400/1 353/400/1 352/400/1
f 345/400/1 354/400/1 353/400/1
f 345/400/1 355/400/1 354/400/1
f 345/400/1 356/400/1 355/400/1
f 345/400/1 357/400/1 356/400/1
f 345/400/1 358/400/1 357/400/1
f 345/400/1 359/400/1 358/400/1
f 345/400/1 360/400/1 359/400/1
f 345/400/1 361/400/1 360/400/1
f 345/400/1 362/400/1 361/400/1
f 345/400/1 363/400/1 362/400/1
f 345/400/1 364/400/1 363/400/1
f 345/400/1 365/400/1 364/400/1
f 345/400/1 366/400/1 365/400/1
f 345/400/1 367/400/1 366/400/1
f 345/400/1 368/400/1 367/400/1
f 345/400/1 369/400/1 368/400/1
f 345/400/1 346/400/1 369/400/1
f 346/692/260 371/693/261 370/694/262
f 346/400/260 347/400/263 371/400/261
f 347/695/263 372/696/264 371/697/261
f 347/400/263 348/400/265 372/400/264
f 348/698/265 373/699/266 372/700/264
f 348/400/265 349/400/267 373/400/266
f 349/701/267 374/702/268 373/703/266
f 349/400/267 350/400/269 374/400/268
f 350/704/269 375/705/270 374/706/268
f 350/400/269 351/400/271 375/400/270
f 351/707/271 376/708/272 375/709/270
f 351/400/271 352/400/273 376/400/272
f 352/710/273 377/711/274 376/712/272
f 352/400/273 353/400/275 377/400/274
f 353/713/275 378/714/276 377/715/274
f 353/400/275 354/400/277 378/400/276
f 354/716/277 379/717/278 378/718/276
f 354/400/277 355/400/279 379/400/278
f 355/719/279 380/720/280 379/721/278
f 355/400/279 356/400/281 380/400/280
f 356/722/281 381/723/282 380/724/280
f 356/400/281 357/400/283 381/400/282
f 357/725/283 382/726/284 381/727/282
f 357/400/283 358/400/285 382/400/284
f 358/728/285 383/729/286 382/730/284
f 358/400/285 359/400/287 383/400/286
f 359/731/287 384/732/288 383/733/286
f 359/400/287 360/400/289 384/400/288
f 360/734/289 385/735/290 384/736/288
f 360/400/289 361/400/291 385/400/290
f 361/737/291 386/738/292 385/739/290
f 361/400/291 362/400/293 386/400/292
f 362/740/293 387/741/294 386/742/292
f 362/400/293 363/400/295 387/400/294
f 363/743/295 388/744/296 387/745/294
f 363/400/295 364/400/297 388/400/296
f 364/746/297 389/747/298 388/405/296
f 364/400/297 365/400/299 389/400/298
f 365/748/299 390/749/300 389/750/298
f 365/400/299 366/400/301 390/400/300
f 366/751/301 391/752/302 390/753/300
f 366/400/301 367/400/303 391/400/302
f 367/754/303 392/755/304 391/756/302
f 367/400/303 368/400/305 392/400/304
f 368/757/305 393/758/306 392/759/304
f 368/400/305 369/400/307 393/400/306
f 369/760/307 370/761/262 393/762/306
f 369/400/307 346/400/260 370/400/262
f 394/763/63 370/764/63 371/765/63
f 394/763/63 371/765/63 372/766/63
f 394/763/63 372/766/63 373/767/63
f 394/763/63 373/767/63 374/768/63
f 394/763/63 374/768/63 375/769/63
f 394/763/63 375/769/63 376/770/63
f 394/763/63 376/770/63 377/771/63
f 394/763/63 377/771/63 378/772/63
f 394/763/63 378/772/63 379/773/63
f 394/763/63 379/773/63 380/774/63
f 394/763/63 380/774/63 381/775/308
f 394/763/63 381/775/308 382/776/63
f 394/763/63 382/776/63 383/777/63
f 394/763/63 383/777/63 384/778/63
f 394/763/63 384/778/63 385/779/308
f 394/763/63 385/779/308 386/780/63
f 394/763/63 386/780/63 387/781/63
f 394/763/63 387/781/63 388/782/63
f 394/763/63 388/782/63 389/783/63
f 394/763/63 389/783/63 390/784/63
f 394/763/63 390/784/63 391/785/63
f 394/763/63 391/785/63 392/786/63
f 394/763/63 392/786/63 393/787/63
f 394/763/63 393/787/63 370/764/63
f 395/400/1 397/400/1 396/400/1
f 395/400/1 398/400/1 397/400/1
f 395/400/1 399/400/1 398/400/1
f 395/400/1 400/400/1 399/400/1
f 395/400/1 401/400/1 400/400/1
f 395/400/1 402/400/1 401/400/1
f 395/400/1 403/400/1 402/400/1
f 395/400/1 404/400/1 403/400/1
f 395/400/1 405/400/1 404/400/1
f 395/400/1 406/400/1 405/400/1
f 395/400/1 407/400/1 406/400/1
f 395/400/1 408/400/1 407/400/1
f 395/400/1 409/400/1 408/400/1
f 395/400/1 410/400/1 409/400/1
f 395/400/1 411/400/1 410/400/1
f 395/400/1 412/400/1 411/400/1
f 395/400/1 413/400/1 412/400/1
f 395/400/1 414/400/1 413/400/1
f 395/400/1 415/400/1 414/400/1
f 395/400/1 416/400/1 415/400/1
f 395/400/1 417/400/1 416/400/1
f 395/400/1 418/400/1 417/400/1
f 395/400/1 419/400/1 418/400/1
f 395/400/1 396/400/1 419/400/1
f 396/788/260 421/789/309 420/790/262
f 396/400/260 397/400/263 421/400/309
f 397/791/263 422/792/310 421/793/309
f 397/400/263 398/400/265 422/400/310
f 398/794/265 423/795/311 422/796/310
f 398/400/265 399/400/267 423/400/311
f 399/797/267 424/798/312 423/799/311
f 399/400/267 400/400/269 424/400/312
f 400/800/269 425/801/313 424/802/312
f 400/400/269 401/400/271 425/400/313
f 401/803/271 426/804/314 425/805/313
f 401/400/271 402/400/273 426/400/314
f 402/806/273 427/807/274 426/647/314
f 402/400/273 403/400/275 427/400/274
f 403/808/275 428/809/315 427/810/274
f 403/400/275 404/400/277 428/400/315
f 404/811/277 429/812/316 428/813/315
f 404/400/277 405/400/279 429/400/316
f 405/814/279 430/815/280 429/816/316
f 405/400/279 406/400/281 430/400/280
f 406/817/281 431/818/317 430/819/280
f 406/400/281 407/400/318 431/400/317
f 407/820/318 432/821/319 431/822/317
f 407/400/318 408/400/285 432/400/319
f 408/823/285 433/824/320 432/825/319
f 408/400/285 409/400/287 433/400/320
f 409/826/287 434/827/288 433/828/320
f 409/400/287 410/400/289 434/400/288
f 410/829/289 435/830/321 434/831/288
f 410/400/289 411/400/291 435/400/321
f 411/832/291 436/833/322 435/834/321
f 411/400/291 412/400/293 436/400/322
f 412/835/293 437/836/323 436/837/322
f 412/400/293 413/400/295 437/400/323
f 413/838/295 438/839/296 437/840/323
f 413/400/295 414/400/297 438/400/296
f 414/841/297 439/842/324 438/843/296
f 414/400/297 415/400/299 439/400/324
f 415/844/299 440/845/325 439/846/324
f 415/400/299 416/400/301 440/400/325
f 416/847/301 441/848/326 440/849/325
f 416/400/301 417/400/303 441/400/326
f 417/850/303 442/851/327 441/852/326
f 417/400/303 418/400/328 442/400/327
f 418/853/328 443/854/306 442/855/327
f 418/400/328 419/400/307 443/400/306
f 419/856/307 420/857/262 443/858/306
f 419/400/307 396/400/260 420/400/262
f 444/859/63 420/860/63 421/861/63
f 444/859/63 421/861/63 422/862/63
f 444/859/63 422/862/63 423/863/63
f 444/859/63 423/863/63 424/864/63
f 444/859/63 424/864/63 425/865/63
f 444/859/63 425/865/63 426/866/63
f 444/859/63 426/866/63 427/867/63
f 444/859/63 427/867/63 428/868/63
f 444/859/63 428/868/63 429/869/63
f 444/859/63 429/869/63 430/870/63
f 444/859/63 430/870/63 431/871/63
f 444/859/63 431/871/63 432/872/63
f 444/859/63 432/872/63 433/873/63
f 444/859/63 433/873/63 434/874/63
f 444/859/63 434/874/63 435/875/63
f 444/859/63 435/875/63 436/876/63
f 444/859/63 436/876/63 437/877/63
f 444/859/63 437/877/63 438/878/63
f 444/859/63 438/878/63 439/879/63
f 444/859/63 439/879/63 440/880/63
f 444/859/63 440/880/63 441/881/63
f 444/859/63 441/881/63 442/882/63
f 444/859/63 442/882/63 443/883/63
f 444/859/63 443/883/63 420/860/63
f 445/400/1 447/400/1 446/400/1
f 445/400/1 448/400/1 447/400/1
f 445/400/1 449/400/1 448/400/1
f 445/400/1 450/400/1 449/400/1
f 445/400/1 451/400/1 450/400/1
f 445/400/1 452/400/1 451/400/1
f 445/400/1 453/400/1 452/400/1
f 445/400/1 454/400/1 453/400/1
f 445/400/1 455/400/1 454/400/1
f 445/400/1 456/400/1 455/400/1
f 445/400/1 457/400/1 456/400/1
f 445/400/1 458/400/1 457/400/1
f 445/400/1 459/400/1 458/400/1
f 445/400/1 460/400/1 459/400/1
f 445/400/1 461/400/1 460/400/1
f 445/400/1 462/400/1 461/400/1
f 445/400/1 463/400/1 462/400/1
f 445/400/1 464/400/1 463/400/1
f 445/400/1 465/400/1 464/400/1
f 445/400/1 466/400/1 465/400/1
f 445/400/1 467/400/1 466/400/1
f 445/400/1 468/400/1 467/400/1
f 445/400/1 469/400/1 468/400/1
f 445/400/1 446/400/1 469/400/1
f 446/884/329 471/885/330 470/886/331
f 446/400/329 447/400/332 471/400/330
f 447/887/332 472/888/333 471/889/330
f 447/400/332 448/400/334 472/400/333
f 448/890/334 473/891/335 472/892/333
f 448/400/334 449/400/336 473/400/335
f 449/893/336 474/894/337 473/895/335
f 449/400/336 450/400/338 474/400/337
f 450/896/338 475/897/339 474/898/337
f 450/400/338 451/400/340 475/400/339
f 451/899/340 476/900/341 475/901/339
f 451/400/340 452/400/342 476/400/341
f 452/902/342 477/903/343 476/904/341
f 452/400/342 453/400/344 477/400/343
f 453/905/344 478/906/345 477/907/343
f 453/400/344 454/400/346 478/400/345
f 454/908/346 479/909/347 478/910/345
f 454/400/346 455/400/348 479/400/347
f 455/911/348 480/912/349 479/913/347
f 455/400/348 456/400/350 480/400/349
f 456/914/350 481/915/351 480/916/349
f 456/400/350 457/400/352 481/400/351
f 457/917/352 482/918/353 481/919/351
f 457/400/352 458/400/354 482/400/353
f 458/920/354 483/921/355 482/922/353
f 458/400/354 459/400/356 483/400/355
f 459/923/356 484/924/357 483/925/355
f 459/400/356 460/400/358 484/400/357
f 460/926/358 485/927/359 484/928/357
f 460/400/358 461/400/360 485/400/359
f 461/929/360 486/930/361 485/931/359
f 461/400/360 462/400/362 486/400/361
f 462/932/362 487/933/363 486/934/361
f 462/400/362 463/400/364 487/400/363
f 463/935/364 488/936/365 487/937/363
f 463/400/364 464/400/366 488/400/365
f 464/938/366 489/939/367 488/940/365
f 464/400/366 465/400/368 489/400/367
f 465/941/368 490/942/369 489/943/367
f 465/400/368 466/400/370 490/400/369
f 466/604/370 491/944/371 490/945/369
f 466/400/370 467/400/372 491/400/371
f 467/946/372 492/947/373 491/948/371
f 467/400/372 468/400/374 492/400/373
f 468/949/374 493/950/375 492/951/373
f 468/400/374 469/400/376 493/400/375
f 469/952/376 470/953/331 493/954/375
f 469/400/376 446/400/329 470/400/331
f 494/955/35 470/956/35 471/957/377
f 494/955/35 471/957/377 472/958/35
f 494/955/35 472/958/35 473/959/35
f 494/955/35 473/959/35 474/960/377
f 494/955/35 474/960/377 475/961/35
f 494/955/35 475/961/35 476/962/35
f 494/955/35 476/962/35 477/963/377
f 494/955/35 477/963/377 478/964/377
f 494/955/35 478/964/377 479/965/377
f 494/955/35 479/965/377 480/966/35
f 494/955/35 480/966/35 481/967/377
f 494/955/35 481/967/377 482/968/377
f 494/955/35 482/968/377 483/969/377
f 494/955/35 483/969/377 484/970/35
f 494/955/35 484/970/35 485/971/377
f 494/955/35 485/971/377 486/972/377
f 494/955/35 486/972/377 487/973/377
f 494/955/35 487/973/377 488/974/35
f 494/955/35 488/974/35 489/975/35
f 494/955/35 489/975/35 490/976/377
f 494/955/35 490/976/377 491/977/35
f 494/955/35 491/977/35 492/978/35
f 494/955/35 492/978/35 493/979/377
f 494/955/35 493/979/377 470/956/35
f 495/400/1 497/400/1 496/400/1
f 495/400/1 498/400/1 497/400/1
f 495/400/1 499/400/1 498/400/1
f 495/400/1 500/400/1 499/400/1
f 495/400/1 501/400/1 500/400/1
f 495/400/1 502/400/1 501/400/1
f 495/400/1 503/400/1 502/400/1
f 495/400/1 504/400/1 503/400/1
f 495/400/1 505/400/1 504/400/1
f 495/400/1 506/400/1 505/400/1
f 495/400/1 507/400/1 506/400/1
f 495/400/1 508/400/1 507/400/1
f 495/400/1 509/400/1 508/400/1
f 495/400/1 510/400/1 509/400/1
f 495/400/1 511/400/1 510/400/1
f 495/400/1 512/400/1 511/400/1
f 495/400/1 513/400/1 512/400/1
f 495/400/1 514/400/1 513/400/1
f 495/400/1 515/400/1 514/400/1
f 495/400/1 516/400/1 515/400/1
f 495/400/1 517/400/1 516/400/1
f 495/400/1 518/400/1 517/400/1
f 495/400/1 519/400/1 518/400/1
f 495/400/1 496/400/1 519/400/1
f 496/980/329 521/981/378 520/982/331
f 496/400/329 497/400/332 521/400/378
f 497/983/332 522/984/379 521/985/378
f 497/400/332 498/400/334 522/400/379
f 498/986/334 523/987/335 522/988/379
f 498/400/334 499/400/336 523/400/335
f 499/989/336 524/990/380 523/991/335
f 499/400/336 500/400/338 524/400/380
f 500/992/338 525/993/381 524/994/380
f 500/400/338 501/400/340 525/400/381
f 501/995/340 526/996/382 525/997/381
f 501/400/340 502/400/342 526/400/382
f 502/998/342 527/999/383 526/1000/382
f 502/400/342 503/400/344 527/400/383
f 503/1001/344 528/1002/384 527/1003/383
f 503/400/344 504/400/346 528/400/384
f 504/1004/346 529/1005/385 528/1006/384
f 504/400/346 505/400/348 529/400/385
f 505/1007/348 530/1008/386 529/1009/385
f 505/400/348 506/400/350 530/400/386
f 506/1010/350 531/1011/387 530/1012/386
f 506/400/350 507/400/352 531/400/387
f 507/1013/352 532/1014/388 531/1015/387
f 507/400/352 508/400/354 532/400/388
f 508/1016/354 533/1017/389 532/1018/388
f 508/400/354 509/400/356 533/400/389
f 509/1019/356 534/1020/357 533/1021/389
f 509/400/356 510/400/358 534/400/357
f 510/1022/358 535/440/390 534/1023/357
f 510/400/358 511/400/360 535/400/390
f 511/1024/360 536/1025/391 535/1026/390
f 511/400/360 512/400/362 536/400/391
f 512/1027/362 537/1028/392 536/1029/391
f 512/400/362 513/400/364 537/400/392
f 513/1030/364 538/1031/365 537/1032/392
f 513/400/364 514/400/366 538/400/365
f 514/1033/366 539/1034/393 538/1035/365
f 514/400/366 515/400/368 539/400/393
f 515/1036/368 540/1037/394 539/1038/393
f 515/400/368 516/400/370 540/400/394
f 516/1039/370 541/1040/371 540/1041/394
f 516/400/370 517/400/372 541/400/371
f 517/1042/372 542/1043/395 541/1044/371
f 517/400/372 518/400/374 542/400/395
f 518/1045/374 543/1046/396 542/1047/395
f 518/400/374 519/400/376 543/400/396
f 519/1048/376 520/1049/331 543/1050/396
f 519/400/376 496/400/329 520/400/331
f 544/1051/35 520/1052/35 521/1053/35
f 544/1051/35 521/1053/35 522/1054/35
f 544/1051/35 522/1054/35 523/1055/35
f 544/1051/35 523/1055/35 524/1056/377
f 544/1051/35 524/1056/377 525/1057/377
f 544/1051/35 525/1057/377 526/1058/35
f 544/1051/35 526/1058/35 527/1059/377
f 544/1051/35 527/1059/377 528/1060/397
f 544/1051/35 528/1060/397 529/1061/35
f 544/1051/35 529/1061/35 530/1062/35
f 544/1051/35 530/1062/35 531/1063/377
f 544/1051/35 531/1063/377 532/1064/377
f 544/1051/35 532/1064/377 533/1065/377
f 544/1051/35 533/1065/377 534/1066/35
f 544/1051/35 534/1066/35 535/1067/35
f 544/1051/35 535/1067/35 536/1068/397
f 544/1051/35 536/1068/397 537/1069/377
f 544/1051/35 537/1069/377 538/1070/35
f 544/1051/35 538/1070/35 539/1071/377
f 544/1051/35 539/1071/377 540/1072/377
f 544/1051/35 540/1072/377 541/1073/35
f 544/1051/35 541/1073/35 542/1074/35
f 544/1051/35 542/1074/35 543/1075/35
f 544/1051/35 543/1075/35 520/1052/35
f 545/400/1 547/400/1 546/400/1
f 545/400/1 548/400/1 547/400/1
f 545/400/1 549/400/1 548/400/1
f 545/400/1 550/400/1 549/400/1
f 545/400/1 551/400/1 550/400/1
f 545/400/1 552/400/1 551/400/1
f 545/400/1 553/400/1 552/400/1
f 545/400/1 554/400/1 553/400/1
f 545/400/1 555/400/1 554/400/1
f 545/400/1 556/400/1 555/400/1
f 545/400/1 557/400/1 556/400/1
f 545/400/1 558/400/1 557/400/1
f 545/400/1 559/400/1 558/400/1
f 545/400/1 560/400/1 559/400/1
f 545/400/1 561/400/1 560/400/1
f 545/400/1 562/400/1 561/400/1
f 545/400/1 563/400/1 562/400/1
f 545/400/1 564/400/1 563/400/1
f 545/400/1 565/400/1 564/400/1
f 545/400/1 566/400/1 565/400/1
f 545/400/1 567/400/1 566/400/1
f 545/400/1 568/400/1 567/400/1
f 545/400/1 569/400/1 568/400/1
f 545/400/1 546/400/1 569/400/1
f 546/1076/212 571/1077/398 570/1078/214
f 546/400/212 547/400/215 571/400/398
f 547/1079/215 572/1080/216 571/1081/398
f 547/400/215 548/400/217 572/400/216
f 548/1082/217 573/1083/399 572/1084/216
f 548/400/217 549/400/219 573/400/399
f 549/1085/219 574/1086/400 573/1087/399
f 549/400/219 550/400/221 574/400/400
f 550/1088/221 575/1089/222 574/1090/400
f 550/400/221 551/400/223 575/400/222
f 551/1091/223 576/1092/401 575/1093/222
f 551/400/223 552/400/225 576/400/401
f 552/1094/225 577/1095/402 576/1096/401
f 552/400/225 553/400/227 577/400/402
f 553/1097/227 578/1098/228 577/1099/402
f 553/400/227 554/400/229 578/400/228
f 554/1100/229 579/1101/403 578/1102/228
f 554/400/229 555/400/231 579/400/403
f 555/1103/231 580/1104/232 579/1105/403
f 555/400/231 556/400/233 580/400/232
f 556/1106/233 581/1107/234 580/1108/232
f 556/400/233 557/400/235 581/400/234
f 557/1109/235 582/1110/404 581/1111/234
f 557/400/235 558/400/237 582/400/404
f 558/1112/237 583/1113/238 582/1114/404
f 558/400/237 559/400/239 583/400/238
f 559/1115/239 584/1116/405 583/1117/238
f 559/400/239 560/400/241 584/400/405
f 560/1118/241 585/1119/242 584/1120/405
f 560/400/241 561/400/243 585/400/242
f 561/1121/243 586/1122/406 585/1123/242
f 561/400/243 562/400/245 586/400/406
f 562/1124/245 587/1125/407 586/1126/406
f 562/400/245 563/400/247 587/400/407
f 563/1127/247 588/1128/408 587/1129/407
f 563/400/247 564/400/249 588/400/408
f 564/1130/249 589/1131/409 588/1132/408
f 564/400/249 565/400/251 589/400/409
f 565/1133/251 590/1134/410 589/1135/409
f 565/400/251 566/400/253 590/400/410
f 566/1136/253 591/1137/411 590/1138/410
f 566/400/253 567/400/255 591/400/411
f 567/1139/255 592/1140/412 591/1141/411
f 567/400/255 568/400/257 592/400/412
f 568/1142/257 593/1143/413 592/1144/412
f 568/400/257 569/400/259 593/400/413
f 569/1145/259 570/1146/214 593/1147/413
f 569/400/259 546/400/212 570/400/214
f 594/1148/121 570/1149/121 571/1150/121
f 594/1148/121 571/1150/121 572/1151/121
f 594/1148/121 572/1151/121 573/1152/121
f 594/1148/121 573/1152/121 574/1153/121
f 594/1148/121 574/1153/121 575/1154/121
f 594/1148/121 575/1154/121 576/1155/121
f 594/1148/121 576/1155/121 577/1156/121
f 594/1148/121 577/1156/121 578/1157/121
f 594/1148/121 578/1157/121 579/1158/121
f 594/1148/121 579/1158/121 580/1159/121
f 594/1148/121 580/1159/121 581/1160/121
f 594/1148/121 581/1160/121 582/1161/121
f 594/1148/121 582/1161/121 583/1162/121
f 594/1148/121 583/1162/121 584/1163/121
f 594/1148/121 584/1163/121 585/1164/121
f 594/1148/121 585/1164/121 586/1165/121
f 594/1148/121 586/1165/121 587/1166/121
f 594/1148/121 587/1166/121 588/1167/121
f 594/1148/121 588/1167/121 589/1168/121
f 594/1148/121 589/1168/121 590/1169/121
f 594/1148/121 590/1169/121 591/1170/121
f 594/1148/121 591/1170/121 592/1171/121
f 594/1148/121 592/1171/121 593/1172/121
f 594/1148/121 593/1172/121 570/1149/121
f 599/1173/2 597/1174/2 596/1175/2
f 595/1176/414 601/1177/415 600/1178/414
f 596/1179/416 602/1180/417 601/1181/415
f 598/1182/418 602/1183/417 597/1184/417
f 599/1185/419 603/1186/420 598/1187/418
f 595/1188/414 604/1189/421 599/1185/419
f 604/1190/1 601/1191/1 602/1192/1
f 609/1193/2 607/1194/2 606/1195/2
f 605/1196/414 611/1197/415 610/1198/414
f 606/1199/416 612/1200/417 611/1201/415
f 608/1202/418 612/1203/417 607/1204/417
f 609/1205/419 613/1206/420 608/1207/418
f 605/1208/414 614/1209/421 609/1205/419
f 614/1210/1 611/1211/1 612/1212/1
f 619/1213/2 617/1214/2 616/1215/2
f 615/1216/414 621/1217/415 620/1218/414
f 616/1219/416 622/1220/417 621/1221/415
f 618/1222/418 622/1223/417 617/1224/417
f 619/1225/419 623/1226/420 618/1227/418
f 615/1228/414 624/1229/421 619/1225/419
f 624/1230/1 621/1231/1 622/1232/1
f 629/1233/2 627/1234/2 626/1235/2
f 625/1236/414 631/1237/415 630/1238/414
f 626/1239/416 632/1240/417 631/1241/415
f 628/1242/418 632/1243/417 627/1244/417
f 629/1245/419 633/1246/420 628/1247/418
f 625/1248/414 634/1249/421 629/1245/419
f 634/1250/1 631/1251/1 632/1252/1
f 639/1253/2 637/1254/2 636/1255/2
f 635/1256/414 641/1257/415 640/1258/414
f 636/1259/416 642/1260/417 641/1261/415
f 638/1262/418 642/1263/417 637/1264/417
f 639/1265/421 643/1266/420 638/1267/418
f 639/1265/421 640/1268/414 644/1269/421
f 644/1270/1 641/1271/1 642/1272/1
f 649/1273/2 647/1274/2 646/1275/2
f 645/1276/414 651/1277/415 650/1278/414
f 646/1279/416 652/1280/417 651/1281/415
f 648/1282/418 652/1283/417 647/1284/417
f 649/1285/419 653/1286/420 648/1287/418
f 645/1288/414 654/1289/421 649/1285/419
f 654/1290/1 651/1291/1 652/1292/1
f 659/1293/2 657/1294/2 656/1295/2
f 655/1296/414 661/1297/415 660/1298/414
f 656/1299/416 662/1300/417 661/1301/415
f 658/1302/418 662/1303/417 657/1304/417
f 659/1305/421 663/1306/420 658/1307/418
f 659/1305/421 660/1308/414 664/1309/421
f 664/1310/1 661/1311/1 662/1312/1
f 669/1313/2 667/1314/2 666/1315/2
f 665/1316/414 671/1317/415 670/1318/414
f 666/1319/416 672/1320/417 671/1321/415
f 668/1322/418 672/1323/417 667/1324/417
f 669/1325/419 673/1326/420 668/1327/418
f 665/1328/414 674/1329/421 669/1325/419
f 674/1330/1 671/1331/1 672/1332/1
f 679/1333/2 677/1334/2 676/1335/2
f 675/1336/414 681/1337/415 680/1338/414
f 676/1339/416 682/1340/417 681/1341/415
f 678/1342/418 682/1343/417 677/1344/417
f 679/1345/419 683/1346/420 678/1347/418
f 675/1348/414 684/1349/421 679/1345/419
f 684/1350/1 681/1351/1 682/1352/1
f 689/1353/2 687/1354/2 686/1355/2
f 685/1356/414 691/1357/415 690/1358/414
f 686/1359/416 692/1360/417 691/1361/415
f 688/1362/418 692/1363/417 687/1364/417
f 689/1365/419 693/1366/420 688/1367/418
f 685/1368/414 694/1369/421 689/1365/419
f 694/1370/1 691/1371/1 692/1372/1
f 699/1373/2 697/1374/2 696/1375/2
f 695/1376/414 701/1377/415 700/1378/414
f 696/1379/416 702/1380/417 701/1381/415
f 698/1382/418 702/1383/417 697/1384/417
f 699/1385/419 703/1386/420 698/1387/418
f 695/1388/414 704/1389/421 699/1385/419
f 704/1390/1 701/1391/1 702/1392/1
f 709/1393/2 707/1394/2 706/1395/2
f 705/1396/414 711/1397/415 710/1398/414
f 706/1399/416 712/1400/417 711/1401/415
f 708/1402/418 712/1403/417 707/1404/417
f 709/1405/419 713/1406/420 708/1407/418
f 705/1408/414 714/1409/421 709/1405/419
f 714/1410/1 711/1411/1 712/1412/1
f 719/1413/2 717/1414/2 716/1415/2
f 715/1416/414 721/1417/415 720/1418/414
f 716/1419/416 722/1420/417 721/1421/415
f 718/1422/418 722/1423/417 717/1424/417
f 719/1425/419 723/1426/420 718/1427/418
f 715/1428/414 724/1429/421 719/1425/419
f 724/1430/1 721/1431/1 722/1432/1
f 729/1433/2 727/1434/2 726/1435/2
f 725/1436/414 731/1437/415 730/1438/414
f 726/1439/416 732/1440/417 731/1441/415
f 728/1442/418 732/1443/417 727/1444/417
f 729/1445/419 733/1446/420 728/1447/418
f 725/1448/414 734/1449/421 729/1445/419
f 734/1450/1 731/1451/1 732/1452/1
f 739/1453/2 737/1454/2 736/1455/2
f 735/1456/414 741/1457/415 740/1458/414
f 736/1459/416 742/1460/417 741/1461/415
f 738/1462/418 742/1463/417 737/1464/417
f 739/1465/419 743/1466/420 738/1467/418
f 735/1468/414 744/1469/421 739/1465/419
f 744/1470/1 741/1471/1 742/1472/1
f 749/1473/2 747/1474/2 746/1475/2
f 745/1476/414 751/1477/415 750/1478/414
f 746/1479/416 752/1480/417 751/1481/415
f 748/1482/418 752/1483/417 747/1484/417
f 749/1485/419 753/1486/420 748/1487/418
f 745/1488/414 754/1489/421 749/1485/419
f 754/1490/1 751/1491/1 752/1492/1
f 766/1493/35 765/1494/35 764/1495/35
f 764/1495/35 763/1496/377 762/1497/35
f 766/1493/35 764/1495/35 762/1497/35
f 762/1497/35 761/1498/35 760/1499/35
f 760/1499/35 759/1500/35 758/1501/35
f 762/1497/35 760/1499/35 758/1501/35
f 766/1493/35 762/1497/35 758/1501/35
f 758/1501/35 757/1502/377 756/1503/35
f 766/1493/35 758/1501/35 756/1503/35
f 766/1493/35 756/1503/35 755/1504/377
f 767/1505/35 766/1493/35 755/1504/377
f 755/1506/422 756/1507/423 769/1508/423
f 769/1508/423 768/1509/34 755/1506/422
f 756/1507/423 757/1510/424 770/1511/424
f 770/1511/424 769/1508/423 756/1507/423
f 757/1512/424 758/1513/425 771/1514/425
f 771/1514/425 770/1515/424 757/1512/424
f 758/1513/425 759/1516/426 772/1517/426
f 772/1517/426 771/1514/425 758/1513/425
f 759/1516/426 760/1518/427 773/1519/427
f 773/1519/427 772/1517/426 759/1516/426
f 760/1520/427 761/1521/428 774/1522/428
f 774/1522/428 773/1523/427 760/1520/427
f 761/1521/428 762/1524/429 775/1525/429
f 775/1525/429 774/1522/428 761/1521/428
f 762/1524/429 763/1526/430 776/1527/430
f 776/1527/430 775/1525/429 762/1524/429
f 763/1528/430 764/1529/431 777/1530/431
f 777/1530/431 776/1531/430 763/1528/430
f 764/1529/431 765/1532/432 778/1533/433
f 778/1533/433 777/1530/431 764/1529/431
f 765/1532/432 766/1534/434 779/1535/435
f 779/1535/435 778/1533/433 765/1532/432
f 766/1536/434 767/1537/436 780/1538/436
f 780/1538/436 779/1539/435 766/1536/434
f 767/1537/436 755/1506/422 768/1509/34
f 768/1509/34 780/1538/436 767/1537/436
f 794/1540/36 795/1541/437 796/1542/36
f 796/1542/36 797/1543/36 798/1544/36
f 794/1540/36 796/1542/36 798/1544/36
f 798/1544/36 799/1545/36 800/1546/437
f 800/1546/437 801/1547/438 802/1548/36
f 798/1544/36 800/1546/437 802/1548/36
f 794/1540/36 798/1544/36 802/1548/36
f 802/1548/36 803/1549/437 804/1550/36
f 794/1540/36 802/1548/36 804/1550/36
f 794/1540/36 804/1550/36 805/1551/36
f 806/1552/437 794/1540/36 805/1551/36
f 833/1553/439 834/1554/440 846/1555/440
f 846/1555/440 847/1556/439 833/1553/439
f 834/1554/440 835/1557/441 858/1558/441
f 858/1558/441 846/1555/440 834/1554/440
f 835/1557/441 836/1559/442 857/1560/442
f 857/1560/442 858/1558/441 835/1557/441
f 836/1559/442 837/1561/443 856/1562/443
f 856/1562/443 857/1560/442 836/1559/442
f 837/1561/443 838/1563/444 855/1564/444
f 855/1564/444 856/1562/443 837/1561/443
f 838/1563/444 839/1565/445 854/1566/445
f 854/1566/445 855/1564/444 838/1563/444
f 839/1565/445 840/1567/446 853/1568/447
f 853/1568/447 854/1566/445 839/1565/445
f 840/1567/446 841/1569/448 852/1570/448
f 852/1570/448 853/1568/447 840/1567/446
f 841/1569/448 842/1571/449 851/1572/449
f 851/1572/449 852/1570/448 841/1569/448
f 842/1571/449 843/1573/442 850/1574/442
f 850/1574/442 851/1572/449 842/1571/449
f 843/1573/442 844/1575/450 849/1576/450
f 849/1576/450 850/1574/442 843/1573/442
f 844/1575/450 845/1577/451 848/1578/451
f 848/1578/451 849/1576/450 844/1575/450
f 845/1577/451 833/1553/439 847/1556/439
f 847/1556/439 848/1578/451 845/1577/451
f 781/1579/36 782/1580/36 795/1541/437
f 795/1541/437 794/1540/36 781/1579/36
f 782/1580/36 783/1581/36 796/1542/36
f 796/1542/36 795/1541/437 782/1580/36
f 783/1581/36 784/1582/36 797/1543/36
f 797/1543/36 796/1542/36 783/1581/36
f 784/1582/36 785/1583/36 798/1544/36
f 798/1544/36 797/1543/36 784/1582/36
f 785/1583/36 786/1584/437 799/1545/36
f 799/1545/36 798/1544/36 785/1583/36
f 786/1584/437 787/1585/36 800/1546/437
f 800/1546/437 799/1545/36 786/1584/437
f 787/1585/36 788/1586/36 801/1547/438
f 801/1547/438 800/1546/437 787/1585/36
f 788/1586/36 789/1587/36 802/1548/36
f 802/1548/36 801/1547/438 788/1586/36
f 789/1587/36 790/1588/36 803/1549/437
f 803/1549/437 802/1548/36 789/1587/36
f 790/1588/36 791/1589/36 804/1550/36
f 804/1550/36 803/1549/437 790/1588/36
f 791/1589/36 792/1590/36 805/1551/36
f 805/1551/36 804/1550/36 791/1589/36
f 792/1590/36 793/1591/36 806/1552/437
f 806/1552/437 805/1551/36 792/1590/36
f 793/1591/36 781/1579/36 794/1540/36
f 794/1540/36 806/1552/437 793/1591/36
f 768/1509/34 769/1508/423 808/1592/423
f 808/1592/423 807/1593/452 768/1509/34
f 769/1508/423 770/1511/424 809/1594/424
f 809/1594/424 808/1592/423 769/1508/423
f 770/1515/424 771/1514/425 810/1595/425
f 810/1595/425 809/1596/424 770/1515/424
f 771/1514/425 772/1517/426 811/1597/426
f 811/1597/426 810/1595/425 771/1514/425
f 772/1517/426 773/1519/427 812/1598/453
f 812/1598/453 811/1597/426 772/1517/426
f 773/1523/427 774/1522/428 813/1599/454
f 813/1599/454 812/1600/453 773/1523/427
f 774/1522/428 775/1525/429 814/1601/455
f 814/1601/455 813/1599/454 774/1522/428
f 775/1525/429 776/1527/430 815/1602/456
f 815/1602/456 814/1601/455 775/1525/429
f 776/1531/430 777/1530/431 816/1603/431
f 816/1603/431 815/1604/456 776/1531/430
f 777/1530/431 778/1533/433 817/1605/433
f 817/1605/433 816/1603/431 777/1530/431
f 778/1533/433 779/1535/435 818/1606/435
f 818/1606/435 817/1605/433 778/1533/433
f 779/1539/435 780/1538/436 819/1607/436
f 819/1607/436 818/1608/435 779/1539/435
f 780/1538/436 768/1509/34 807/1593/452
f 807/1593/452 819/1607/436 780/1538/436
f 782/1609/457 781/1610/458 821/1611/458
f 821/1611/458 820/1612/457 782/1609/457
f 781/1610/458 793/1613/459 822/1614/459
f 822/1614/459 821/1611/458 781/1610/458
f 793/1613/459 792/1615/460 823/1616/460
f 823/1616/460 822/1614/459 793/1613/459
f 792/1617/460 791/1618/461 824/1619/461
f 824/1619/461 823/1620/460 792/1617/460
f 791/1618/461 790/1621/462 825/1622/462
f 825/1622/462 824/1619/461 791/1618/461
f 790/1621/462 789/1623/463 826/1624/463
f 826/1624/463 825/1622/462 790/1621/462
f 789/1625/463 788/1626/464 827/1627/464
f 827/1627/464 826/1628/463 789/1625/463
f 788/1626/464 787/1629/465 828/1630/465
f 828/1630/465 827/1627/464 788/1626/464
f 787/1629/465 786/1631/466 829/1632/466
f 829/1632/466 828/1630/465 787/1629/465
f 786/1633/466 785/1634/467 830/1635/467
f 830/1635/467 829/1636/466 786/1633/466
f 785/1634/467 784/1637/468 831/1638/469
f 831/1638/469 830/1635/467 785/1634/467
f 784/1637/468 783/1639/470 832/1640/470
f 832/1640/470 831/1638/469 784/1637/468
f 783/1641/470 782/1609/457 820/1612/457
f 820/1612/457 832/1642/470 783/1641/470
f 833/1553/471 807/1643/471 808/1644/472
f 808/1644/472 834/1554/472 833/1553/471
f 834/1554/472 808/1644/472 809/1645/473
f 809/1645/473 835/1557/473 834/1554/472
f 835/1557/473 809/1645/473 810/1646/474
f 810/1646/474 836/1559/474 835/1557/473
f 836/1647/474 810/1595/474 811/1597/475
f 811/1597/475 837/1648/476 836/1647/474
f 837/1649/476 811/1650/475 812/1600/477
f 812/1600/477 838/1651/477 837/1649/476
f 838/1651/477 812/1600/477 813/1599/478
f 813/1599/478 839/1652/478 838/1651/477
f 839/1652/478 813/1599/478 814/1601/479
f 814/1601/479 840/1653/479 839/1652/478
f 840/1653/479 814/1601/479 815/1602/480
f 815/1602/480 841/1654/480 840/1653/479
f 841/1654/480 815/1602/480 816/1655/481
f 816/1655/481 842/1656/481 841/1654/480
f 842/1657/481 816/1603/481 817/1605/482
f 817/1605/482 843/1658/482 842/1657/481
f 843/1573/482 817/1659/482 818/1660/483
f 818/1660/483 844/1575/484 843/1573/482
f 844/1575/484 818/1660/483 819/1661/485
f 819/1661/485 845/1577/485 844/1575/484
f 845/1577/485 819/1661/485 807/1643/471
f 807/1643/471 833/1553/471 845/1577/485
f 846/1662/486 820/1612/486 821/1611/45
f 821/1611/45 847/1663/45 846/1662/486
f 847/1663/45 821/1611/45 822/1614/487
f 822/1614/487 848/1664/487 847/1663/45
f 848/1664/487 822/1614/487 823/1616/488
f 823/1616/488 849/1665/488 848/1664/487
f 849/1666/488 823/1620/488 824/1619/489
f 824/1619/489 850/1667/489 849/1666/488
f 850/1667/489 824/1619/489 825/1622/490
f 825/1622/490 851/1668/491 850/1667/489
f 851/1572/491 825/1669/490 826/1670/492
f 826/1670/492 852/1570/492 851/1572/491
f 852/1570/492 826/1670/492 827/1671/493
f 827/1671/493 853/1568/493 852/1570/492
f 853/1568/493 827/1671/493 828/1672/494
f 828/1672/494 854/1566/494 853/1568/493
f 854/1566/494 828/1672/494 829/1673/495
f 829/1673/495 855/1564/495 854/1566/494
f 855/1564/495 829/1673/495 830/1674/496
f 830/1674/496 856/1562/496 855/1564/495
f 856/1675/496 830/1635/496 831/1638/497
f 831/1638/497 857/1676/498 856/1675/496
f 857/1676/498 831/1638/497 832/1640/499
f 832/1640/499 858/1677/500 857/1676/498
f 858/1678/500 832/1642/499 820/1612/486
f 820/1612/486 846/1662/486 858/1678/500
f 870/1679/35 869/1680/377 868/1681/377
f 868/1681/377 867/1682/35 866/1683/35
f 870/1679/35 868/1681/377 866/1683/35
f 866/1683/35 865/1684/35 864/1685/377
f 864/1685/377 863/1686/377 862/1687/35
f 866/1683/35 864/1685/377 862/1687/35
f 870/1679/35 866/1683/35 862/1687/35
f 862/1687/35 861/1688/377 860/1689/35
f 870/1679/35 862/1687/35 860/1689/35
f 870/1679/35 860/1689/35 859/1690/35
f 871/1691/35 870/1679/35 859/1690/35
f 859/1692/422 860/1693/423 873/1694/501
f 873/1694/501 872/1695/452 859/1692/422
f 860/1693/423 861/1696/424 874/1697/424
f 874/1697/424 873/1694/501 860/1693/423
f 861/1698/424 862/1699/425 875/1700/502
f 875/1700/502 874/1701/424 861/1698/424
f 862/1699/425 863/1702/426 876/1703/426
f 876/1703/426 875/1700/502 862/1699/425
f 863/1702/426 864/1704/427 877/1705/427
f 877/1705/427 876/1703/426 863/1702/426
f 864/1706/427 865/1707/428 878/1708/503
f 878/1708/503 877/1709/427 864/1706/427
f 865/1707/428 866/1710/429 879/1711/455
f 879/1711/455 878/1708/503 865/1707/428
f 866/1710/429 867/1712/430 880/1713/430
f 880/1713/430 879/1711/455 866/1710/429
f 867/1714/430 868/1715/431 881/1716/431
f 881/1716/431 880/1717/430 867/1714/430
f 868/1715/431 869/1718/433 882/1719/432
f 882/1719/432 881/1716/431 868/1715/431
f 869/1718/433 870/1720/434 883/1721/435
f 883/1721/435 882/1719/432 869/1718/433
f 870/1722/434 871/1723/436 884/1724/504
f 884/1724/504 883/1725/435 870/1722/434
f 871/1723/436 859/1692/422 872/1695/452
f 872/1695/452 884/1724/504 871/1723/436
f 898/1726/36 899/1727/505 900/1728/36
f 900/1728/36 901/1729/36 902/1730/36
f 898/1726/36 900/1728/36 902/1730/36
f 902/1730/36 903/1731/36 904/1732/437
f 904/1732/437 905/1733/437 906/1734/36
f 902/1730/36 904/1732/437 906/1734/36
f 898/1726/36 902/1730/36 906/1734/36
f 906/1734/36 907/1735/36 908/1736/36
f 898/1726/36 906/1734/36 908/1736/36
f 898/1726/36 908/1736/36 909/1737/36
f 910/1738/506 898/1726/36 909/1737/36
f 937/1739/507 938/1740/508 950/1741/508
f 950/1741/508 951/1742/507 937/1739/507
f 938/1740/508 939/1743/509 962/1744/509
f 962/1744/509 950/1741/508 938/1740/508
f 939/1743/509 940/1745/510 961/1746/510
f 961/1746/510 962/1744/509 939/1743/509
f 940/1745/510 941/1747/511 960/1748/511
f 960/1748/511 961/1746/510 940/1745/510
f 941/1747/511 942/1749/512 959/1750/512
f 959/1750/512 960/1748/511 941/1747/511
f 942/1749/512 943/1751/513 958/1752/513
f 958/1752/513 959/1750/512 942/1749/512
f 943/1751/513 944/1753/514 957/1754/514
f 957/1754/514 958/1752/513 943/1751/513
f 944/1753/514 945/1755/515 956/1756/515
f 956/1756/515 957/1754/514 944/1753/514
f 945/1755/515 946/1757/516 955/1758/516
f 955/1758/516 956/1756/515 945/1755/515
f 946/1757/516 947/1759/517 954/1760/517
f 954/1760/517 955/1758/516 946/1757/516
f 947/1759/517 948/1761/518 953/1762/518
f 953/1762/518 954/1760/517 947/1759/517
f 948/1761/518 949/1763/519 952/1764/519
f 952/1764/519 953/1762/518 948/1761/518
f 949/1763/519 937/1739/507 951/1742/507
f 951/1742/507 952/1764/519 949/1763/519
f 885/1765/36 886/1766/36 899/1727/505
f 899/1727/505 898/1726/36 885/1765/36
f 886/1766/36 887/1767/36 900/1728/36
f 900/1728/36 899/1727/505 886/1766/36
f 887/1767/36 888/1768/36 901/1729/36
f 901/1729/36 900/1728/36 887/1767/36
f 888/1768/36 889/1769/36 902/1730/36
f 902/1730/36 901/1729/36 888/1768/36
f 889/1769/36 890/1770/437 903/1731/36
f 903/1731/36 902/1730/36 889/1769/36
f 890/1770/437 891/1771/437 904/1732/437
f 904/1732/437 903/1731/36 890/1770/437
f 891/1771/437 892/1772/437 905/1733/437
f 905/1733/437 904/1732/437 891/1771/437
f 892/1772/437 893/1773/437 906/1734/36
f 906/1734/36 905/1733/437 892/1772/437
f 893/1773/437 894/1774/36 907/1735/36
f 907/1735/36 906/1734/36 893/1773/437
f 894/1774/36 895/1775/36 908/1736/36
f 908/1736/36 907/1735/36 894/1774/36
f 895/1775/36 896/1776/36 909/1737/36
f 909/1737/36 908/1736/36 895/1775/36
f 896/1776/36 897/1777/437 910/1738/506
f 910/1738/506 909/1737/36 896/1776/36
f 897/1777/437 885/1765/36 898/1726/36
f 898/1726/36 910/1738/506 897/1777/437
f 872/1695/452 873/1694/501 912/1778/520
f 912/1778/520 911/1779/521 872/1695/452
f 873/1694/501 874/1697/424 913/1780/522
f 913/1780/522 912/1778/520 873/1694/501
f 874/1701/424 875/1700/502 914/1781/502
f 914/1781/502 913/1782/522 874/1701/424
f 875/1700/502 876/1703/426 915/1783/426
f 915/1783/426 914/1781/502 875/1700/502
f 876/1703/426 877/1705/427 916/1784/427
f 916/1784/427 915/1783/426 876/1703/426
f 877/1709/427 878/1708/503 917/1785/523
f 917/1785/523 916/1786/427 877/1709/427
f 878/1708/503 879/1711/455 918/1787/524
f 918/1787/524 917/1785/523 878/1708/503
f 879/1711/455 880/1713/430 919/1788/430
f 919/1788/430 918/1787/524 879/1711/455
f 880/1717/430 881/1716/431 920/1789/431
f 920/1789/431 919/1790/430 880/1717/430
f 881/1716/431 882/1719/432 921/1791/432
f 921/1791/432 920/1789/431 881/1716/431
f 882/1719/432 883/1721/435 922/1792/434
f 922/1792/434 921/1791/432 882/1719/432
f 883/1725/435 884/1724/504 923/1793/525
f 923/1793/525 922/1794/434 883/1725/435
f 884/1724/504 872/1695/452 911/1779/521
f 911/1779/521 923/1793/525 884/1724/504
f 886/1795/526 885/1796/33 925/1797/33
f 925/1797/33 924/1798/526 886/1795/526
f 885/1796/33 897/1799/459 926/1800/459
f 926/1800/459 925/1797/33 885/1796/33
f 897/1799/459 896/1801/527 927/1802/528
f 927/1802/528 926/1800/459 897/1799/459
f 896/1803/527 895/1804/529 928/1805/530
f 928/1805/530 927/1806/528 896/1803/527
f 895/1804/529 894/1807/462 929/1808/462
f 929/1808/462 928/1805/530 895/1804/529
f 894/1807/462 893/1809/463 930/1810/463
f 930/1810/463 929/1808/462 894/1807/462
f 893/1811/463 892/1812/531 931/1813/531
f 931/1813/531 930/1814/463 893/1811/463
f 892/1812/531 891/1815/532 932/1816/532
f 932/1816/532 931/1813/531 892/1812/531
f 891/1815/532 890/1817/466 933/1818/466
f 933/1818/466 932/1816/532 891/1815/532
f 890/1819/466 889/1820/467 934/1821/467
f 934/1821/467 933/1822/466 890/1819/466
f 889/1820/467 888/1823/469 935/1824/533
f 935/1824/533 934/1821/467 889/1820/467
f 888/1823/469 887/1825/534 936/1826/535
f 936/1826/535 935/1824/533 888/1823/469
f 887/1827/534 886/1795/526 924/1798/526
f 924/1798/526 936/1828/535 887/1827/534
f 937/1739/471 911/1829/471 912/1830/472
f 912/1830/472 938/1740/472 937/1739/471
f 938/1740/472 912/1830/472 913/1831/536
f 913/1831/536 939/1743/536 938/1740/472
f 939/1743/536 913/1831/536 914/1832/537
f 914/1832/537 940/1745/537 939/1743/536
f 940/1833/537 914/1781/537 915/1783/538
f 915/1783/538 941/1834/538 940/1833/537
f 941/1835/538 915/1836/538 916/1786/477
f 916/1786/477 942/1837/477 941/1835/538
f 942/1837/477 916/1786/477 917/1785/539
f 917/1785/539 943/1838/540 942/1837/477
f 943/1838/540 917/1785/539 918/1787/541
f 918/1787/541 944/1839/542 943/1838/540
f 944/1839/542 918/1787/541 919/1788/480
f 919/1788/480 945/1840/480 944/1839/542
f 945/1840/480 919/1788/480 920/1841/543
f 920/1841/543 946/1842/543 945/1840/480
f 946/1843/543 920/1789/543 921/1791/482
f 921/1791/482 947/1844/544 946/1843/543
f 947/1759/544 921/1845/482 922/1846/484
f 922/1846/484 948/1761/484 947/1759/544
f 948/1761/484 922/1846/484 923/1847/485
f 923/1847/485 949/1763/485 948/1761/484
f 949/1763/485 923/1847/485 911/1829/471
f 911/1829/471 937/1739/471 949/1763/485
f 950/1848/486 924/1798/486 925/1797/45
f 925/1797/45 951/1849/45 950/1848/486
f 951/1849/45 925/1797/45 926/1800/545
f 926/1800/545 952/1850/546 951/1849/45
f 952/1850/546 926/1800/545 927/1802/547
f 927/1802/547 953/1851/547 952/1850/546
f 953/1852/547 927/1806/547 928/1805/548
f 928/1805/548 954/1853/548 953/1852/547
f 954/1853/548 928/1805/548 929/1808/491
f 929/1808/491 955/1854/549 954/1853/548
f 955/1758/549 929/1855/491 930/1856/492
f 930/1856/492 956/1756/492 955/1758/549
f 956/1756/492 930/1856/492 931/1857/550
f 931/1857/550 957/1754/550 956/1756/492
f 957/1754/550 931/1857/550 932/1858/551
f 932/1858/551 958/1752/551 957/1754/550
f 958/1752/551 932/1858/551 933/1859/495
f 933/1859/495 959/1750/495 958/1752/551
f 959/1750/495 933/1859/495 934/1860/552
f 934/1860/552 960/1748/553 959/1750/495
f 960/1861/553 934/1821/552 935/1824/554
f 935/1824/554 961/1862/554 960/1861/553
f 961/1862/554 935/1824/554 936/1826/555
f 936/1826/555 962/1863/555 961/1862/554
f 962/1864/555 936/1828/555 924/1798/486
f 924/1798/486 950/1848/486 962/1864/555
f 974/1865/92 973/1866/92 972/1867/92
f 972/1867/92 971/1868/191 970/1869/92
f 974/1865/92 972/1867/92 970/1869/92
f 970/1869/92 969/1870/92 968/1871/92
f 968/1871/92 967/1872/92 966/1873/92
f 970/1869/92 968/1871/92 966/1873/92
f 974/1865/92 970/1869/92 966/1873/92
f 966/1873/92 965/1874/92 964/1875/92
f 974/1865/92 966/1873/92 964/1875/92
f 974/1865/92 964/1875/92 963/1876/92
f 975/1877/191 974/1865/92 963/1876/92
f 963/1878/556 964/1879/557 977/1880/557
f 977/1880/557 976/1881/91 963/1878/556
f 964/1879/557 965/1882/558 978/1883/559
f 978/1883/559 977/1880/557 964/1879/557
f 965/1884/558 966/1885/560 979/1886/560
f 979/1886/560 978/1887/559 965/1884/558
f 966/1885/560 967/1888/561 980/1889/561
f 980/1889/561 979/1886/560 966/1885/560
f 967/1888/561 968/1890/562 981/1891/562
f 981/1891/562 980/1889/561 967/1888/561
f 968/1892/562 969/1893/563 982/1894/564
f 982/1894/564 981/1895/562 968/1892/562
f 969/1893/563 970/1896/565 983/1897/566
f 983/1897/566 982/1894/564 969/1893/563
f 970/1896/565 971/1898/567 984/1899/567
f 984/1899/567 983/1897/566 970/1896/565
f 971/1900/567 972/1901/568 985/1902/568
f 985/1902/568 984/1903/567 971/1900/567
f 972/1901/568 973/1904/569 986/1905/569
f 986/1905/569 985/1902/568 972/1901/568
f 973/1904/569 974/1906/570 987/1907/571
f 987/1907/571 986/1905/569 973/1904/569
f 974/1908/570 975/1909/572 988/1910/573
f 988/1910/573 987/1911/571 974/1908/570
f 975/1909/572 963/1878/556 976/1881/91
f 976/1881/91 988/1910/573 975/1909/572
f 1002/1912/93 1003/1913/93 1004/1914/93
f 1004/1914/93 1005/1915/93 1006/1916/93
f 1002/1912/93 1004/1914/93 1006/1916/93
f 1006/1916/93 1007/1917/93 1008/1918/574
f 1008/1918/574 1009/1919/574 1010/1920/93
f 1006/1916/93 1008/1918/574 1010/1920/93
f 1002/1912/93 1006/1916/93 1010/1920/93
f 1010/1920/93 1011/1921/93 1012/1922/93
f 1002/1912/93 1010/1920/93 1012/1922/93
f 1002/1912/93 1012/1922/93 1013/1923/93
f 1014/1924/93 1002/1912/93 1013/1923/93
f 1041/1925/575 1042/1926/576 1054/1927/576
f 1054/1927/576 1055/1928/575 1041/1925/575
f 1042/1926/576 1043/1929/577 1066/1930/577
f 1066/1930/577 1054/1927/576 1042/1926/576
f 1043/1929/577 1044/1931/578 1065/1932/578
f 1065/1932/578 1066/1930/577 1043/1929/577
f 1044/1931/578 1045/1933/574 1064/1934/574
f 1064/1934/574 1065/1932/578 1044/1931/578
f 1045/1933/574 1046/1935/579 1063/1936/579
f 1063/1936/579 1064/1934/574 1045/1933/574
f 1046/1935/579 1047/1937/580 1062/1938/580
f 1062/1938/580 1063/1936/579 1046/1935/579
f 1047/1937/580 1048/1939/580 1061/1940/580
f 1061/1940/580 1062/1938/580 1047/1937/580
f 1048/1939/580 1049/1941/581 1060/1942/581
f 1060/1942/581 1061/1940/580 1048/1939/580
f 1049/1941/581 1050/1943/582 1059/1944/582
f 1059/1944/582 1060/1942/581 1049/1941/581
f 1050/1943/582 1051/1945/583 1058/1946/583
f 1058/1946/583 1059/1944/582 1050/1943/582
f 1051/1945/583 1052/1947/584 1057/1948/584
f 1057/1948/584 1058/1946/583 1051/1945/583
f 1052/1947/584 1053/1949/585 1056/1950/585
f 1056/1950/585 1057/1948/584 1052/1947/584
f 1053/1949/585 1041/1925/575 1055/1928/575
f 1055/1928/575 1056/1950/585 1053/1949/585
f 989/1951/93 990/1952/93 1003/1913/93
f 1003/1913/93 1002/1912/93 989/1951/93
f 990/1952/93 991/1953/93 1004/1914/93
f 1004/1914/93 1003/1913/93 990/1952/93
f 991/1953/93 992/1954/93 1005/1915/93
f 1005/1915/93 1004/1914/93 991/1953/93
f 992/1954/93 993/1955/93 1006/1916/93
f 1006/1916/93 1005/1915/93 992/1954/93
f 993/1955/93 994/1956/93 1007/1917/93
f 1007/1917/93 1006/1916/93 993/1955/93
f 994/1956/93 995/1957/93 1008/1918/574
f 1008/1918/574 1007/1917/93 994/1956/93
f 995/1957/93 996/1958/93 1009/1919/574
f 1009/1919/574 1008/1918/574 995/1957/93
f 996/1958/93 997/1959/93 1010/1920/93
f 1010/1920/93 1009/1919/574 996/1958/93
f 997/1959/93 998/1960/93 1011/1921/93
f 1011/1921/93 1010/1920/93 997/1959/93
f 998/1960/93 999/1961/93 1012/1922/93
f 1012/1922/93 1011/1921/93 998/1960/93
f 999/1961/93 1000/1962/93 1013/1923/93
f 1013/1923/93 1012/1922/93 999/1961/93
f 1000/1962/93 1001/1963/93 1014/1924/93
f 1014/1924/93 1013/1923/93 1000/1962/93
f 1001/1963/93 989/1951/93 1002/1912/93
f 1002/1912/93 1014/1924/93 1001/1963/93
f 976/1881/91 977/1880/557 1016/1964/586
f 1016/1964/586 1015/1965/587 976/1881/91
f 977/1880/557 978/1883/559 1017/1966/588
f 1017/1966/588 1016/1964/586 977/1880/557
f 978/1887/559 979/1886/560 1018/1967/589
f 1018/1967/589 1017/1968/588 978/1887/559
f 979/1886/560 980/1889/561 1019/1969/561
f 1019/1969/561 1018/1967/589 979/1886/560
f 980/1889/561 981/1891/562 1020/1970/562
f 1020/1970/562 1019/1969/561 980/1889/561
f 981/1895/562 982/1894/564 1021/1971/564
f 1021/1971/564 1020/1972/562 981/1895/562
f 982/1894/564 983/1897/566 1022/1973/566
f 1022/1973/566 1021/1971/564 982/1894/564
f 983/1897/566 984/1899/567 1023/1974/567
f 1023/1974/567 1022/1973/566 983/1897/566
f 984/1903/567 985/1902/568 1024/1975/568
f 1024/1975/568 1023/1976/567 984/1903/567
f 985/1902/568 986/1905/569 1025/1977/569
f 1025/1977/569 1024/1975/568 985/1902/568
f 986/1905/569 987/1907/571 1026/1978/590
f 1026/1978/590 1025/1977/569 986/1905/569
f 987/1911/571 988/1910/573 1027/1979/573
f 1027/1979/573 1026/1980/590 987/1911/571
f 988/1910/573 976/1881/91 1015/1965/587
f 1015/1965/587 1027/1979/573 988/1910/573
f 990/1981/591 989/1982/592 1029/1983/592
f 1029/1983/592 1028/1984/591 990/1981/591
f 989/1982/592 1001/1985/593 1030/1986/593
f 1030/1986/593 1029/1983/592 989/1982/592
f 1001/1985/593 1000/1987/594 1031/1988/594
f 1031/1988/594 1030/1986/593 1001/1985/593
f 1000/1989/594 999/1990/595 1032/1991/595
f 1032/1991/595 1031/1992/594 1000/1989/594
f 999/1990/595 998/1993/596 1033/1994/596
f 1033/1994/596 1032/1991/595 999/1990/595
f 998/1993/596 997/1995/597 1034/1996/597
f 1034/1996/597 1033/1994/596 998/1993/596
f 997/1997/597 996/1998/598 1035/1999/598
f 1035/1999/598 1034/2000/597 997/1997/597
f 996/1998/598 995/2001/599 1036/2002/599
f 1036/2002/599 1035/1999/598 996/1998/598
f 995/2001/599 994/2003/600 1037/2004/600
f 1037/2004/600 1036/2002/599 995/2001/599
f 994/2005/600 993/2006/601 1038/2007/601
f 1038/2007/601 1037/2008/600 994/2005/600
f 993/2006/601 992/2009/602 1039/2010/602
f 1039/2010/602 1038/2007/601 993/2006/601
f 992/2009/602 991/2011/603 1040/2012/603
f 1040/2012/603 1039/2010/602 992/2009/602
f 991/2013/603 990/1981/591 1028/1984/591
f 1028/1984/591 1040/2014/603 991/2013/603
f 1041/1925/604 1015/2015/604 1016/2016/605
f 1016/2016/605 1042/1926/605 1041/1925/604
f 1042/1926/605 1016/2016/605 1017/2017/606
f 1017/2017/606 1043/1929/606 1042/1926/605
f 1043/1929/606 1017/2017/606 1018/2018/607
f 1018/2018/607 1044/1931/607 1043/1929/606
f 1044/2019/607 1018/1967/607 1019/1969/608
f 1019/1969/608 1045/2020/608 1044/2019/607
f 1045/2021/608 1019/2022/608 1020/1972/609
f 1020/1972/609 1046/2023/609 1045/2021/608
f 1046/2023/609 1020/1972/609 1021/1971/610
f 1021/1971/610 1047/2024/610 1046/2023/609
f 1047/2024/610 1021/1971/610 1022/1973/611
f 1022/1973/611 1048/2025/611 1047/2024/610
f 1048/2025/611 1022/1973/611 1023/1974/612
f 1023/1974/612 1049/2026/612 1048/2025/611
f 1049/2026/612 1023/1974/612 1024/2027/613
f 1024/2027/613 1050/2028/613 1049/2026/612
f 1050/2029/613 1024/1975/613 1025/1977/614
f 1025/1977/614 1051/2030/614 1050/2029/613
f 1051/1945/614 1025/2031/614 1026/2032/615
f 1026/2032/615 1052/1947/615 1051/1945/614
f 1052/1947/615 1026/2032/615 1027/2033/616
f 1027/2033/616 1053/1949/616 1052/1947/615
f 1053/1949/616 1027/2033/616 1015/2015/604
f 1015/2015/604 1041/1925/604 1053/1949/616
f 1054/2034/617 1028/1984/617 1029/1983/618
f 1029/1983/618 1055/2035/618 1054/2034/617
f 1055/2035/618 1029/1983/618 1030/1986/619
f 1030/1986/619 1056/2036/619 1055/2035/618
f 1056/2036/619 1030/1986/619 1031/1988/620
f 1031/1988/620 1057/2037/620 1056/2036/619
f 1057/2038/620 1031/1992/620 1032/1991/621
f 1032/1991/621 1058/2039/622 1057/2038/620
f 1058/2039/622 1032/1991/621 1033/1994/623
f 1033/1994/623 1059/2040/623 1058/2039/622
f 1059/1944/623 1033/2041/623 1034/2042/624
f 1034/2042/624 1060/1942/624 1059/1944/623
f 1060/1942/624 1034/2042/624 1035/2043/625
f 1035/2043/625 1061/1940/625 1060/1942/624
f 1061/1940/625 1035/2043/625 1036/2044/626
f 1036/2044/626 1062/1938/626 1061/1940/625
f 1062/1938/626 1036/2044/626 1037/2045/627
f 1037/2045/627 1063/1936/627 1062/1938/626
f 1063/1936/627 1037/2045/627 1038/2046/628
f 1038/2046/628 1064/1934/628 1063/1936/627
f 1064/1934/628 1038/2046/628 1039/2047/629
f 1039/2047/629 1065/1932/630 1064/1934/628
f 1065/2048/630 1039/2010/629 1040/2012/631
f 1040/2012/631 1066/2049/631 1065/2048/630
f 1066/2050/631 1040/2014/631 1028/1984/617
f 1028/1984/617 1054/2034/617 1066/2050/631
f 1078/2051/63 1077/2052/63 1076/2053/63
f 1076/2053/63 1075/2054/63 1074/2055/63
f 1078/2051/63 1076/2053/63 1074/2055/63
f 1074/2055/63 1073/2056/63 1072/2057/63
f 1072/2057/63 1071/2058/308 1070/2059/63
f 1074/2055/63 1072/2057/63 1070/2059/63
f 1078/2051/63 1074/2055/63 1070/2059/63
f 1070/2059/63 1069/2060/63 1068/2061/63
f 1078/2051/63 1070/2059/63 1068/2061/63
f 1078/2051/63 1068/2061/63 1067/2062/63
f 1079/2063/632 1078/2051/63 1067/2062/63
f 1067/2064/61 1068/2065/633 1081/2066/634
f 1081/2066/634 1080/2067/635 1067/2064/61
f 1068/2065/633 1069/2068/636 1082/2069/636
f 1082/2069/636 1081/2066/634 1068/2065/633
f 1069/2070/636 1070/2071/637 1083/2072/637
f 1083/2072/637 1082/2073/636 1069/2070/636
f 1070/2071/637 1071/2074/638 1084/2075/638
f 1084/2075/638 1083/2072/637 1070/2071/637
f 1071/2074/638 1072/2076/639 1085/2077/639
f 1085/2077/639 1084/2075/638 1071/2074/638
f 1072/2078/639 1073/2079/640 1086/2080/641
f 1086/2080/641 1085/2081/639 1072/2078/639
f 1073/2079/640 1074/2082/642 1087/2083/643
f 1087/2083/643 1086/2080/641 1073/2079/640
f 1074/2082/642 1075/2084/644 1088/2085/644
f 1088/2085/644 1087/2083/643 1074/2082/642
f 1075/2086/644 1076/2087/645 1089/2088/645
f 1089/2088/645 1088/2089/644 1075/2086/644
f 1076/2087/645 1077/2090/646 1090/2091/646
f 1090/2091/646 1089/2088/645 1076/2087/645
f 1077/2090/646 1078/2092/647 1091/2093/647
f 1091/2093/647 1090/2091/646 1077/2090/646
f 1078/2094/647 1079/2095/648 1092/2096/649
f 1092/2096/649 1091/2097/647 1078/2094/647
f 1079/2095/648 1067/2064/61 1080/2067/635
f 1080/2067/635 1092/2096/649 1079/2095/648
f 1106/2098/65 1107/2099/650 1108/2100/65
f 1108/2100/65 1109/2101/651 1110/2102/65
f 1106/2098/65 1108/2100/65 1110/2102/65
f 1110/2102/65 1111/2103/65 1112/2104/65
f 1112/2104/65 1113/2105/65 1114/2106/65
f 1110/2102/65 1112/2104/65 1114/2106/65
f 1106/2098/65 1110/2102/65 1114/2106/65
f 1114/2106/65 1115/2107/65 1116/2108/65
f 1106/2098/65 1114/2106/65 1116/2108/65
f 1106/2098/65 1116/2108/65 1117/2109/65
f 1118/2110/652 1106/2098/65 1117/2109/65
f 1145/2111/653 1146/2112/654 1158/2113/654
f 1158/2113/654 1159/2114/653 1145/2111/653
f 1146/2112/654 1147/2115/655 1170/2116/655
f 1170/2116/655 1158/2113/654 1146/2112/654
f 1147/2115/655 1148/2117/656 1169/2118/656
f 1169/2118/656 1170/2116/655 1147/2115/655
f 1148/2117/656 1149/2119/657 1168/2120/658
f 1168/2120/658 1169/2118/656 1148/2117/656
f 1149/2119/657 1150/2121/659 1167/2122/659
f 1167/2122/659 1168/2120/658 1149/2119/657
f 1150/2121/659 1151/2123/660 1166/2124/660
f 1166/2124/660 1167/2122/659 1150/2121/659
f 1151/2123/660 1152/2125/661 1165/2126/661
f 1165/2126/661 1166/2124/660 1151/2123/660
f 1152/2125/661 1153/2127/662 1164/2128/662
f 1164/2128/662 1165/2126/661 1152/2125/661
f 1153/2127/662 1154/2129/663 1163/2130/663
f 1163/2130/663 1164/2128/662 1153/2127/662
f 1154/2129/663 1155/2131/664 1162/2132/664
f 1162/2132/664 1163/2130/663 1154/2129/663
f 1155/2131/664 1156/2133/665 1161/2134/665
f 1161/2134/665 1162/2132/664 1155/2131/664
f 1156/2133/665 1157/2135/666 1160/2136/666
f 1160/2136/666 1161/2134/665 1156/2133/665
f 1157/2135/666 1145/2111/653 1159/2114/653
f 1159/2114/653 1160/2136/666 1157/2135/666
f 1093/2137/65 1094/2138/65 1107/2099/650
f 1107/2099/650 1106/2098/65 1093/2137/65
f 1094/2138/65 1095/2139/65 1108/2100/65
f 1108/2100/65 1107/2099/650 1094/2138/65
f 1095/2139/65 1096/2140/65 1109/2101/651
f 1109/2101/651 1108/2100/65 1095/2139/65
f 1096/2140/65 1097/2141/65 1110/2102/65
f 1110/2102/65 1109/2101/651 1096/2140/65
f 1097/2141/65 1098/2142/65 1111/2103/65
f 1111/2103/65 1110/2102/65 1097/2141/65
f 1098/2142/65 1099/2143/65 1112/2104/65
f 1112/2104/65 1111/2103/65 1098/2142/65
f 1099/2143/65 1100/2144/65 1113/2105/65
f 1113/2105/65 1112/2104/65 1099/2143/65
f 1100/2144/65 1101/2145/65 1114/2106/65
f 1114/2106/65 1113/2105/65 1100/2144/65
f 1101/2145/65 1102/2146/65 1115/2107/65
f 1115/2107/65 1114/2106/65 1101/2145/65
f 1102/2146/65 1103/2147/65 1116/2108/65
f 1116/2108/65 1115/2107/65 1102/2146/65
f 1103/2147/65 1104/2148/65 1117/2109/65
f 1117/2109/65 1116/2108/65 1103/2147/65
f 1104/2148/65 1105/2149/65 1118/2110/652
f 1118/2110/652 1117/2109/65 1104/2148/65
f 1105/2149/65 1093/2137/65 1106/2098/65
f 1106/2098/65 1118/2110/652 1105/2149/65
f 1080/2067/635 1081/2066/634 1120/2150/667
f 1120/2150/667 1119/2151/668 1080/2067/635
f 1081/2066/634 1082/2069/636 1121/2152/669
f 1121/2152/669 1120/2150/667 1081/2066/634
f 1082/2073/636 1083/2072/637 1122/2153/670
f 1122/2153/670 1121/2154/669 1082/2073/636
f 1083/2072/637 1084/2075/638 1123/2155/638
f 1123/2155/638 1122/2153/670 1083/2072/637
f 1084/2075/638 1085/2077/639 1124/2156/671
f 1124/2156/671 1123/2155/638 1084/2075/638
f 1085/2081/639 1086/2080/641 1125/2157/672
f 1125/2157/672 1124/2158/671 1085/2081/639
f 1086/2080/641 1087/2083/643 1126/2159/673
f 1126/2159/673 1125/2157/672 1086/2080/641
f 1087/2083/643 1088/2085/644 1127/2160/674
f 1127/2160/674 1126/2159/673 1087/2083/643
f 1088/2089/644 1089/2088/645 1128/2161/645
f 1128/2161/645 1127/2162/674 1088/2089/644
f 1089/2088/645 1090/2091/646 1129/2163/675
f 1129/2163/675 1128/2161/645 1089/2088/645
f 1090/2091/646 1091/2093/647 1130/2164/676
f 1130/2164/676 1129/2163/675 1090/2091/646
f 1091/2097/647 1092/2096/649 1131/2165/677
f 1131/2165/677 1130/2166/676 1091/2097/647
f 1092/2096/649 1080/2067/635 1119/2151/668
f 1119/2151/668 1131/2165/677 1092/2096/649
f 1094/2167/678 1093/2168/679 1133/2169/679
f 1133/2169/679 1132/2170/678 1094/2167/678
f 1093/2168/679 1105/2171/680 1134/2172/681
f 1134/2172/681 1133/2169/679 1093/2168/679
f 1105/2171/680 1104/2173/682 1135/2174/682
f 1135/2174/682 1134/2172/681 1105/2171/680
f 1104/2175/682 1103/2176/683 1136/2177/684
f 1136/2177/684 1135/2178/682 1104/2175/682
f 1103/2176/683 1102/2179/685 1137/2180/685
f 1137/2180/685 1136/2177/684 1103/2176/683
f 1102/2179/685 1101/2181/686 1138/2182/686
f 1138/2182/686 1137/2180/685 1102/2179/685
f 1101/2183/686 1100/2184/687 1139/2185/687
f 1139/2185/687 1138/2186/686 1101/2183/686
f 1100/2184/687 1099/2187/688 1140/2188/688
f 1140/2188/688 1139/2185/687 1100/2184/687
f 1099/2187/688 1098/2189/689 1141/2190/689
f 1141/2190/689 1140/2188/688 1099/2187/688
f 1098/2191/689 1097/2192/690 1142/2193/691
f 1142/2193/691 1141/2194/689 1098/2191/689
f 1097/2192/690 1096/2195/692 1143/2196/693
f 1143/2196/693 1142/2193/691 1097/2192/690
f 1096/2195/692 1095/2197/694 1144/2198/695
f 1144/2198/695 1143/2196/693 1096/2195/692
f 1095/2199/694 1094/2167/678 1132/2170/678
f 1132/2170/678 1144/2200/695 1095/2199/694
f 1145/2111/83 1119/2201/83 1120/2202/696
f 1120/2202/696 1146/2112/697 1145/2111/83
f 1146/2112/697 1120/2202/696 1121/2203/698
f 1121/2203/698 1147/2115/699 1146/2112/697
f 1147/2115/699 1121/2203/698 1122/2204/700
f 1122/2204/700 1148/2117/700 1147/2115/699
f 1148/2205/700 1122/2153/700 1123/2155/701
f 1123/2155/701 1149/2206/702 1148/2205/700
f 1149/2207/702 1123/2208/701 1124/2158/703
f 1124/2158/703 1150/2209/703 1149/2207/702
f 1150/2209/703 1124/2158/703 1125/2157/704
f 1125/2157/704 1151/2210/704 1150/2209/703
f 1151/2210/704 1125/2157/704 1126/2159/705
f 1126/2159/705 1152/2211/705 1151/2210/704
f 1152/2211/705 1126/2159/705 1127/2160/706
f 1127/2160/706 1153/2212/706 1152/2211/705
f 1153/2212/706 1127/2160/706 1128/2213/707
f 1128/2213/707 1154/2214/708 1153/2212/706
f 1154/2215/708 1128/2161/707 1129/2163/709
f 1129/2163/709 1155/2216/709 1154/2215/708
f 1155/2131/709 1129/2217/709 1130/2218/710
f 1130/2218/710 1156/2133/710 1155/2131/709
f 1156/2133/710 1130/2218/710 1131/2219/711
f 1131/2219/711 1157/2135/711 1156/2133/710
f 1157/2135/711 1131/2219/711 1119/2201/83
f 1119/2201/83 1145/2111/83 1157/2135/711
f 1158/2220/712 1132/2170/712 1133/2169/713
f 1133/2169/713 1159/2221/713 1158/2220/712
f 1159/2221/713 1133/2169/713 1134/2172/714
f 1134/2172/714 1160/2222/714 1159/2221/713
f 1160/2222/714 1134/2172/714 1135/2174/715
f 1135/2174/715 1161/2223/715 1160/2222/714
f 1161/2224/715 1135/2178/715 1136/2177/716
f 1136/2177/716 1162/2225/716 1161/2224/715
f 1162/2225/716 1136/2177/716 1137/2180/717
f 1137/2180/717 1163/2226/717 1162/2225/716
f 1163/2130/717 1137/2227/717 1138/2228/718
f 1138/2228/718 1164/2128/719 1163/2130/717
f 1164/2128/719 1138/2228/718 1139/2229/720
f 1139/2229/720 1165/2126/720 1164/2128/719
f 1165/2126/720 1139/2229/720 1140/2230/721
f 1140/2230/721 1166/2124/721 1165/2126/720
f 1166/2124/721 1140/2230/721 1141/2231/722
f 1141/2231/722 1167/2122/722 1166/2124/721
f 1167/2122/722 1141/2231/722 1142/2232/723
f 1142/2232/723 1168/2120/723 1167/2122/722
f 1168/2233/723 1142/2193/723 1143/2196/724
f 1143/2196/724 1169/2234/724 1168/2233/723
f 1169/2234/724 1143/2196/724 1144/2198/725
f 1144/2198/725 1170/2235/726 1169/2234/724
f 1170/2236/726 1144/2200/725 1132/2170/712
f 1132/2170/712 1158/2220/712 1170/2236/726
f 1182/2237/121 1181/2238/121 1180/2239/121
f 1180/2239/121 1179/2240/121 1178/2241/121
f 1182/2237/121 1180/2239/121 1178/2241/121
f 1178/2241/121 1177/2242/121 1176/2243/121
f 1176/2243/121 1175/2244/121 1174/2245/121
f 1178/2241/121 1176/2243/121 1174/2245/121
f 1182/2237/121 1178/2241/121 1174/2245/121
f 1174/2245/121 1173/2246/121 1172/2247/121
f 1182/2237/121 1174/2245/121 1172/2247/121
f 1182/2237/121 1172/2247/121 1171/2248/121
f 1183/2249/121 1182/2237/121 1171/2248/121
f 1171/2250/727 1172/2251/728 1185/2252/728
f 1185/2252/728 1184/2253/120 1171/2250/727
f 1172/2251/728 1173/2254/729 1186/2255/729
f 1186/2255/729 1185/2252/728 1172/2251/728
f 1173/2256/729 1174/2257/730 1187/2258/730
f 1187/2258/730 1186/2259/729 1173/2256/729
f 1174/2257/730 1175/2260/731 1188/2261/731
f 1188/2261/731 1187/2258/730 1174/2257/730
f 1175/2260/731 1176/2262/732 1189/2263/733
f 1189/2263/733 1188/2261/731 1175/2260/731
f 1176/2264/732 1177/2265/734 1190/2266/734
f 1190/2266/734 1189/2267/733 1176/2264/732
f 1177/2265/734 1178/2268/735 1191/2269/735
f 1191/2269/735 1190/2266/734 1177/2265/734
f 1178/2268/735 1179/2270/736 1192/2271/736
f 1192/2271/736 1191/2269/735 1178/2268/735
f 1179/2272/736 1180/2273/737 1193/2274/738
f 1193/2274/738 1192/2275/736 1179/2272/736
f 1180/2273/737 1181/2276/739 1194/2277/739
f 1194/2277/739 1193/2274/738 1180/2273/737
f 1181/2276/739 1182/2278/740 1195/2279/741
f 1195/2279/741 1194/2277/739 1181/2276/739
f 1182/2280/740 1183/2281/742 1196/2282/743
f 1196/2282/743 1195/2283/741 1182/2280/740
f 1183/2281/742 1171/2250/727 1184/2253/120
f 1184/2253/120 1196/2282/743 1183/2281/742
f 1210/2284/122 1211/2285/122 1212/2286/122
f 1212/2286/122 1213/2287/122 1214/2288/122
f 1210/2284/122 1212/2286/122 1214/2288/122
f 1214/2288/122 1215/2289/744 1216/2290/122
f 1216/2290/122 1217/2291/122 1218/2292/122
f 1214/2288/122 1216/2290/122 1218/2292/122
f 1210/2284/122 1214/2288/122 1218/2292/122
f 1218/2292/122 1219/2293/122 1220/2294/122
f 1210/2284/122 1218/2292/122 1220/2294/122
f 1210/2284/122 1220/2294/122 1221/2295/122
f 1222/2296/122 1210/2284/122 1221/2295/122
f 1249/2297/745 1250/2298/746 1262/2299/746
f 1262/2299/746 1263/2300/745 1249/2297/745
f 1250/2298/746 1251/2301/122 1274/2302/122
f 1274/2302/122 1262/2299/746 1250/2298/746
f 1251/2301/122 1252/2303/747 1273/2304/747
f 1273/2304/747 1274/2302/122 1251/2301/122
f 1252/2303/747 1253/2305/748 1272/2306/748
f 1272/2306/748 1273/2304/747 1252/2303/747
f 1253/2305/748 1254/2307/749 1271/2308/749
f 1271/2308/749 1272/2306/748 1253/2305/748
f 1254/2307/749 1255/2309/750 1270/2310/750
f 1270/2310/750 1271/2308/749 1254/2307/749
f 1255/2309/750 1256/2311/751 1269/2312/751
f 1269/2312/751 1270/2310/750 1255/2309/750
f 1256/2311/751 1257/2313/752 1268/2314/752
f 1268/2314/752 1269/2312/751 1256/2311/751
f 1257/2313/752 1258/2315/753 1267/2316/753
f 1267/2316/753 1268/2314/752 1257/2313/752
f 1258/2315/753 1259/2317/754 1266/2318/754
f 1266/2318/754 1267/2316/753 1258/2315/753
f 1259/2317/754 1260/2319/755 1265/2320/755
f 1265/2320/755 1266/2318/754 1259/2317/754
f 1260/2319/755 1261/2321/756 1264/2322/756
f 1264/2322/756 1265/2320/755 1260/2319/755
f 1261/2321/756 1249/2297/745 1263/2300/745
f 1263/2300/745 1264/2322/756 1261/2321/756
f 1197/2323/122 1198/2324/122 1211/2285/122
f 1211/2285/122 1210/2284/122 1197/2323/122
f 1198/2324/122 1199/2325/122 1212/2286/122
f 1212/2286/122 1211/2285/122 1198/2324/122
f 1199/2325/122 1200/2326/122 1213/2287/122
f 1213/2287/122 1212/2286/122 1199/2325/122
f 1200/2326/122 1201/2327/122 1214/2288/122
f 1214/2288/122 1213/2287/122 1200/2326/122
f 1201/2327/122 1202/2328/122 1215/2289/744
f 1215/2289/744 1214/2288/122 1201/2327/122
f 1202/2328/122 1203/2329/122 1216/2290/122
f 1216/2290/122 1215/2289/744 1202/2328/122
f 1203/2329/122 1204/2330/122 1217/2291/122
f 1217/2291/122 1216/2290/122 1203/2329/122
f 1204/2330/122 1205/2331/122 1218/2292/122
f 1218/2292/122 1217/2291/122 1204/2330/122
f 1205/2331/122 1206/2332/122 1219/2293/122
f 1219/2293/122 1218/2292/122 1205/2331/122
f 1206/2332/122 1207/2333/122 1220/2294/122
f 1220/2294/122 1219/2293/122 1206/2332/122
f 1207/2333/122 1208/2334/122 1221/2295/122
f 1221/2295/122 1220/2294/122 1207/2333/122
f 1208/2334/122 1209/2335/122 1222/2296/122
f 1222/2296/122 1221/2295/122 1208/2334/122
f 1209/2335/122 1197/2323/122 1210/2284/122
f 1210/2284/122 1222/2296/122 1209/2335/122
f 1184/2253/120 1185/2252/728 1224/2336/757
f 1224/2336/757 1223/2337/758 1184/2253/120
f 1185/2252/728 1186/2255/729 1225/2338/759
f 1225/2338/759 1224/2336/757 1185/2252/728
f 1186/2259/729 1187/2258/730 1226/2339/730
f 1226/2339/730 1225/2340/759 1186/2259/729
f 1187/2258/730 1188/2261/731 1227/2341/760
f 1227/2341/760 1226/2339/730 1187/2258/730
f 1188/2261/731 1189/2263/733 1228/2342/761
f 1228/2342/761 1227/2341/760 1188/2261/731
f 1189/2267/733 1190/2266/734 1229/2343/734
f 1229/2343/734 1228/2344/761 1189/2267/733
f 1190/2266/734 1191/2269/735 1230/2345/762
f 1230/2345/762 1229/2343/734 1190/2266/734
f 1191/2269/735 1192/2271/736 1231/2346/763
f 1231/2346/763 1230/2345/762 1191/2269/735
f 1192/2275/736 1193/2274/738 1232/2347/764
f 1232/2347/764 1231/2348/763 1192/2275/736
f 1193/2274/738 1194/2277/739 1233/2349/765
f 1233/2349/765 1232/2347/764 1193/2274/738
f 1194/2277/739 1195/2279/741 1234/2350/741
f 1234/2350/741 1233/2349/765 1194/2277/739
f 1195/2283/741 1196/2282/743 1235/2351/743
f 1235/2351/743 1234/2352/741 1195/2283/741
f 1196/2282/743 1184/2253/120 1223/2337/758
f 1223/2337/758 1235/2351/743 1196/2282/743
f 1198/2353/766 1197/2354/767 1237/2355/767
f 1237/2355/767 1236/2356/768 1198/2353/766
f 1197/2354/767 1209/2357/769 1238/2358/769
f 1238/2358/769 1237/2355/767 1197/2354/767
f 1209/2357/769 1208/2359/770 1239/2360/770
f 1239/2360/770 1238/2358/769 1209/2357/769
f 1208/2361/770 1207/2362/771 1240/2363/771
f 1240/2363/771 1239/2364/770 1208/2361/770
f 1207/2362/771 1206/2365/772 1241/2366/773
f 1241/2366/773 1240/2363/771 1207/2362/771
f 1206/2365/772 1205/2367/774 1242/2368/775
f 1242/2368/775 1241/2366/773 1206/2365/772
f 1205/2369/774 1204/2370/776 1243/2371/776
f 1243/2371/776 1242/2372/775 1205/2369/774
f 1204/2370/776 1203/2373/777 1244/2374/777
f 1244/2374/777 1243/2371/776 1204/2370/776
f 1203/2373/777 1202/2375/778 1245/2376/778
f 1245/2376/778 1244/2374/777 1203/2373/777
f 1202/2377/778 1201/2378/779 1246/2379/780
f 1246/2379/780 1245/2380/778 1202/2377/778
f 1201/2378/779 1200/2381/781 1247/2382/781
f 1247/2382/781 1246/2379/780 1201/2378/779
f 1200/2381/781 1199/2383/782 1248/2384/782
f 1248/2384/782 1247/2382/781 1200/2381/781
f 1199/2385/782 1198/2353/766 1236/2356/768
f 1236/2356/768 1248/2386/782 1199/2385/782
f 1249/2297/138 1223/2387/138 1224/2388/783
f 1224/2388/783 1250/2298/783 1249/2297/138
f 1250/2298/783 1224/2388/783 1225/2389/784
f 1225/2389/784 1251/2301/784 1250/2298/783
f 1251/2301/784 1225/2389/784 1226/2390/785
f 1226/2390/785 1252/2303/785 1251/2301/784
f 1252/2391/785 1226/2339/785 1227/2341/786
f 1227/2341/786 1253/2392/786 1252/2391/785
f 1253/2393/786 1227/2394/786 1228/2344/787
f 1228/2344/787 1254/2395/788 1253/2393/786
f 1254/2395/788 1228/2344/787 1229/2343/789
f 1229/2343/789 1255/2396/790 1254/2395/788
f 1255/2396/790 1229/2343/789 1230/2345/791
f 1230/2345/791 1256/2397/791 1255/2396/790
f 1256/2397/791 1230/2345/791 1231/2346/792
f 1231/2346/792 1257/2398/792 1256/2397/791
f 1257/2398/792 1231/2346/792 1232/2399/793
f 1232/2399/793 1258/2400/794 1257/2398/792
f 1258/2401/794 1232/2347/793 1233/2349/795
f 1233/2349/795 1259/2402/795 1258/2401/794
f 1259/2317/795 1233/2403/795 1234/2404/796
f 1234/2404/796 1260/2319/796 1259/2317/795
f 1260/2319/796 1234/2404/796 1235/2405/797
f 1235/2405/797 1261/2321/798 1260/2319/796
f 1261/2321/798 1235/2405/797 1223/2387/138
f 1223/2387/138 1249/2297/138 1261/2321/798
f 1262/2406/799 1236/2356/800 1237/2355/801
f 1237/2355/801 1263/2407/801 1262/2406/799
f 1263/2407/801 1237/2355/801 1238/2358/802
f 1238/2358/802 1264/2408/802 1263/2407/801
f 1264/2408/802 1238/2358/802 1239/2360/803
f 1239/2360/803 1265/2409/803 1264/2408/802
f 1265/2410/803 1239/2364/803 1240/2363/804
f 1240/2363/804 1266/2411/804 1265/2410/803
f 1266/2411/804 1240/2363/804 1241/2366/805
f 1241/2366/805 1267/2412/805 1266/2411/804
f 1267/2316/805 1241/2413/805 1242/2414/806
f 1242/2414/806 1268/2314/806 1267/2316/805
f 1268/2314/806 1242/2414/806 1243/2415/807
f 1243/2415/807 1269/2312/807 1268/2314/806
f 1269/2312/807 1243/2415/807 1244/2416/808
f 1244/2416/808 1270/2310/808 1269/2312/807
f 1270/2310/808 1244/2416/808 1245/2417/809
f 1245/2417/809 1271/2308/809 1270/2310/808
f 1271/2308/809 1245/2417/809 1246/2418/810
f 1246/2418/810 1272/2306/810 1271/2308/809
f 1272/2419/810 1246/2379/810 1247/2382/811
f 1247/2382/811 1273/2420/811 1272/2419/810
f 1273/2420/811 1247/2382/811 1248/2384/812
f 1248/2384/812 1274/2421/812 1273/2420/811
f 1274/2422/812 1248/2386/812 1236/2356/800
f 1236/2356/800 1262/2406/799 1274/2422/812
f 1286/2423/121 1285/2424/121 1284/2425/121
f 1284/2425/121 1283/2426/121 1282/2427/121
f 1286/2423/121 1284/2425/121 1282/2427/121
f 1282/2427/121 1281/2428/121 1280/2429/121
f 1280/2429/121 1279/2430/121 1278/2431/121
f 1282/2427/121 1280/2429/121 1278/2431/121
f 1286/2423/121 1282/2427/121 1278/2431/121
f 1278/2431/121 1277/2432/121 1276/2433/121
f 1286/2423/121 1278/2431/121 1276/2433/121
f 1286/2423/121 1276/2433/121 1275/2434/121
f 1287/2435/121 1286/2423/121 1275/2434/121
f 1275/2436/727 1276/2437/728 1289/2438/813
f 1289/2438/813 1288/2439/120 1275/2436/727
f 1276/2437/728 1277/2440/729 1290/2441/729
f 1290/2441/729 1289/2438/813 1276/2437/728
f 1277/2442/729 1278/2443/730 1291/2444/730
f 1291/2444/730 1290/2445/729 1277/2442/729
f 1278/2443/730 1279/2446/731 1292/2447/731
f 1292/2447/731 1291/2444/730 1278/2443/730
f 1279/2446/731 1280/2448/732 1293/2449/732
f 1293/2449/732 1292/2447/731 1279/2446/731
f 1280/2450/732 1281/2451/814 1294/2452/814
f 1294/2452/814 1293/2453/732 1280/2450/732
f 1281/2451/814 1282/2454/735 1295/2455/815
f 1295/2455/815 1294/2452/814 1281/2451/814
f 1282/2454/735 1283/2456/736 1296/2457/736
f 1296/2457/736 1295/2455/815 1282/2454/735
f 1283/2458/736 1284/2459/737 1297/2460/737
f 1297/2460/737 1296/2461/736 1283/2458/736
f 1284/2459/737 1285/2462/739 1298/2463/739
f 1298/2463/739 1297/2460/737 1284/2459/737
f 1285/2462/739 1286/2464/740 1299/2465/740
f 1299/2465/740 1298/2463/739 1285/2462/739
f 1286/2466/740 1287/2467/742 1300/2468/816
f 1300/2468/816 1299/2469/740 1286/2466/740
f 1287/2467/742 1275/2436/727 1288/2439/120
f 1288/2439/120 1300/2468/816 1287/2467/742
f 1314/2470/122 1315/2471/122 1316/2472/122
f 1316/2472/122 1317/2473/122 1318/2474/122
f 1314/2470/122 1316/2472/122 1318/2474/122
f 1318/2474/122 1319/2475/122 1320/2476/122
f 1320/2476/122 1321/2477/122 1322/2478/122
f 1318/2474/122 1320/2476/122 1322/2478/122
f 1314/2470/122 1318/2474/122 1322/2478/122
f 1322/2478/122 1323/2479/122 1324/2480/122
f 1314/2470/122 1322/2478/122 1324/2480/122
f 1314/2470/122 1324/2480/122 1325/2481/122
f 1326/2482/122 1314/2470/122 1325/2481/122
f 1353/2483/817 1354/2484/818 1366/2485/818
f 1366/2485/818 1367/2486/817 1353/2483/817
f 1354/2484/818 1355/2487/819 1378/2488/819
f 1378/2488/819 1366/2485/818 1354/2484/818
f 1355/2487/819 1356/2489/820 1377/2490/820
f 1377/2490/820 1378/2488/819 1355/2487/819
f 1356/2489/820 1357/2491/821 1376/2492/821
f 1376/2492/821 1377/2490/820 1356/2489/820
f 1357/2491/821 1358/2493/822 1375/2494/822
f 1375/2494/822 1376/2492/821 1357/2491/821
f 1358/2493/822 1359/2495/823 1374/2496/823
f 1374/2496/823 1375/2494/822 1358/2493/822
f 1359/2495/823 1360/2497/824 1373/2498/824
f 1373/2498/824 1374/2496/823 1359/2495/823
f 1360/2497/824 1361/2499/825 1372/2500/825
f 1372/2500/825 1373/2498/824 1360/2497/824
f 1361/2499/825 1362/2501/826 1371/2502/826
f 1371/2502/826 1372/2500/825 1361/2499/825
f 1362/2501/826 1363/2503/827 1370/2504/828
f 1370/2504/828 1371/2502/826 1362/2501/826
f 1363/2503/827 1364/2505/829 1369/2506/829
f 1369/2506/829 1370/2504/828 1363/2503/827
f 1364/2505/829 1365/2507/830 1368/2508/830
f 1368/2508/830 1369/2506/829 1364/2505/829
f 1365/2507/830 1353/2483/817 1367/2486/817
f 1367/2486/817 1368/2508/830 1365/2507/830
f 1301/2509/122 1302/2510/122 1315/2471/122
f 1315/2471/122 1314/2470/122 1301/2509/122
f 1302/2510/122 1303/2511/122 1316/2472/122
f 1316/2472/122 1315/2471/122 1302/2510/122
f 1303/2511/122 1304/2512/122 1317/2473/122
f 1317/2473/122 1316/2472/122 1303/2511/122
f 1304/2512/122 1305/2513/122 1318/2474/122
f 1318/2474/122 1317/2473/122 1304/2512/122
f 1305/2513/122 1306/2514/122 1319/2475/122
f 1319/2475/122 1318/2474/122 1305/2513/122
f 1306/2514/122 1307/2515/122 1320/2476/122
f 1320/2476/122 1319/2475/122 1306/2514/122
f 1307/2515/122 1308/2516/122 1321/2477/122
f 1321/2477/122 1320/2476/122 1307/2515/122
f 1308/2516/122 1309/2517/122 1322/2478/122
f 1322/2478/122 1321/2477/122 1308/2516/122
f 1309/2517/122 1310/2518/122 1323/2479/122
f 1323/2479/122 1322/2478/122 1309/2517/122
f 1310/2518/122 1311/2519/122 1324/2480/122
f 1324/2480/122 1323/2479/122 1310/2518/122
f 1311/2519/122 1312/2520/122 1325/2481/122
f 1325/2481/122 1324/2480/122 1311/2519/122
f 1312/2520/122 1313/2521/122 1326/2482/122
f 1326/2482/122 1325/2481/122 1312/2520/122
f 1313/2521/122 1301/2509/122 1314/2470/122
f 1314/2470/122 1326/2482/122 1313/2521/122
f 1288/2439/120 1289/2438/813 1328/2522/813
f 1328/2522/813 1327/2523/758 1288/2439/120
f 1289/2438/813 1290/2441/729 1329/2524/729
f 1329/2524/729 1328/2522/813 1289/2438/813
f 1290/2445/729 1291/2444/730 1330/2525/730
f 1330/2525/730 1329/2526/729 1290/2445/729
f 1291/2444/730 1292/2447/731 1331/2527/731
f 1331/2527/731 1330/2525/730 1291/2444/730
f 1292/2447/731 1293/2449/732 1332/2528/733
f 1332/2528/733 1331/2527/731 1292/2447/731
f 1293/2453/732 1294/2452/814 1333/2529/814
f 1333/2529/814 1332/2530/733 1293/2453/732
f 1294/2452/814 1295/2455/815 1334/2531/831
f 1334/2531/831 1333/2529/814 1294/2452/814
f 1295/2455/815 1296/2457/736 1335/2532/832
f 1335/2532/832 1334/2531/831 1295/2455/815
f 1296/2461/736 1297/2460/737 1336/2533/833
f 1336/2533/833 1335/2534/832 1296/2461/736
f 1297/2460/737 1298/2463/739 1337/2535/739
f 1337/2535/739 1336/2533/833 1297/2460/737
f 1298/2463/739 1299/2465/740 1338/2536/740
f 1338/2536/740 1337/2535/739 1298/2463/739
f 1299/2469/740 1300/2468/816 1339/2537/834
f 1339/2537/834 1338/2538/740 1299/2469/740
f 1300/2468/816 1288/2439/120 1327/2523/758
f 1327/2523/758 1339/2537/834 1300/2468/816
f 1302/2539/766 1301/2540/835 1341/2541/835
f 1341/2541/835 1340/2542/766 1302/2539/766
f 1301/2540/835 1313/2543/836 1342/2544/837
f 1342/2544/837 1341/2541/835 1301/2540/835
f 1313/2543/836 1312/2545/838 1343/2546/838
f 1343/2546/838 1342/2544/837 1313/2543/836
f 1312/2547/838 1311/2548/771 1344/2549/771
f 1344/2549/771 1343/2550/838 1312/2547/838
f 1311/2548/771 1310/2551/839 1345/2552/839
f 1345/2552/839 1344/2549/771 1311/2548/771
f 1310/2551/839 1309/2553/840 1346/2554/840
f 1346/2554/840 1345/2552/839 1310/2551/839
f 1309/2555/840 1308/2556/841 1347/2557/841
f 1347/2557/841 1346/2558/840 1309/2555/840
f 1308/2556/841 1307/2559/842 1348/2560/842
f 1348/2560/842 1347/2557/841 1308/2556/841
f 1307/2559/842 1306/2561/843 1349/535/844
f 1349/535/844 1348/2560/842 1307/2559/842
f 1306/2562/843 1305/2563/845 1350/2564/846
f 1350/2564/846 1349/2565/844 1306/2562/843
f 1305/2563/845 1304/2566/847 1351/2567/847
f 1351/2567/847 1350/2564/846 1305/2563/845
f 1304/2566/847 1303/2568/782 1352/2569/782
f 1352/2569/782 1351/2567/847 1304/2566/847
f 1303/2570/782 1302/2539/766 1340/2542/766
f 1340/2542/766 1352/2571/782 1303/2570/782
f 1353/2483/138 1327/2572/138 1328/2573/848
f 1328/2573/848 1354/2484/849 1353/2483/138
f 1354/2484/849 1328/2573/848 1329/2574/850
f 1329/2574/850 1355/2487/850 1354/2484/849
f 1355/2487/850 1329/2574/850 1330/2575/785
f 1330/2575/785 1356/2489/785 1355/2487/850
f 1356/2576/785 1330/2525/785 1331/2527/786
f 1331/2527/786 1357/2577/786 1356/2576/785
f 1357/2578/786 1331/2579/786 1332/2530/851
f 1332/2530/851 1358/2580/788 1357/2578/786
f 1358/2580/788 1332/2530/851 1333/2529/852
f 1333/2529/852 1359/2581/852 1358/2580/788
f 1359/2581/852 1333/2529/852 1334/2531/853
f 1334/2531/853 1360/2582/853 1359/2581/852
f 1360/2582/853 1334/2531/853 1335/2532/854
f 1335/2532/854 1361/2583/854 1360/2582/853
f 1361/2583/854 1335/2532/854 1336/2584/794
f 1336/2584/794 1362/2585/794 1361/2583/854
f 1362/2586/794 1336/2533/794 1337/2535/855
f 1337/2535/855 1363/2587/855 1362/2586/794
f 1363/2503/855 1337/2588/855 1338/2589/856
f 1338/2589/856 1364/2505/857 1363/2503/855
f 1364/2505/857 1338/2589/856 1339/2590/797
f 1339/2590/797 1365/2507/797 1364/2505/857
f 1365/2507/797 1339/2590/797 1327/2572/138
f 1327/2572/138 1353/2483/138 1365/2507/797
f 1366/2591/858 1340/2542/858 1341/2541/859
f 1341/2541/859 1367/2592/859 1366/2591/858
f 1367/2592/859 1341/2541/859 1342/2544/860
f 1342/2544/860 1368/2593/860 1367/2592/859
f 1368/2593/860 1342/2544/860 1343/2546/861
f 1343/2546/861 1369/2594/861 1368/2593/860
f 1369/2595/861 1343/2550/861 1344/2549/862
f 1344/2549/862 1370/2596/862 1369/2595/861
f 1370/2596/862 1344/2549/862 1345/2552/805
f 1345/2552/805 1371/2597/805 1370/2596/862
f 1371/2502/805 1345/2598/805 1346/2599/863
f 1346/2599/863 1372/2500/863 1371/2502/805
f 1372/2500/863 1346/2599/863 1347/2600/864
f 1347/2600/864 1373/2498/864 1372/2500/863
f 1373/2498/864 1347/2600/864 1348/2601/808
f 1348/2601/808 1374/2496/808 1373/2498/864
f 1374/2496/808 1348/2601/808 1349/2602/809
f 1349/2602/809 1375/2494/809 1374/2496/808
f 1375/2494/809 1349/2602/809 1350/2603/810
f 1350/2603/810 1376/2492/810 1375/2494/809
f 1376/2604/810 1350/2564/810 1351/2567/811
f 1351/2567/811 1377/2605/811 1376/2604/810
f 1377/2605/811 1351/2567/811 1352/2569/865
f 1352/2569/865 1378/2606/866 1377/2605/811
f 1378/2607/866 1352/2571/865 1340/2542/858
f 1340/2542/858 1366/2591/858 1378/2607/866
f 1390/2608/63 1389/2609/63 1388/2610/63
f 1388/2610/63 1387/2611/63 1386/2612/63
f 1390/2608/63 1388/2610/63 1386/2612/63
f 1386/2612/63 1385/2613/63 1384/2614/63
f 1384/2614/63 1383/2615/63 1382/2616/63
f 1386/2612/63 1384/2614/63 1382/2616/63
f 1390/2608/63 1386/2612/63 1382/2616/63
f 1382/2616/63 1381/2617/63 1380/2618/63
f 1390/2608/63 1382/2616/63 1380/2618/63
f 1390/2608/63 1380/2618/63 1379/2619/63
f 1391/2620/63 1390/2608/63 1379/2619/63
f 1379/2621/61 1380/2622/633 1393/2623/867
f 1393/2623/867 1392/2624/868 1379/2621/61
f 1380/2622/633 1381/2625/636 1394/2626/636
f 1394/2626/636 1393/2623/867 1380/2622/633
f 1381/2627/636 1382/2628/637 1395/2629/637
f 1395/2629/637 1394/2630/636 1381/2627/636
f 1382/2628/637 1383/2631/638 1396/2632/638
f 1396/2632/638 1395/2629/637 1382/2628/637
f 1383/2631/638 1384/2633/639 1397/2634/639
f 1397/2634/639 1396/2632/638 1383/2631/638
f 1384/2635/639 1385/2636/640 1398/2637/640
f 1398/2637/640 1397/2638/639 1384/2635/639
f 1385/2636/640 1386/2639/642 1399/2640/642
f 1399/2640/642 1398/2637/640 1385/2636/640
f 1386/2639/642 1387/2641/644 1400/2642/869
f 1400/2642/869 1399/2640/642 1386/2639/642
f 1387/2643/644 1388/2644/645 1401/2645/645
f 1401/2645/645 1400/2646/869 1387/2643/644
f 1388/2644/645 1389/2647/646 1402/2648/646
f 1402/2648/646 1401/2645/645 1388/2644/645
f 1389/2647/646 1390/2649/647 1403/2650/647
f 1403/2650/647 1402/2648/646 1389/2647/646
f 1390/2651/647 1391/2652/648 1404/2653/648
f 1404/2653/648 1403/2654/647 1390/2651/647
f 1391/2652/648 1379/2621/61 1392/2624/868
f 1392/2624/868 1404/2653/648 1391/2652/648
f 1418/2655/65 1419/2656/65 1420/2657/65
f 1420/2657/65 1421/2658/65 1422/2659/65
f 1418/2655/65 1420/2657/65 1422/2659/65
f 1422/2659/65 1423/2660/65 1424/2661/65
f 1424/2661/65 1425/2662/65 1426/2663/65
f 1422/2659/65 1424/2661/65 1426/2663/65
f 1418/2655/65 1422/2659/65 1426/2663/65
f 1426/2663/65 1427/2664/65 1428/2665/65
f 1418/2655/65 1426/2663/65 1428/2665/65
f 1418/2655/65 1428/2665/65 1429/2666/65
f 1430/2667/65 1418/2655/65 1429/2666/65
f 1457/2668/870 1458/2669/871 1470/2670/871
f 1470/2670/871 1471/2671/870 1457/2668/870
f 1458/2669/871 1459/2672/872 1482/2673/873
f 1482/2673/873 1470/2670/871 1458/2669/871
f 1459/2672/872 1460/2674/656 1481/2675/656
f 1481/2675/656 1482/2673/873 1459/2672/872
f 1460/2674/656 1461/2676/874 1480/2677/874
f 1480/2677/874 1481/2675/656 1460/2674/656
f 1461/2676/874 1462/2678/875 1479/2679/875
f 1479/2679/875 1480/2677/874 1461/2676/874
f 1462/2678/875 1463/2680/876 1478/2681/876
f 1478/2681/876 1479/2679/875 1462/2678/875
f 1463/2680/876 1464/2682/877 1477/2683/877
f 1477/2683/877 1478/2681/876 1463/2680/876
f 1464/2682/877 1465/2684/654 1476/2685/654
f 1476/2685/654 1477/2683/877 1464/2682/877
f 1465/2684/654 1466/2686/878 1475/2687/878
f 1475/2687/878 1476/2685/654 1465/2684/654
f 1466/2686/878 1467/2688/879 1474/2689/879
f 1474/2689/879 1475/2687/878 1466/2686/878
f 1467/2688/879 1468/2690/880 1473/2691/880
f 1473/2691/880 1474/2689/879 1467/2688/879
f 1468/2690/880 1469/2692/881 1472/2693/881
f 1472/2693/881 1473/2691/880 1468/2690/880
f 1469/2692/881 1457/2668/870 1471/2671/870
f 1471/2671/870 1472/2693/881 1469/2692/881
f 1405/2694/65 1406/2695/65 1419/2656/65
f 1419/2656/65 1418/2655/65 1405/2694/65
f 1406/2695/65 1407/2696/65 1420/2657/65
f 1420/2657/65 1419/2656/65 1406/2695/65
f 1407/2696/65 1408/2697/65 1421/2658/65
f 1421/2658/65 1420/2657/65 1407/2696/65
f 1408/2697/65 1409/2698/65 1422/2659/65
f 1422/2659/65 1421/2658/65 1408/2697/65
f 1409/2698/65 1410/2699/65 1423/2660/65
f 1423/2660/65 1422/2659/65 1409/2698/65
f 1410/2699/65 1411/2700/65 1424/2661/65
f 1424/2661/65 1423/2660/65 1410/2699/65
f 1411/2700/65 1412/2701/65 1425/2662/65
f 1425/2662/65 1424/2661/65 1411/2700/65
f 1412/2701/65 1413/2702/65 1426/2663/65
f 1426/2663/65 1425/2662/65 1412/2701/65
f 1413/2702/65 1414/2703/65 1427/2664/65
f 1427/2664/65 1426/2663/65 1413/2702/65
f 1414/2703/65 1415/2704/65 1428/2665/65
f 1428/2665/65 1427/2664/65 1414/2703/65
f 1415/2704/65 1416/2705/65 1429/2666/65
f 1429/2666/65 1428/2665/65 1415/2704/65
f 1416/2705/65 1417/2706/65 1430/2667/65
f 1430/2667/65 1429/2666/65 1416/2705/65
f 1417/2706/65 1405/2694/65 1418/2655/65
f 1418/2655/65 1430/2667/65 1417/2706/65
f 1392/2624/868 1393/2623/867 1432/2707/867
f 1432/2707/867 1431/2708/868 1392/2624/868
f 1393/2623/867 1394/2626/636 1433/2709/636
f 1433/2709/636 1432/2707/867 1393/2623/867
f 1394/2630/636 1395/2629/637 1434/2710/637
f 1434/2710/637 1433/2711/636 1394/2630/636
f 1395/2629/637 1396/2632/638 1435/2712/638
f 1435/2712/638 1434/2710/637 1395/2629/637
f 1396/2632/638 1397/2634/639 1436/2713/639
f 1436/2713/639 1435/2712/638 1396/2632/638
f 1397/2638/639 1398/2637/640 1437/2714/882
f 1437/2714/882 1436/2715/639 1397/2638/639
f 1398/2637/640 1399/2640/642 1438/2716/883
f 1438/2716/883 1437/2714/882 1398/2637/640
f 1399/2640/642 1400/2642/869 1439/2717/869
f 1439/2717/869 1438/2716/883 1399/2640/642
f 1400/2646/869 1401/2645/645 1440/2718/645
f 1440/2718/645 1439/2719/869 1400/2646/869
f 1401/2645/645 1402/2648/646 1441/2720/884
f 1441/2720/884 1440/2718/645 1401/2645/645
f 1402/2648/646 1403/2650/647 1442/2721/647
f 1442/2721/647 1441/2720/884 1402/2648/646
f 1403/2654/647 1404/2653/648 1443/2722/885
f 1443/2722/885 1442/2723/647 1403/2654/647
f 1404/2653/648 1392/2624/868 1431/2708/868
f 1431/2708/868 1443/2722/885 1404/2653/648
f 1406/2724/886 1405/2725/60 1445/2726/887
f 1445/2726/887 1444/2727/886 1406/2724/886
f 1405/2725/60 1417/2728/888 1446/2729/888
f 1446/2729/888 1445/2726/887 1405/2725/60
f 1417/2728/888 1416/2730/889 1447/2731/890
f 1447/2731/890 1446/2729/888 1417/2728/888
f 1416/2732/889 1415/2733/891 1448/2734/891
f 1448/2734/891 1447/2735/890 1416/2732/889
f 1415/2733/891 1414/2736/685 1449/2737/685
f 1449/2737/685 1448/2734/891 1415/2733/891
f 1414/2736/685 1413/2738/892 1450/2739/892
f 1450/2739/892 1449/2737/685 1414/2736/685
f 1413/2740/892 1412/2741/893 1451/2742/893
f 1451/2742/893 1450/2743/892 1413/2740/892
f 1412/2741/893 1411/2744/894 1452/2745/895
f 1452/2745/895 1451/2742/893 1412/2741/893
f 1411/2744/894 1410/2746/896 1453/2747/896
f 1453/2747/896 1452/2745/895 1411/2744/894
f 1410/2748/896 1409/2749/897 1454/2750/897
f 1454/2750/897 1453/2751/896 1410/2748/896
f 1409/2749/897 1408/2752/693 1455/2753/898
f 1455/2753/898 1454/2750/897 1409/2749/897
f 1408/2752/693 1407/2754/899 1456/2755/899
f 1456/2755/899 1455/2753/898 1408/2752/693
f 1407/2756/899 1406/2724/886 1444/2727/886
f 1444/2727/886 1456/2757/899 1407/2756/899
f 1457/2668/83 1431/2758/83 1432/2759/900
f 1432/2759/900 1458/2669/900 1457/2668/83
f 1458/2669/900 1432/2759/900 1433/2760/698
f 1433/2760/698 1459/2672/901 1458/2669/900
f 1459/2672/901 1433/2760/698 1434/2761/700
f 1434/2761/700 1460/2674/700 1459/2672/901
f 1460/2762/700 1434/2710/700 1435/2712/902
f 1435/2712/902 1461/2763/902 1460/2762/700
f 1461/2764/902 1435/2765/902 1436/2715/903
f 1436/2715/903 1462/2766/903 1461/2764/902
f 1462/2766/903 1436/2715/903 1437/2714/904
f 1437/2714/904 1463/2767/904 1462/2766/903
f 1463/2767/904 1437/2714/904 1438/2716/905
f 1438/2716/905 1464/2768/905 1463/2767/904
f 1464/2768/905 1438/2716/905 1439/2717/906
f 1439/2717/906 1465/2769/906 1464/2768/905
f 1465/2769/906 1439/2717/906 1440/2770/907
f 1440/2770/907 1466/2771/907 1465/2769/906
f 1466/2772/907 1440/2718/907 1441/2720/709
f 1441/2720/709 1467/2773/709 1466/2772/907
f 1467/2688/709 1441/2774/709 1442/2775/710
f 1442/2775/710 1468/2690/710 1467/2688/709
f 1468/2690/710 1442/2775/710 1443/2776/711
f 1443/2776/711 1469/2692/711 1468/2690/710
f 1469/2692/711 1443/2776/711 1431/2758/83
f 1431/2758/83 1457/2668/83 1469/2692/711
f 1470/2777/908 1444/2727/909 1445/2726/910
f 1445/2726/910 1471/2778/910 1470/2777/908
f 1471/2778/910 1445/2726/910 1446/2729/911
f 1446/2729/911 1472/2779/911 1471/2778/910
f 1472/2779/911 1446/2729/911 1447/2731/715
f 1447/2731/715 1473/2780/715 1472/2779/911
f 1473/2781/715 1447/2735/715 1448/2734/716
f 1448/2734/716 1474/2782/716 1473/2781/715
f 1474/2782/716 1448/2734/716 1449/2737/717
f 1449/2737/717 1475/2783/717 1474/2782/716
f 1475/2687/717 1449/2784/717 1450/2785/719
f 1450/2785/719 1476/2685/719 1475/2687/717
f 1476/2685/719 1450/2785/719 1451/2786/912
f 1451/2786/912 1477/2683/912 1476/2685/719
f 1477/2683/912 1451/2786/912 1452/2787/913
f 1452/2787/913 1478/2681/913 1477/2683/912
f 1478/2681/913 1452/2787/913 1453/2788/914
f 1453/2788/914 1479/2679/722 1478/2681/913
f 1479/2679/722 1453/2788/914 1454/2789/723
f 1454/2789/723 1480/2677/723 1479/2679/722
f 1480/2790/723 1454/2750/723 1455/2753/915
f 1455/2753/915 1481/2791/916 1480/2790/723
f 1481/2791/916 1455/2753/915 1456/2755/725
f 1456/2755/725 1482/2792/725 1481/2791/916
f 1482/2793/725 1456/2757/725 1444/2727/909
f 1444/2727/909 1470/2777/908 1482/2793/725
f 1494/2794/92 1493/2795/92 1492/2796/92
f 1492/2796/92 1491/2797/92 1490/2798/92
f 1494/2794/92 1492/2796/92 1490/2798/92
f 1490/2798/92 1489/2799/191 1488/2800/92
f 1488/2800/92 1487/2801/92 1486/2802/92
f 1490/2798/92 1488/2800/92 1486/2802/92
f 1494/2794/92 1490/2798/92 1486/2802/92
f 1486/2802/92 1485/2803/92 1484/2804/92
f 1494/2794/92 1486/2802/92 1484/2804/92
f 1494/2794/92 1484/2804/92 1483/2805/92
f 1495/2806/92 1494/2794/92 1483/2805/92
f 1483/2807/91 1484/2808/586 1497/2809/557
f 1497/2809/557 1496/2810/91 1483/2807/91
f 1484/2808/586 1485/2811/558 1498/2812/558
f 1498/2812/558 1497/2809/557 1484/2808/586
f 1485/2813/558 1486/2814/560 1499/2815/560
f 1499/2815/560 1498/2816/558 1485/2813/558
f 1486/2814/560 1487/2817/561 1500/2818/917
f 1500/2818/917 1499/2815/560 1486/2814/560
f 1487/2817/561 1488/2819/562 1501/2820/562
f 1501/2820/562 1500/2818/917 1487/2817/561
f 1488/2821/562 1489/2822/564 1502/2823/563
f 1502/2823/563 1501/2824/562 1488/2821/562
f 1489/2822/564 1490/2825/566 1503/2826/565
f 1503/2826/565 1502/2823/563 1489/2822/564
f 1490/2825/566 1491/2827/567 1504/2828/567
f 1504/2828/567 1503/2826/565 1490/2825/566
f 1491/2829/567 1492/2830/568 1505/2831/918
f 1505/2831/918 1504/2832/567 1491/2829/567
f 1492/2830/568 1493/2833/569 1506/2834/569
f 1506/2834/569 1505/2831/918 1492/2830/568
f 1493/2833/569 1494/2835/570 1507/2836/570
f 1507/2836/570 1506/2834/569 1493/2833/569
f 1494/2837/570 1495/2838/573 1508/2839/573
f 1508/2839/573 1507/2840/570 1494/2837/570
f 1495/2838/573 1483/2807/91 1496/2810/91
f 1496/2810/91 1508/2839/573 1495/2838/573
f 1522/2841/93 1523/2842/93 1524/2843/574
f 1524/2843/574 1525/2844/574 1526/2845/93
f 1522/2841/93 1524/2843/574 1526/2845/93
f 1526/2845/93 1527/2846/93 1528/2847/93
f 1528/2847/93 1529/2848/93 1530/2849/93
f 1526/2845/93 1528/2847/93 1530/2849/93
f 1522/2841/93 1526/2845/93 1530/2849/93
f 1530/2849/93 1531/2850/919 1532/2851/93
f 1522/2841/93 1530/2849/93 1532/2851/93
f 1522/2841/93 1532/2851/93 1533/2852/574
f 1534/2853/93 1522/2841/93 1533/2852/574
f 1561/2854/920 1562/2855/921 1574/2856/921
f 1574/2856/921 1575/2857/920 1561/2854/920
f 1562/2855/921 1563/2858/922 1586/2859/922
f 1586/2859/922 1574/2856/921 1562/2855/921
f 1563/2858/922 1564/2860/923 1585/2861/923
f 1585/2861/923 1586/2859/922 1563/2858/922
f 1564/2860/923 1565/2862/924 1584/2863/924
f 1584/2863/924 1585/2861/923 1564/2860/923
f 1565/2862/924 1566/2864/925 1583/2865/925
f 1583/2865/925 1584/2863/924 1565/2862/924
f 1566/2864/925 1567/2866/926 1582/2867/926
f 1582/2867/926 1583/2865/925 1566/2864/925
f 1567/2866/926 1568/2868/927 1581/2869/927
f 1581/2869/927 1582/2867/926 1567/2866/926
f 1568/2868/927 1569/2870/928 1580/2871/929
f 1580/2871/929 1581/2869/927 1568/2868/927
f 1569/2870/928 1570/2872/930 1579/2873/930
f 1579/2873/930 1580/2871/929 1569/2870/928
f 1570/2872/930 1571/2874/931 1578/2875/931
f 1578/2875/931 1579/2873/930 1570/2872/930
f 1571/2874/931 1572/2876/932 1577/2877/932
f 1577/2877/932 1578/2875/931 1571/2874/931
f 1572/2876/932 1573/2878/933 1576/2879/933
f 1576/2879/933 1577/2877/932 1572/2876/932
f 1573/2878/933 1561/2854/920 1575/2857/920
f 1575/2857/920 1576/2879/933 1573/2878/933
f 1509/2880/93 1510/2881/93 1523/2842/93
f 1523/2842/93 1522/2841/93 1509/2880/93
f 1510/2881/93 1511/2882/93 1524/2843/574
f 1524/2843/574 1523/2842/93 1510/2881/93
f 1511/2882/93 1512/2883/93 1525/2844/574
f 1525/2844/574 1524/2843/574 1511/2882/93
f 1512/2883/93 1513/2884/93 1526/2845/93
f 1526/2845/93 1525/2844/574 1512/2883/93
f 1513/2884/93 1514/2885/93 1527/2846/93
f 1527/2846/93 1526/2845/93 1513/2884/93
f 1514/2885/93 1515/2886/93 1528/2847/93
f 1528/2847/93 1527/2846/93 1514/2885/93
f 1515/2886/93 1516/2887/93 1529/2848/93
f 1529/2848/93 1528/2847/93 1515/2886/93
f 1516/2887/93 1517/2888/93 1530/2849/93
f 1530/2849/93 1529/2848/93 1516/2887/93
f 1517/2888/93 1518/2889/93 1531/2850/919
f 1531/2850/919 1530/2849/93 1517/2888/93
f 1518/2889/93 1519/2890/93 1532/2851/93
f 1532/2851/93 1531/2850/919 1518/2889/93
f 1519/2890/93 1520/2891/93 1533/2852/574
f 1533/2852/574 1532/2851/93 1519/2890/93
f 1520/2891/93 1521/2892/93 1534/2853/93
f 1534/2853/93 1533/2852/574 1520/2891/93
f 1521/2892/93 1509/2880/93 1522/2841/93
f 1522/2841/93 1534/2853/93 1521/2892/93
f 1496/2810/91 1497/2809/557 1536/2893/557
f 1536/2893/557 1535/2894/91 1496/2810/91
f 1497/2809/557 1498/2812/558 1537/2895/934
f 1537/2895/934 1536/2893/557 1497/2809/557
f 1498/2816/558 1499/2815/560 1538/2896/589
f 1538/2896/589 1537/2897/934 1498/2816/558
f 1499/2815/560 1500/2818/917 1539/2898/935
f 1539/2898/935 1538/2896/589 1499/2815/560
f 1500/2818/917 1501/2820/562 1540/2899/562
f 1540/2899/562 1539/2898/935 1500/2818/917
f 1501/2824/562 1502/2823/563 1541/2900/563
f 1541/2900/563 1540/2901/562 1501/2824/562
f 1502/2823/563 1503/2826/565 1542/2902/565
f 1542/2902/565 1541/2900/563 1502/2823/563
f 1503/2826/565 1504/2828/567 1543/2903/567
f 1543/2903/567 1542/2902/565 1503/2826/565
f 1504/2832/567 1505/2831/918 1544/2904/918
f 1544/2904/918 1543/2905/567 1504/2832/567
f 1505/2831/918 1506/2834/569 1545/2906/936
f 1545/2906/936 1544/2904/918 1505/2831/918
f 1506/2834/569 1507/2836/570 1546/2907/937
f 1546/2907/937 1545/2906/936 1506/2834/569
f 1507/2840/570 1508/2839/573 1547/2908/572
f 1547/2908/572 1546/2909/937 1507/2840/570
f 1508/2839/573 1496/2810/91 1535/2894/91
f 1535/2894/91 1547/2908/572 1508/2839/573
f 1510/2910/938 1509/2911/90 1549/2912/90
f 1549/2912/90 1548/2913/938 1510/2910/938
f 1509/2911/90 1521/2914/939 1550/2915/939
f 1550/2915/939 1549/2912/90 1509/2911/90
f 1521/2914/939 1520/2916/940 1551/2917/940
f 1551/2917/940 1550/2915/939 1521/2914/939
f 1520/2918/940 1519/2919/595 1552/2920/595
f 1552/2920/595 1551/2921/940 1520/2918/940
f 1519/2919/595 1518/2922/941 1553/2923/942
f 1553/2923/942 1552/2920/595 1519/2919/595
f 1518/2922/941 1517/2924/943 1554/2925/943
f 1554/2925/943 1553/2923/942 1518/2922/941
f 1517/2926/943 1516/2927/944 1555/2928/944
f 1555/2928/944 1554/2929/943 1517/2926/943
f 1516/2927/944 1515/2930/945 1556/2931/945
f 1556/2931/945 1555/2928/944 1516/2927/944
f 1515/2930/945 1514/2932/946 1557/2933/947
f 1557/2933/947 1556/2931/945 1515/2930/945
f 1514/2934/946 1513/2935/948 1558/2936/949
f 1558/2936/949 1557/2937/947 1514/2934/946
f 1513/2935/948 1512/2938/602 1559/2939/602
f 1559/2939/602 1558/2936/949 1513/2935/948
f 1512/2938/602 1511/2940/950 1560/2941/950
f 1560/2941/950 1559/2939/602 1512/2938/602
f 1511/2942/950 1510/2910/938 1548/2913/938
f 1548/2913/938 1560/2943/950 1511/2942/950
f 1561/2854/113 1535/2944/113 1536/2945/605
f 1536/2945/605 1562/2855/605 1561/2854/113
f 1562/2855/605 1536/2945/605 1537/2946/606
f 1537/2946/606 1563/2858/606 1562/2855/605
f 1563/2858/606 1537/2946/606 1538/2947/951
f 1538/2947/951 1564/2860/952 1563/2858/606
f 1564/2948/952 1538/2896/951 1539/2898/953
f 1539/2898/953 1565/2949/953 1564/2948/952
f 1565/2950/953 1539/2951/953 1540/2901/609
f 1540/2901/609 1566/2952/609 1565/2950/953
f 1566/2952/609 1540/2901/609 1541/2900/954
f 1541/2900/954 1567/2953/954 1566/2952/609
f 1567/2953/954 1541/2900/954 1542/2902/955
f 1542/2902/955 1568/2954/955 1567/2953/954
f 1568/2954/955 1542/2902/955 1543/2903/612
f 1543/2903/612 1569/2955/612 1568/2954/955
f 1569/2955/612 1543/2903/612 1544/2956/613
f 1544/2956/613 1570/2957/613 1569/2955/612
f 1570/2958/613 1544/2904/613 1545/2906/956
f 1545/2906/956 1571/2959/956 1570/2958/613
f 1571/2874/956 1545/2960/956 1546/2961/615
f 1546/2961/615 1572/2876/615 1571/2874/956
f 1572/2876/615 1546/2961/615 1547/2962/616
f 1547/2962/616 1573/2878/616 1572/2876/615
f 1573/2878/616 1547/2962/616 1535/2944/113
f 1535/2944/113 1561/2854/113 1573/2878/616
f 1574/2963/957 1548/2913/957 1549/2912/958
f 1549/2912/958 1575/2964/958 1574/2963/957
f 1575/2964/958 1549/2912/958 1550/2915/959
f 1550/2915/959 1576/2965/960 1575/2964/958
f 1576/2965/960 1550/2915/959 1551/2917/620
f 1551/2917/620 1577/2966/620 1576/2965/960
f 1577/2967/620 1551/2921/620 1552/2920/961
f 1552/2920/961 1578/2968/622 1577/2967/620
f 1578/2968/622 1552/2920/961 1553/2923/962
f 1553/2923/962 1579/2969/962 1578/2968/622
f 1579/2873/962 1553/2970/962 1554/2971/624
f 1554/2971/624 1580/2871/624 1579/2873/962
f 1580/2871/624 1554/2971/624 1555/2972/625
f 1555/2972/625 1581/2869/625 1580/2871/624
f 1581/2869/625 1555/2972/625 1556/2973/626
f 1556/2973/626 1582/2867/626 1581/2869/625
f 1582/2867/626 1556/2973/626 1557/2974/627
f 1557/2974/627 1583/2865/627 1582/2867/626
f 1583/2865/627 1557/2974/627 1558/2975/963
f 1558/2975/963 1584/2863/964 1583/2865/627
f 1584/2863/964 1558/2975/963 1559/2976/965
f 1559/2976/965 1585/2861/965 1584/2863/964
f 1585/2977/965 1559/2939/965 1560/2941/631
f 1560/2941/631 1586/2978/631 1585/2977/965
f 1586/2979/631 1560/2943/631 1548/2913/957
f 1548/2913/957 1574/2963/957 1586/2979/631
f 1587/2980/966 1596/2981/967 1595/2982/967
f 1589/2983/968 1596/2981/967 1588/2984/966
f 1590/2985/968 1597/2986/967 1589/2983/968
f 1591/2987/969 1598/2988/969 1590/2989/969
f 1592/2990/970 1599/2991/971 1591/2992/970
f 1593/2993/972 1600/2994/971 1592/2990/970
f 1593/2993/972 1602/2995/971 1601/2996/971
f 1594/2997/973 1595/2998/973 1602/2999/973
f 1595/3000/967 1604/3001/972 1603/3002/972
f 1597/3003/967 1604/3001/972 1596/3004/967
f 1597/3003/967 1606/3005/970 1605/3006/970
f 1599/3007/969 1606/3008/969 1598/2988/969
f 1599/3009/971 1608/3010/968 1607/3011/968
f 1601/3012/971 1608/3010/968 1600/3013/971
f 1602/3014/971 1609/3015/966 1601/3012/971
f 1595/2998/973 1610/3016/973 1602/2999/973
f 1603/3017/972 1612/3018/971 1611/3019/971
f 1605/3020/970 1612/3018/971 1604/3021/972
f 1606/3022/970 1613/3023/971 1605/3020/970
f 1607/3024/969 1614/3025/969 1606/3008/969
f 1608/3026/968 1615/3027/967 1607/3028/968
f 1609/3029/966 1616/3030/967 1608/3026/968
f 1609/3029/966 1618/3031/967 1617/3032/967
f 1603/3033/973 1618/3034/973 1610/3016/973
f 1611/3035/971 1588/3036/966 1587/3037/966
f 1613/3038/971 1588/3036/966 1612/3039/971
f 1614/3040/971 1589/3041/968 1613/3038/971
f 1615/3042/969 1590/2989/969 1614/3025/969
f 1616/3043/967 1591/3044/970 1615/3045/967
f 1617/3046/967 1592/3047/970 1616/3043/967
f 1617/3046/967 1594/3048/972 1593/3049/972
f 1611/3050/973 1594/2997/973 1618/3034/973
f 1620/3051/968 1627/3052/967 1619/3053/968
f 1620/3051/968 1629/3054/967 1628/3055/967
f 1621/3056/968 1630/3057/967 1629/3054/967
f 1623/3058/969 1630/3059/969 1622/3060/969
f 1624/3061/972 1631/3062/974 1623/3063/975
f 1624/3061/972 1633/3064/971 1632/3065/971
f 1626/3066/972 1633/3064/971 1625/3067/972
f 1626/3068/973 1627/3069/973 1634/3070/973
f 1628/3071/967 1635/3072/972 1627/3073/967
f 1629/3074/967 1636/3075/972 1628/3071/967
f 1629/3074/967 1638/3076/972 1637/3077/972
f 1631/3078/969 1638/3079/969 1630/3059/969
f 1632/3080/971 1639/3081/968 1631/3082/974
f 1633/3083/971 1640/3084/968 1632/3080/971
f 1634/3085/971 1641/3086/968 1633/3083/971
f 1627/3069/973 1642/3087/973 1634/3070/973
f 1635/3088/972 1644/3089/971 1643/3090/971
f 1636/3091/972 1645/3092/971 1644/3089/971
f 1638/3093/972 1645/3092/971 1637/3094/972
f 1639/3095/969 1646/3096/969 1638/3079/969
f 1639/3097/968 1648/3098/967 1647/3099/967
f 1640/3100/968 1649/3101/967 1648/3098/967
f 1641/3102/968 1650/3103/967 1649/3101/967
f 1642/3087/973 1643/3104/973 1650/3105/973
f 1644/3106/971 1619/3107/968 1643/3108/971
f 1645/3109/971 1620/3110/968 1644/3106/971
f 1646/3111/971 1621/3112/968 1645/3109/971
f 1647/3113/969 1622/3060/969 1646/3096/969
f 1648/3114/967 1623/3115/975 1647/3116/967
f 1649/3117/967 1624/3118/972 1648/3114/967
f 1650/3119/967 1625/3120/972 1649/3117/967
f 1650/3105/973 1619/3121/973 1626/3068/973
f 4/1/1 5/4/1 2/2/1
f 5/4/1 6/8/1 3/5/1
f 7/6/1 8/7/1 5/4/1
f 8/7/1 9/11/1 6/8/1
f 10/9/1 11/10/1 8/7/1
f 11/10/1 12/3122/1 9/11/1
f 14/12/2 17/16/2 16/13/2
f 15/15/2 18/18/2 17/16/2
f 17/16/2 20/19/2 19/17/2
f 18/18/2 21/21/2 20/19/2
f 20/19/2 23/22/2 22/20/2
f 21/21/2 24/3123/2 23/22/2
f 67/23/3 68/3124/3 69/24/3
f 72/26/3 73/3125/3 74/27/3
f 75/29/4 76/3126/4 77/30/4
f 80/32/4 81/3127/4 82/33/4
f 3/35/5 6/39/5 28/36/6
f 9/38/5 29/41/6 28/36/6
f 12/40/5 30/44/7 29/41/6
f 27/37/7 28/36/6 18/42/8
f 29/41/6 21/45/8 18/42/8
f 30/44/7 24/3128/8 21/45/8
f 83/46/9 84/3129/9 85/47/9
f 88/49/9 89/3130/9 90/50/9
f 91/52/10 92/3131/10 93/53/10
f 96/55/10 97/3132/10 98/56/10
f 10/58/11 7/62/11 33/59/12
f 4/61/11 34/64/12 33/59/12
f 1/63/11 25/67/13 34/64/12
f 32/60/13 33/59/12 19/65/14
f 34/64/12 16/68/14 19/65/14
f 25/67/13 13/3133/14 16/68/14
f 12/69/9 11/73/9 36/70/9
f 31/72/9 37/75/9 36/70/9
f 31/72/9 30/76/9 38/74/9
f 12/69/9 35/71/9 38/74/9
f 10/77/9 40/80/9 39/78/9
f 10/77/9 32/81/9 41/79/9
f 31/72/9 42/82/9 41/79/9
f 11/73/9 39/78/9 42/82/9
f 1/83/3 2/86/3 44/84/3
f 2/86/3 26/88/3 45/87/3
f 26/88/3 25/90/3 46/89/3
f 1/83/3 43/85/3 46/89/3
f 3/91/3 48/94/3 47/92/3
f 3/91/3 27/95/3 49/93/3
f 26/88/3 50/96/3 49/93/3
f 26/88/3 2/86/3 47/92/3
f 25/90/4 26/88/4 52/97/4
f 14/99/4 53/101/4 52/97/4
f 14/99/4 13/102/4 54/100/4
f 25/90/4 51/98/4 54/100/4
f 27/95/4 56/105/4 55/103/4
f 27/95/4 15/106/4 57/104/4
f 14/99/4 58/107/4 57/104/4
f 26/88/4 55/103/4 58/107/4
f 30/76/10 31/72/10 60/108/10
f 23/110/10 61/112/10 60/108/10
f 23/110/10 24/113/10 62/111/10
f 30/76/10 59/109/10 62/111/10
f 32/81/10 64/116/10 63/114/10
f 32/81/10 22/117/10 65/115/10
f 23/110/10 66/118/10 65/115/10
f 31/72/10 63/114/10 66/118/10
f 44/119/15 68/3134/15 67/120/15
f 45/122/16 69/3135/16 68/123/16
f 46/125/17 70/3136/17 69/126/17
f 46/128/18 43/3137/18 67/129/18
f 48/131/15 72/3138/15 71/132/15
f 49/134/19 73/3139/19 72/135/19
f 50/137/17 74/3140/17 73/138/17
f 50/140/20 47/3141/20 71/141/20
f 52/143/21 76/3142/21 75/144/21
f 53/146/16 77/3143/16 76/147/16
f 54/149/22 78/3144/22 77/150/22
f 54/152/23 51/3145/23 75/153/23
f 56/155/21 80/3146/21 79/156/21
f 57/158/24 81/3147/24 80/159/24
f 58/161/22 82/3148/22 81/162/22
f 58/164/20 55/3149/20 79/165/20
f 36/167/25 84/3150/25 83/168/25
f 37/170/20 85/3151/20 84/171/20
f 38/173/26 86/3152/26 85/174/26
f 38/176/27 35/3153/27 83/177/27
f 40/179/25 88/3154/25 87/180/25
f 41/182/28 89/3155/28 88/183/28
f 42/185/26 90/3156/26 89/186/26
f 42/188/16 39/3157/16 87/189/16
f 60/191/29 92/3158/29 91/192/29
f 61/194/20 93/3159/20 92/195/20
f 62/197/30 94/3160/30 93/198/30
f 62/200/31 59/3161/31 91/201/31
f 64/203/29 96/3162/29 95/204/29
f 65/206/32 97/3163/32 96/207/32
f 66/209/30 98/3164/30 97/210/30
f 66/212/16 63/3165/16 95/213/16
f 108/215/33 112/239/33 102/216/33
f 117/218/34 121/250/34 119/219/34
f 110/221/16 118/253/16 103/222/16
f 114/224/35 122/3166/35 104/225/35
f 113/227/20 111/257/20 120/228/20
f 107/230/36 116/244/36 105/231/36
f 107/234/45 101/237/45 112/239/45
f 111/238/46 113/3167/46 102/216/46
f 102/240/47 114/224/47 109/226/48
f 100/217/49 110/3168/49 99/233/50
f 115/220/51 103/3169/51 118/246/51
f 104/245/52 122/251/52 121/250/52
f 106/249/53 120/3170/53 119/219/53
f 105/231/54 116/244/54 115/243/54
f 110/221/55 109/3171/55 104/252/55
f 116/254/56 107/3172/56 99/223/56
f 114/255/57 113/227/57 106/229/57
f 111/257/59 101/3173/59 105/258/59
f 136/259/60 126/296/60 124/260/60
f 141/262/61 145/293/61 143/263/61
f 123/265/62 134/299/62 142/266/62
f 138/268/63 146/3174/63 128/269/63
f 135/271/64 144/305/64 130/272/64
f 131/274/65 140/287/65 129/275/65
f 131/278/74 125/281/74 136/259/74
f 136/259/75 135/282/75 137/295/75
f 138/268/76 133/270/76 124/279/76
f 124/260/77 134/3175/77 123/277/77
f 127/297/78 142/289/79 141/262/79
f 141/262/80 128/288/80 146/294/80
f 145/293/81 130/292/81 144/298/82
f 143/290/83 129/275/83 140/287/83
f 134/299/84 133/3176/84 128/300/84
f 140/301/85 131/3177/86 123/265/86
f 137/273/87 130/272/87 146/302/87
f 135/271/88 125/3178/88 129/304/89
f 156/306/90 160/330/90 150/307/90
f 165/309/91 169/341/91 167/310/91
f 158/312/20 166/348/20 151/313/20
f 162/315/92 170/3179/92 152/316/92
f 161/318/16 159/352/16 168/319/16
f 155/321/93 164/335/93 153/322/93
f 155/325/102 149/328/102 160/330/102
f 160/330/103 159/329/103 161/343/104
f 162/315/105 157/317/106 148/326/106
f 158/344/107 147/324/108 156/306/108
f 151/345/109 166/337/110 165/309/110
f 152/336/111 170/342/111 169/341/111
f 169/341/112 154/340/112 168/346/112
f 153/322/113 164/335/113 163/334/113
f 158/312/114 157/3180/114 152/347/114
f 151/333/115 164/335/115 155/321/115
f 161/318/116 154/320/116 170/350/116
f 159/352/117 149/3181/117 153/353/118
f 184/354/119 174/390/119 172/355/119
f 189/357/120 193/388/120 191/358/120
f 182/360/64 190/394/64 175/361/64
f 186/363/121 194/3182/121 176/364/121
f 185/366/62 183/399/62 192/367/62
f 179/369/122 188/382/122 177/370/122
f 179/373/131 173/376/131 184/354/131
f 183/377/132 185/3183/132 174/390/132
f 186/363/133 181/365/133 172/374/133
f 172/355/134 182/3184/134 171/372/134
f 175/391/135 190/384/135 189/357/135
f 189/357/136 176/383/136 194/389/136
f 193/388/137 178/387/137 192/392/137
f 177/370/138 188/382/138 187/381/138
f 181/393/139 176/3185/139 190/394/139
f 175/361/140 188/3186/140 179/395/140
f 186/396/141 185/366/141 178/368/141
f 173/398/142 177/3187/142 192/367/142
f 596/1175/2 595/3188/2 599/1173/2
f 599/1173/2 598/3189/2 597/1174/2
f 595/1176/414 596/3190/416 601/1177/415
f 596/1179/416 597/3191/417 602/1180/417
f 598/1182/418 603/3192/420 602/1183/417
f 599/1185/419 604/1189/421 603/1186/420
f 595/1188/414 600/3193/414 604/1189/421
f 602/1192/1 603/3194/1 604/1190/1
f 604/1190/1 600/3195/1 601/1191/1
f 606/1195/2 605/3196/2 609/1193/2
f 609/1193/2 608/3197/2 607/1194/2
f 605/1196/414 606/3198/416 611/1197/415
f 606/1199/416 607/3199/417 612/1200/417
f 608/1202/418 613/3200/420 612/1203/417
f 609/1205/419 614/1209/421 613/1206/420
f 605/1208/414 610/3201/414 614/1209/421
f 612/1212/1 613/3202/1 614/1210/1
f 614/1210/1 610/3203/1 611/1211/1
f 616/1215/2 615/3204/2 619/1213/2
f 619/1213/2 618/3205/2 617/1214/2
f 615/1216/414 616/3206/416 621/1217/415
f 616/1219/416 617/3207/417 622/1220/417
f 618/1222/418 623/3208/420 622/1223/417
f 619/1225/419 624/1229/421 623/1226/420
f 615/1228/414 620/3209/414 624/1229/421
f 622/1232/1 623/3210/1 624/1230/1
f 624/1230/1 620/3211/1 621/1231/1
f 626/1235/2 625/3212/2 629/1233/2
f 629/1233/2 628/3213/2 627/1234/2
f 625/1236/414 626/3214/416 631/1237/415
f 626/1239/416 627/3215/417 632/1240/417
f 628/1242/418 633/3216/420 632/1243/417
f 629/1245/419 634/1249/421 633/1246/420
f 625/1248/414 630/3217/414 634/1249/421
f 632/1252/1 633/3218/1 634/1250/1
f 634/1250/1 630/3219/1 631/1251/1
f 636/1255/2 635/3220/2 639/1253/2
f 639/1253/2 638/3221/2 637/1254/2
f 635/1256/414 636/3222/416 641/1257/415
f 636/1259/416 637/3223/417 642/1260/417
f 638/1262/418 643/3224/420 642/1263/417
f 639/1265/421 644/1269/421 643/1266/420
f 639/1265/421 635/3225/414 640/1268/414
f 642/1272/1 643/3226/1 644/1270/1
f 644/1270/1 640/3227/1 641/1271/1
f 646/1275/2 645/3228/2 649/1273/2
f 649/1273/2 648/3229/2 647/1274/2
f 645/1276/414 646/3230/416 651/1277/415
f 646/1279/416 647/3231/417 652/1280/417
f 648/1282/418 653/3232/420 652/1283/417
f 649/1285/419 654/1289/421 653/1286/420
f 645/1288/414 650/3233/414 654/1289/421
f 652/1292/1 653/3234/1 654/1290/1
f 654/1290/1 650/3235/1 651/1291/1
f 656/1295/2 655/3236/2 659/1293/2
f 659/1293/2 658/3237/2 657/1294/2
f 655/1296/414 656/3238/416 661/1297/415
f 656/1299/416 657/3239/417 662/1300/417
f 658/1302/418 663/3240/420 662/1303/417
f 659/1305/421 664/1309/421 663/1306/420
f 659/1305/421 655/3241/414 660/1308/414
f 662/1312/1 663/3242/1 664/1310/1
f 664/1310/1 660/3243/1 661/1311/1
f 666/1315/2 665/3244/2 669/1313/2
f 669/1313/2 668/3245/2 667/1314/2
f 665/1316/414 666/3246/416 671/1317/415
f 666/1319/416 667/3247/417 672/1320/417
f 668/1322/418 673/3248/420 672/1323/417
f 669/1325/419 674/1329/421 673/1326/420
f 665/1328/414 670/3249/414 674/1329/421
f 672/1332/1 673/3250/1 674/1330/1
f 674/1330/1 670/3251/1 671/1331/1
f 676/1335/2 675/3252/2 679/1333/2
f 679/1333/2 678/3253/2 677/1334/2
f 675/1336/414 676/3254/416 681/1337/415
f 676/1339/416 677/3255/417 682/1340/417
f 678/1342/418 683/3256/420 682/1343/417
f 679/1345/419 684/1349/421 683/1346/420
f 675/1348/414 680/3257/414 684/1349/421
f 682/1352/1 683/3258/1 684/1350/1
f 684/1350/1 680/3259/1 681/1351/1
f 686/1355/2 685/3260/2 689/1353/2
f 689/1353/2 688/3261/2 687/1354/2
f 685/1356/414 686/3262/416 691/1357/415
f 686/1359/416 687/3263/417 692/1360/417
f 688/1362/418 693/3264/420 692/1363/417
f 689/1365/419 694/1369/421 693/1366/420
f 685/1368/414 690/3265/414 694/1369/421
f 692/1372/1 693/3266/1 694/1370/1
f 694/1370/1 690/3267/1 691/1371/1
f 696/1375/2 695/3268/2 699/1373/2
f 699/1373/2 698/3269/976 697/1374/2
f 695/1376/414 696/3270/416 701/1377/415
f 696/1379/416 697/3271/417 702/1380/417
f 698/1382/418 703/3272/420 702/1383/417
f 699/1385/419 704/1389/421 703/1386/420
f 695/1388/414 700/3273/414 704/1389/421
f 702/1392/1 703/3274/1 704/1390/1
f 704/1390/1 700/3275/1 701/1391/1
f 706/1395/2 705/3276/2 709/1393/2
f 709/1393/2 708/3277/2 707/1394/2
f 705/1396/414 706/3278/416 711/1397/415
f 706/1399/416 707/3279/417 712/1400/417
f 708/1402/418 713/3280/420 712/1403/417
f 709/1405/419 714/1409/421 713/1406/420
f 705/1408/414 710/3281/414 714/1409/421
f 712/1412/1 713/3282/1 714/1410/1
f 714/1410/1 710/3283/1 711/1411/1
f 716/1415/2 715/3284/2 719/1413/2
f 719/1413/2 718/3285/2 717/1414/2
f 715/1416/414 716/3286/416 721/1417/415
f 716/1419/416 717/3287/417 722/1420/417
f 718/1422/418 723/3288/420 722/1423/417
f 719/1425/419 724/1429/421 723/1426/420
f 715/1428/414 720/3289/414 724/1429/421
f 722/1432/1 723/3290/1 724/1430/1
f 724/1430/1 720/3291/1 721/1431/1
f 726/1435/2 725/3292/2 729/1433/2
f 729/1433/2 728/3293/2 727/1434/2
f 725/1436/414 726/3294/416 731/1437/415
f 726/1439/416 727/3295/417 732/1440/417
f 728/1442/418 733/3296/420 732/1443/417
f 729/1445/419 734/1449/421 733/1446/420
f 725/1448/414 730/3297/414 734/1449/421
f 732/1452/1 733/3298/1 734/1450/1
f 734/1450/1 730/3299/1 731/1451/1
f 736/1455/2 735/3300/2 739/1453/2
f 739/1453/2 738/3301/2 737/1454/2
f 735/1456/414 736/3302/416 741/1457/415
f 736/1459/416 737/3303/417 742/1460/417
f 738/1462/418 743/3304/420 742/1463/417
f 739/1465/419 744/1469/421 743/1466/420
f 735/1468/414 740/3305/414 744/1469/421
f 742/1472/1 743/3306/1 744/1470/1
f 744/1470/1 740/3307/1 741/1471/1
f 746/1475/2 745/3308/2 749/1473/2
f 749/1473/2 748/3309/2 747/1474/2
f 745/1476/414 746/3310/416 751/1477/415
f 746/1479/416 747/3311/417 752/1480/417
f 748/1482/418 753/3312/420 752/1483/417
f 749/1485/419 754/1489/421 753/1486/420
f 745/1488/414 750/3313/414 754/1489/421
f 752/1492/1 753/3314/1 754/1490/1
f 754/1490/1 750/3315/1 751/1491/1
f 1587/2980/966 1588/2984/966 1596/2981/967
f 1589/2983/968 1597/2986/967 1596/2981/967
f 1590/2985/968 1598/3316/967 1597/2986/967
f 1591/2987/969 1599/3007/969 1598/2988/969
f 1592/2990/970 1600/2994/971 1599/2991/971
f 1593/2993/972 1601/2996/971 1600/2994/971
f 1593/2993/972 1594/3317/972 1602/2995/971
f 1594/2997/973 1587/3318/973 1595/2998/973
f 1595/3000/967 1596/3004/967 1604/3001/972
f 1597/3003/967 1605/3006/970 1604/3001/972
f 1597/3003/967 1598/3319/967 1606/3005/970
f 1599/3007/969 1607/3024/969 1606/3008/969
f 1599/3009/971 1600/3013/971 1608/3010/968
f 1601/3012/971 1609/3015/966 1608/3010/968
f 1602/3014/971 1610/3320/966 1609/3015/966
f 1595/2998/973 1603/3033/973 1610/3016/973
f 1603/3017/972 1604/3021/972 1612/3018/971
f 1605/3020/970 1613/3023/971 1612/3018/971
f 1606/3022/970 1614/3321/971 1613/3023/971
f 1607/3024/969 1615/3042/969 1614/3025/969
f 1608/3026/968 1616/3030/967 1615/3027/967
f 1609/3029/966 1617/3032/967 1616/3030/967
f 1609/3029/966 1610/3322/966 1618/3031/967
f 1603/3033/973 1611/3050/973 1618/3034/973
f 1611/3035/971 1612/3039/971 1588/3036/966
f 1613/3038/971 1589/3041/968 1588/3036/966
f 1614/3040/971 1590/3323/968 1589/3041/968
f 1615/3042/969 1591/2987/969 1590/2989/969
f 1616/3043/967 1592/3047/970 1591/3044/970
f 1617/3046/967 1593/3049/972 1592/3047/970
f 1617/3046/967 1618/3324/967 1594/3048/972
f 1611/3050/973 1587/3318/973 1594/2997/973
f 1620/3051/968 1628/3055/967 1627/3052/967
f 1620/3051/968 1621/3056/968 1629/3054/967
f 1621/3056/968 1622/3325/968 1630/3057/967
f 1623/3058/969 1631/3078/969 1630/3059/969
f 1624/3061/972 1632/3065/971 1631/3062/974
f 1624/3061/972 1625/3067/972 1633/3064/971
f 1626/3066/972 1634/3326/971 1633/3064/971
f 1626/3068/973 1619/3121/973 1627/3069/973
f 1628/3071/967 1636/3075/972 1635/3072/972
f 1629/3074/967 1637/3077/972 1636/3075/972
f 1629/3074/967 1630/3327/967 1638/3076/972
f 1631/3078/969 1639/3095/969 1638/3079/969
f 1632/3080/971 1640/3084/968 1639/3081/968
f 1633/3083/971 1641/3086/968 1640/3084/968
f 1634/3085/971 1642/3328/968 1641/3086/968
f 1627/3069/973 1635/3329/973 1642/3087/973
f 1635/3088/972 1636/3091/972 1644/3089/971
f 1636/3091/972 1637/3094/972 1645/3092/971
f 1638/3093/972 1646/3330/971 1645/3092/971
f 1639/3095/969 1647/3113/969 1646/3096/969
f 1639/3097/968 1640/3100/968 1648/3098/967
f 1640/3100/968 1641/3102/968 1649/3101/967
f 1641/3102/968 1642/3331/968 1650/3103/967
f 1642/3087/973 1635/3329/973 1643/3104/973
f 1644/3106/971 1620/3110/968 1619/3107/968
f 1645/3109/971 1621/3112/968 1620/3110/968
f 1646/3111/971 1622/3332/968 1621/3112/968
f 1647/3113/969 1623/3058/969 1622/3060/969
f 1648/3114/967 1624/3118/972 1623/3115/975
f 1649/3117/967 1625/3120/972 1624/3118/972
f 1650/3119/967 1626/3333/972 1625/3120/972
f 1650/3105/973 1643/3104/973 1619/3121/973
